date,campaign_id,campaign_name,channel,region,weather_severity_index,impressions,clicks,spend_cad,conversions,revenue_cad,cpm_cad,cpc_cad,roas
2025-12-22,CMP1002,Premium_Upgrade_Q1,Connected TV,Quebec,0.871,48337,951.5,702.84,22.1,1481.14,14.54,0.739,2.107
2025-11-29,CMP1004,Brand_Lift_National,Connected TV,Quebec,0.374,36764,539.9,248.47,25.07,1746.93,6.76,0.46,7.031
2025-12-11,CMP1006,Spring_Forecast_Launch,Display,British Columbia,0.982,83195,1353.7,759.46,56.94,2276.05,9.13,0.561,2.997
2025-12-29,CMP1007,B2B_Partner_Coop,Native,Quebec,0.631,28025,393.2,192.39,14.2,1242.95,6.86,0.489,6.461
2026-01-25,CMP1001,App_Download_Push,Connected TV,Ontario,0.644,27829,163.5,241.77,7.48,341.87,8.69,1.479,1.414
2026-02-22,CMP1002,Premium_Upgrade_Q1,Native,Atlantic,0.625,11868,100.9,82.78,0.73,62.53,6.98,0.82,0.755
2025-11-17,CMP1003,Severe_Weather_Awareness,Native,Quebec,0.137,66151,991.5,612.47,47.27,3206.33,9.26,0.618,5.235
2026-03-26,CMP1002,Premium_Upgrade_Q1,Search,Atlantic,0.595,66899,669.7,696.72,20.42,1612.77,10.41,1.04,2.315
2026-04-25,CMP1001,App_Download_Push,Video,Ontario,0.536,43849,926.7,485.54,38.86,2664.81,11.07,0.524,5.488
2026-03-14,CMP1000,Winter_Storm_Alert_Promo,Display,Quebec,0.557,91035,2148.9,628.29,91.19,6240.76,6.9,0.292,9.933
2026-04-06,CMP1006,Spring_Forecast_Launch,Video,Ontario,0.315,48271,683.4,429.05,16.06,1178.0,8.89,0.628,2.746
2026-02-19,CMP1007,B2B_Partner_Coop,Search,British Columbia,0.729,71098,1355.7,784.22,90.77,5979.09,11.03,0.578,7.624
2026-01-07,CMP1007,B2B_Partner_Coop,Connected TV,Ontario,1.0,44882,488.9,311.9,19.62,1367.61,6.95,0.638,4.385
2025-12-19,CMP1007,B2B_Partner_Coop,Connected TV,Atlantic,0.843,59852,591.8,480.97,36.11,2477.63,8.04,0.813,5.151
2026-02-07,CMP1000,Winter_Storm_Alert_Promo,Connected TV,British Columbia,0.895,50105,964.0,341.82,46.54,2616.99,6.82,0.355,7.656
2026-01-21,CMP1005,Local_News_Sponsorship,Native,British Columbia,0.92,31821,540.7,221.04,15.48,856.03,6.95,0.409,3.873
2026-02-13,CMP1001,App_Download_Push,Connected TV,Quebec,0.8,61898,238.3,360.37,7.4,709.51,5.82,1.512,1.969
2026-01-20,CMP1005,Local_News_Sponsorship,Search,Quebec,0.941,38429,827.0,350.43,39.02,2727.1,9.12,0.424,7.782
2025-12-19,CMP1005,Local_News_Sponsorship,Connected TV,Atlantic,0.843,63913,1540.0,184.76,44.21,2145.03,2.89,0.12,11.61
2026-04-03,CMP1000,Winter_Storm_Alert_Promo,Display,Alberta,0.601,58087,827.9,634.36,14.44,1102.53,10.92,0.766,1.738
2026-02-10,CMP1000,Winter_Storm_Alert_Promo,Native,Alberta,0.709,69926,1605.6,1065.66,39.95,3295.68,15.24,0.664,3.093
2026-01-25,CMP1001,App_Download_Push,Display,Quebec,0.644,19506,228.9,139.72,7.94,566.65,7.16,0.61,4.056
2026-04-08,CMP1000,Winter_Storm_Alert_Promo,Connected TV,Alberta,0.4,70432,2170.2,744.54,73.87,5229.25,10.57,0.343,7.023
2026-01-02,CMP1003,Severe_Weather_Awareness,Connected TV,Ontario,0.632,70142,1466.8,407.65,57.3,7196.15,5.81,0.278,17.653
2025-11-27,CMP1000,Winter_Storm_Alert_Promo,Video,Quebec,0.377,71956,954.6,298.83,23.06,1645.73,4.15,0.313,5.507
2026-02-21,CMP1001,App_Download_Push,Search,Alberta,0.763,65639,1138.5,497.97,15.58,1155.47,7.59,0.437,2.32
2026-01-26,CMP1005,Local_News_Sponsorship,Native,Ontario,0.704,45209,757.0,558.49,18.59,1588.52,12.35,0.738,2.844
2026-02-23,CMP1007,B2B_Partner_Coop,Display,Alberta,0.77,49424,441.3,118.65,10.86,762.35,2.4,0.269,6.425
2026-03-14,CMP1004,Brand_Lift_National,Video,Ontario,0.557,48408,152.3,281.95,2.84,229.77,5.82,1.851,0.815
2025-11-27,CMP1003,Severe_Weather_Awareness,Display,Quebec,0.377,53990,990.4,443.31,42.43,1860.42,8.21,0.448,4.197
2025-12-01,CMP1000,Winter_Storm_Alert_Promo,Native,Quebec,0.68,82491,1985.8,1073.19,83.44,4904.37,13.01,0.54,4.57
2026-01-29,CMP1004,Brand_Lift_National,Native,Alberta,0.875,27250,503.9,249.28,14.92,624.04,9.15,0.495,2.503
2026-01-12,CMP1007,B2B_Partner_Coop,Connected TV,Ontario,0.694,56824,1460.6,534.73,88.2,6683.95,9.41,0.366,12.5
2026-02-12,CMP1000,Winter_Storm_Alert_Promo,Search,British Columbia,0.805,92048,1693.8,855.94,62.5,2906.07,9.3,0.505,3.395
2025-12-14,CMP1001,App_Download_Push,Display,Atlantic,0.816,32479,483.8,269.46,16.41,1454.16,8.3,0.557,5.396
2026-01-06,CMP1005,Local_News_Sponsorship,Display,Alberta,0.77,56699,1106.0,556.21,75.47,4758.93,9.81,0.503,8.556
2025-11-19,CMP1004,Brand_Lift_National,Search,Quebec,0.142,55118,1370.6,347.72,47.89,3215.48,6.31,0.254,9.247
2025-12-26,CMP1001,App_Download_Push,Display,Alberta,0.931,53151,804.9,603.87,23.08,712.17,11.36,0.75,1.179
2025-12-12,CMP1006,Spring_Forecast_Launch,Display,Ontario,0.819,53697,750.7,330.64,26.91,371.35,6.16,0.44,1.123
2026-04-26,CMP1000,Winter_Storm_Alert_Promo,Search,Alberta,0.419,62589,921.0,596.05,38.08,3222.83,9.52,0.647,5.407
2025-11-29,CMP1002,Premium_Upgrade_Q1,Video,Ontario,0.374,25206,420.6,275.56,14.7,1198.58,10.93,0.655,4.35
2025-12-03,CMP1005,Local_News_Sponsorship,Native,British Columbia,0.811,26557,377.7,251.51,16.95,1480.12,9.47,0.666,5.885
2026-02-08,CMP1002,Premium_Upgrade_Q1,Native,Alberta,0.685,77414,279.1,281.96,7.69,535.26,3.64,1.01,1.898
2025-11-25,CMP1000,Winter_Storm_Alert_Promo,Video,Alberta,0.388,44323,754.4,144.06,21.28,1896.26,3.25,0.191,13.163
2026-04-21,CMP1004,Brand_Lift_National,Search,British Columbia,0.505,42664,803.9,377.13,46.87,3282.32,8.84,0.469,8.703
2026-03-19,CMP1006,Spring_Forecast_Launch,Connected TV,Quebec,0.363,38212,38.2,353.89,1.57,96.28,9.26,9.261,0.272
2026-03-19,CMP1003,Severe_Weather_Awareness,Connected TV,Alberta,0.363,55400,1065.7,724.53,43.81,2611.84,13.08,0.68,3.605
2026-03-12,CMP1006,Spring_Forecast_Launch,Video,Ontario,0.555,56280,1132.1,482.26,52.1,3544.07,8.57,0.426,7.349
2025-12-22,CMP1002,Premium_Upgrade_Q1,Native,Atlantic,0.871,55371,1048.3,1122.02,38.79,2207.58,20.26,1.07,1.968
2026-04-17,CMP1004,Brand_Lift_National,Video,Alberta,0.65,63298,599.7,545.65,7.69,642.19,8.62,0.91,1.177
2025-12-17,CMP1005,Local_News_Sponsorship,Search,British Columbia,0.82,47049,560.7,348.2,31.78,1685.28,7.4,0.621,4.84
2026-02-02,CMP1002,Premium_Upgrade_Q1,Video,British Columbia,0.952,61332,1294.9,503.63,60.0,5882.37,8.21,0.389,11.68
2026-01-12,CMP1000,Winter_Storm_Alert_Promo,Display,British Columbia,0.694,61987,774.0,407.81,37.19,1822.6,6.58,0.527,4.469
2026-03-14,CMP1004,Brand_Lift_National,Connected TV,Ontario,0.557,61088,471.7,508.41,18.03,1235.46,8.32,1.078,2.43
2025-11-30,CMP1003,Severe_Weather_Awareness,Display,Alberta,0.151,57180,793.0,1223.77,48.29,1457.68,21.4,1.543,1.191
2025-11-24,CMP1005,Local_News_Sponsorship,Native,Ontario,0.166,58762,1074.3,380.69,33.16,2903.09,6.48,0.354,7.626
2025-11-23,CMP1000,Winter_Storm_Alert_Promo,Display,British Columbia,0.383,40999,1024.4,380.79,49.62,3243.02,9.29,0.372,8.517
2025-12-13,CMP1002,Premium_Upgrade_Q1,Search,Alberta,0.669,53967,514.3,395.21,27.7,830.82,7.32,0.768,2.102
2026-04-10,CMP1001,App_Download_Push,Connected TV,Quebec,0.456,60503,862.1,413.34,30.83,3130.16,6.83,0.479,7.573
2026-01-26,CMP1000,Winter_Storm_Alert_Promo,Video,Quebec,0.704,76192,1404.3,1009.18,64.0,5055.94,13.25,0.719,5.01
2026-04-01,CMP1000,Winter_Storm_Alert_Promo,Native,Ontario,0.668,30651,621.3,284.28,25.36,2589.11,9.27,0.458,9.108
2025-12-14,CMP1006,Spring_Forecast_Launch,Connected TV,Atlantic,0.816,44076,1309.5,297.43,38.18,1598.11,6.75,0.227,5.373
2026-03-11,CMP1001,App_Download_Push,Search,Quebec,0.66,43597,699.3,330.9,43.68,5180.08,7.59,0.473,15.654
2026-01-27,CMP1000,Winter_Storm_Alert_Promo,Video,Ontario,0.948,141481,1594.6,1730.26,79.15,7915.84,12.23,1.085,4.575
2025-12-27,CMP1002,Premium_Upgrade_Q1,Display,Ontario,0.815,45477,794.3,499.36,22.39,1558.65,10.98,0.629,3.121
2026-04-05,CMP1000,Winter_Storm_Alert_Promo,Connected TV,Alberta,0.569,79255,1065.5,850.48,28.81,1296.22,10.73,0.798,1.524
2026-03-22,CMP1006,Spring_Forecast_Launch,Native,Alberta,0.353,41132,499.4,117.82,33.33,1602.52,2.86,0.236,13.601
2026-01-18,CMP1004,Brand_Lift_National,Display,Alberta,0.731,52533,304.5,682.88,10.69,668.52,13.0,2.243,0.979
2026-03-09,CMP1006,Spring_Forecast_Launch,Connected TV,Ontario,0.405,56558,1652.7,350.49,33.49,2394.79,6.2,0.212,6.833
2026-03-25,CMP1004,Brand_Lift_National,Video,Quebec,0.47,63064,1268.0,784.52,50.52,3618.94,12.44,0.619,4.613
2025-11-20,CMP1006,Spring_Forecast_Launch,Display,Atlantic,0.355,32463,808.0,261.23,37.74,2865.5,8.05,0.323,10.969
2026-01-12,CMP1001,App_Download_Push,Connected TV,British Columbia,0.694,49005,651.0,359.19,29.03,991.9,7.33,0.552,2.762
2025-11-02,CMP1005,Local_News_Sponsorship,Search,Alberta,0.14,62397,1807.4,498.37,17.98,1745.44,7.99,0.276,3.502
2026-03-24,CMP1000,Winter_Storm_Alert_Promo,Video,British Columbia,0.333,63388,510.3,442.66,12.41,738.02,6.98,0.867,1.667
2026-04-25,CMP1006,Spring_Forecast_Launch,Video,Quebec,0.536,53444,940.3,400.98,11.99,1005.01,7.5,0.426,2.506
2026-01-24,CMP1006,Spring_Forecast_Launch,Connected TV,Ontario,0.625,61489,625.9,473.78,36.08,3768.68,7.71,0.757,7.955
2026-04-03,CMP1003,Severe_Weather_Awareness,Display,Ontario,0.601,62015,765.6,585.35,15.62,1237.92,9.44,0.765,2.115
2025-11-18,CMP1005,Local_News_Sponsorship,Video,Atlantic,0.198,40884,758.3,243.67,24.39,1966.63,5.96,0.321,8.071
2026-04-05,CMP1003,Severe_Weather_Awareness,Display,British Columbia,0.569,50890,984.7,404.99,40.86,2255.61,7.96,0.411,5.57
2025-12-07,CMP1007,B2B_Partner_Coop,Display,British Columbia,0.618,61686,985.9,369.55,13.72,652.32,5.99,0.375,1.765
2026-04-04,CMP1004,Brand_Lift_National,Connected TV,British Columbia,0.634,64032,862.0,571.5,11.7,373.24,8.93,0.663,0.653
2025-11-26,CMP1006,Spring_Forecast_Launch,Video,Alberta,0.145,37679,395.6,488.48,21.09,1084.51,12.96,1.235,2.22
2025-12-14,CMP1001,App_Download_Push,Video,British Columbia,0.816,62496,493.1,840.01,12.64,1111.76,13.44,1.704,1.324
2025-11-07,CMP1006,Spring_Forecast_Launch,Native,Quebec,0.262,52826,219.4,426.37,3.64,307.41,8.07,1.943,0.721
2025-11-22,CMP1002,Premium_Upgrade_Q1,Native,Atlantic,0.317,48454,842.2,195.43,28.08,2251.6,4.03,0.232,11.521
2026-01-11,CMP1005,Local_News_Sponsorship,Video,Atlantic,0.837,41812,730.9,313.04,27.16,1664.42,7.49,0.428,5.317
2026-02-05,CMP1002,Premium_Upgrade_Q1,Search,Quebec,0.851,56612,856.0,330.76,43.95,3722.61,5.84,0.386,11.255
2026-04-04,CMP1006,Spring_Forecast_Launch,Display,Alberta,0.634,67309,1262.5,616.83,52.14,2435.39,9.16,0.489,3.948
2025-11-27,CMP1002,Premium_Upgrade_Q1,Search,British Columbia,0.377,60140,1444.0,254.6,47.83,3920.6,4.23,0.176,15.399
2026-01-30,CMP1001,App_Download_Push,Search,Ontario,0.87,73727,1797.6,394.61,45.7,4674.21,5.35,0.22,11.845
2026-03-15,CMP1004,Brand_Lift_National,Video,British Columbia,0.615,46232,338.7,246.05,14.17,855.26,5.32,0.726,3.476
2025-11-13,CMP1001,App_Download_Push,Search,Atlantic,0.34,37739,622.5,400.63,27.88,2514.06,10.62,0.644,6.275
2025-11-02,CMP1007,B2B_Partner_Coop,Native,Alberta,0.14,51841,848.9,509.35,24.98,1534.19,9.83,0.6,3.012
2025-11-29,CMP1002,Premium_Upgrade_Q1,Connected TV,British Columbia,0.374,28728,708.6,267.39,44.24,3810.67,9.31,0.377,14.252
2025-11-20,CMP1003,Severe_Weather_Awareness,Video,British Columbia,0.355,65115,623.6,511.12,7.56,416.76,7.85,0.82,0.815
2026-02-21,CMP1005,Local_News_Sponsorship,Connected TV,Alberta,0.763,59274,1506.2,437.75,62.23,3679.44,7.39,0.291,8.405
2026-01-17,CMP1001,App_Download_Push,Search,Atlantic,0.604,47573,934.7,267.71,21.59,842.2,5.63,0.286,3.146
2025-12-28,CMP1001,App_Download_Push,Search,Quebec,0.826,62303,630.3,419.48,27.01,2243.73,6.73,0.666,5.349
2026-02-12,CMP1006,Spring_Forecast_Launch,Search,British Columbia,0.805,86770,1539.3,918.09,60.69,3690.71,10.58,0.596,4.02
2025-11-09,CMP1003,Severe_Weather_Awareness,Native,Atlantic,0.317,44237,751.2,352.6,35.67,815.26,7.97,0.469,2.312
2025-12-03,CMP1001,App_Download_Push,Search,Alberta,0.811,60360,795.3,463.55,25.75,826.21,7.68,0.583,1.782
2026-04-22,CMP1001,App_Download_Push,Search,British Columbia,0.651,50121,471.7,450.22,17.43,669.9,8.98,0.955,1.488
2026-03-20,CMP1003,Severe_Weather_Awareness,Search,Alberta,0.502,157087,4154.8,2543.94,168.14,7596.39,16.19,0.612,2.986
2025-11-07,CMP1006,Spring_Forecast_Launch,Video,Quebec,0.262,55398,622.1,578.15,24.52,2447.25,10.44,0.929,4.233
2026-03-01,CMP1003,Severe_Weather_Awareness,Connected TV,Quebec,0.6,79344,1946.1,407.12,86.79,5483.62,5.13,0.209,13.469
2026-01-14,CMP1000,Winter_Storm_Alert_Promo,Search,Alberta,0.737,72645,1190.9,757.58,43.61,3565.63,10.43,0.636,4.707
2026-02-21,CMP1001,App_Download_Push,Native,Ontario,0.763,30125,238.3,234.26,10.17,735.58,7.78,0.983,3.14
2026-01-05,CMP1000,Winter_Storm_Alert_Promo,Video,British Columbia,0.64,8857,158.7,75.88,3.45,126.44,8.57,0.478,1.666
2026-04-23,CMP1003,Severe_Weather_Awareness,Search,Ontario,0.419,49108,494.2,433.28,24.51,1197.81,8.82,0.877,2.765
2026-03-23,CMP1000,Winter_Storm_Alert_Promo,Video,Atlantic,0.372,10750,316.8,114.19,9.9,633.24,10.62,0.36,5.545
2025-11-27,CMP1006,Spring_Forecast_Launch,Native,Atlantic,0.377,58078,921.9,481.49,24.88,1652.13,8.29,0.522,3.431
2025-12-20,CMP1001,App_Download_Push,Search,Atlantic  ,0.912,46240,46.2,355.3,0.91,63.24,7.68,7.684,0.178
2026-03-24,CMP1005,Local_News_Sponsorship,Display,Atlantic,0.333,39087,713.5,359.54,18.6,1327.14,9.2,0.504,3.691
2026-02-16,CMP1001,App_Download_Push,Search,British Columbia,0.765,57204,1051.1,383.14,31.23,2583.09,6.7,0.364,6.742
2026-01-08,CMP1005,Local_News_Sponsorship,Connected TV,Alberta,0.789,78549,2444.7,427.12,104.56,5973.01,5.44,0.175,13.984
2026-01-10,CMP1005,Local_News_Sponsorship,Search,Ontario,0.617,71363,1385.6,571.11,74.65,3628.87,8.0,0.412,6.354
2026-01-04,CMP1004,Brand_Lift_National,Search,Ontario,0.762,73181,1242.2,720.81,63.4,3180.76,9.85,0.58,4.413
2026-01-13,CMP1003,Severe_Weather_Awareness,Connected TV,Quebec,0.709,46981,526.0,217.47,13.87,794.7,4.63,0.413,3.654
2026-04-24,CMP1006,Spring_Forecast_Launch,Video,Alberta,0.658,77457,653.5,786.89,17.51,809.56,10.16,1.204,1.029
2026-01-12,CMP1003,Severe_Weather_Awareness,Display,Atlantic,0.694,70969,498.4,687.44,10.6,598.28,9.69,1.379,0.87
2026-04-20,CMP1001,App_Download_Push,Search,British Columbia,0.615,60363,948.6,350.76,37.36,1640.92,5.81,0.37,4.678
2025-11-23,CMP1006,Spring_Forecast_Launch,Video,Alberta,0.383,55345,608.2,511.41,27.18,1628.89,9.24,0.841,3.185
2026-02-13,CMP1006,Spring_Forecast_Launch,Video,Quebec,0.8,49577,1403.5,591.79,63.6,3045.28,11.94,0.422,5.146
2026-01-02,CMP1001,App_Download_Push,Native,Atlantic,0.632,59563,346.9,575.37,16.68,1260.4,9.66,1.658,2.191
2026-04-18,CMP1000,Winter_Storm_Alert_Promo,Search,Alberta,0.601,98590,1101.9,723.46,51.02,3765.04,7.34,0.657,5.204
2026-03-03,CMP1006,Spring_Forecast_Launch,Video,Quebec,0.369,63657,1051.2,427.29,30.36,3108.31,6.71,0.406,7.274
2026-02-01,CMP1005,Local_News_Sponsorship,Native,Atlantic,0.705,36571,701.6,400.19,32.85,2073.99,10.94,0.57,5.183
2026-02-24,CMP1006,Spring_Forecast_Launch,Display,British Columbia,0.857,48304,219.8,692.23,9.0,621.73,14.33,3.149,0.898
2026-02-24,CMP1007,B2B_Partner_Coop,Search,Quebec,0.857,52655,1258.2,323.3,14.97,1139.14,6.14,0.257,3.523
2026-04-11,CMP1006,Spring_Forecast_Launch,Display,Ontario,0.61,55063,647.8,276.49,0.65,37.26,5.02,0.427,0.135
2025-11-09,CMP1000,Winter_Storm_Alert_Promo,Native,British Columbia,0.317,50256,655.7,491.24,25.19,1438.36,9.77,0.749,2.928
2025-12-27,CMP1001,App_Download_Push,Connected TV,Ontario,0.815,114742,2781.7,2705.16,103.43,4606.08,23.58,0.972,1.703
2025-11-21,CMP1004,Brand_Lift_National,Native,Atlantic,0.139,47732,718.7,274.39,10.05,680.81,5.75,0.382,2.481
2026-02-27,CMP1000,Winter_Storm_Alert_Promo,Video,Ontario,0.742,33996,580.7,264.51,32.25,1630.72,7.78,0.456,6.165
2026-01-20,CMP1004,Brand_Lift_National,Video,Ontario,0.941,29172,520.6,272.87,24.19,1848.73,9.35,0.524,6.775
2026-01-01,CMP1000,Winter_Storm_Alert_Promo,Search,Quebec,0.954,39813,95.9,39.81,3.65,406.25,1.0,0.415,10.204
2026-01-12,CMP1006,Spring_Forecast_Launch,Connected TV,Alberta,0.694,51732,855.2,487.67,23.07,1813.68,9.43,0.57,3.719
2025-12-31,CMP1007,B2B_Partner_Coop,Search,Quebec,0.82,66115,1037.9,686.0,70.16,3666.31,10.38,0.661,5.344
2026-03-09,CMP1001,App_Download_Push,Native,Atlantic,0.405,35235,70.3,264.38,3.94,243.87,7.5,3.76,0.922
2026-02-19,CMP1000,Winter_Storm_Alert_Promo,Video,Atlantic,0.729,62044,740.7,593.62,33.15,3929.95,9.57,0.801,6.62
2025-12-08,CMP1004,Brand_Lift_National,Native,Alberta,0.915,75812,1669.4,452.79,57.48,2307.73,5.97,0.271,5.097
2026-03-17,CMP1004,Brand_Lift_National,Display,Quebec,0.511,26910,761.2,91.5,21.51,1436.66,3.4,0.12,15.701
2025-11-29,CMP1007,B2B_Partner_Coop,Search,Quebec,0.374,51694,797.1,548.98,23.69,1073.51,10.62,0.689,1.955
2026-03-15,CMP1002,Premium_Upgrade_Q1,Video,Ontario,0.615,47977,1035.7,311.53,76.94,4728.99,6.49,0.301,15.18
2026-01-16,CMP1005,Local_News_Sponsorship,Native,Atlantic,0.809,54804,391.3,327.09,21.13,1713.83,5.97,0.836,5.24
2025-12-16,CMP1003,Severe_Weather_Awareness,Display,Ontario,0.729,76254,1529.4,337.96,58.17,2170.9,4.43,0.221,6.424
2026-04-10,CMP1003,Severe_Weather_Awareness,Video,Alberta,0.456,52794,823.8,463.06,9.36,542.12,8.77,0.562,1.171
2025-11-22,CMP1004,Brand_Lift_National,Native,British Columbia,0.317,56847,56.8,365.0,2.41,151.86,6.42,6.421,0.416
2025-11-04,CMP1006,Spring_Forecast_Launch,Search,,0.314,77315,,,36.33,2683.05,10.64,,3.262
2026-01-19,CMP1001,App_Download_Push,Native,Alberta,0.774,47176,393.8,438.29,20.1,1180.32,9.29,1.113,2.693
2025-11-10,CMP1000,Winter_Storm_Alert_Promo,Connected TV,Atlantic,0.221,75897,1737.1,413.67,47.84,3249.11,5.45,0.238,7.854
2025-11-25,CMP1000,Winter_Storm_Alert_Promo,Video,British Columbia,0.388,68886,1284.2,598.22,36.99,1612.27,8.68,0.466,2.695
2026-04-04,CMP1001,App_Download_Push,Display,Alberta,0.634,70756,402.4,568.51,17.62,886.6,8.03,1.413,1.56
2026-02-02,CMP1007,B2B_Partner_Coop,Native,Ontario,0.952,88852,1816.9,715.61,132.55,7257.35,8.05,0.394,10.141
2026-02-06,CMP1004,Brand_Lift_National,Connected TV,Atlantic,0.755,43559,796.4,474.65,37.37,2474.27,10.9,0.596,5.213
2025-12-11,CMP1002,Premium_Upgrade_Q1,Video,Atlantic,0.982,78638,327.6,1181.77,10.28,975.75,15.03,3.608,0.826
2026-03-08,CMP1004,Brand_Lift_National,Video,Alberta,0.319,34070,775.1,184.63,16.86,1295.26,5.42,0.238,7.015
2026-01-16,CMP1001,App_Download_Push,Connected TV,Ontario,0.809,71917,1328.5,426.85,90.27,6146.09,5.94,0.321,14.399
2025-12-16,CMP1005,Local_News_Sponsorship,Display,Atlantic,0.729,40464,1038.7,470.12,39.07,1595.46,11.62,0.453,3.394
2026-03-08,CMP1000,Winter_Storm_Alert_Promo,Native,Ontario,0.319,70658,1114.2,593.11,67.73,6040.87,8.39,0.532,10.185
2026-03-17,CMP1004,Brand_Lift_National,Video,British Columbia,0.511,73546,1139.3,526.4,73.34,3833.04,7.16,0.462,7.282
2026-01-28,CMP1003,Severe_Weather_Awareness,Video,Ontario,0.886,87347,1078.8,1156.72,5.44,149.8,13.24,1.072,0.13
2025-12-19,CMP1003,Severe_Weather_Awareness,Search,British Columbia,0.843,52216,1080.2,637.97,30.72,1699.55,12.22,0.591,2.664
2025-12-30,CMP1004,Brand_Lift_National,Display,British Columbia,0.769,64987,302.1,343.18,8.5,682.38,5.28,1.136,1.988
2026-04-29,CMP1004,Brand_Lift_National,Native,Ontario,0.619,60780,836.5,786.86,40.21,2796.23,12.95,0.941,3.554
2026-01-13,CMP1005,Local_News_Sponsorship,Search,Atlantic,0.709,60147,1466.0,300.35,51.02,1970.53,4.99,0.205,6.561
2026-04-07,CMP1001,App_Download_Push,Native,Alberta,0.421,17052,133.3,117.05,8.95,519.54,6.86,0.878,4.439
2026-03-24,CMP1001,App_Download_Push,Display,Quebec,0.333,29044,476.4,300.91,14.41,579.82,10.36,0.632,1.927
2026-01-21,CMP1001,App_Download_Push,Video,Ontario,0.92,41460,639.4,278.83,15.26,1120.99,6.73,0.436,4.02
2026-01-27,CMP1006,Spring_Forecast_Launch,Connected TV,Quebec,0.948,95605,,1316.66,73.91,3469.19,13.77,,2.635
2026-03-16,CMP1004,Brand_Lift_National,Video,Quebec,0.303,145762,1378.1,2040.32,60.84,4807.28,14.0,1.481,2.356
2025-11-15,CMP1000,Winter_Storm_Alert_Promo,Video,Atlantic  ,0.186,62765,860.4,813.18,31.66,917.77,12.96,0.945,1.129
2026-04-04,CMP1006,Spring_Forecast_Launch,Display,Quebec,0.634,65428,799.7,642.18,23.66,1239.81,9.82,0.803,1.931
2026-04-02,CMP1004,Brand_Lift_National,Search,Ontario,0.656,88203,1515.9,966.9,31.68,1502.21,10.96,0.638,1.554
2025-12-04,CMP1002,Premium_Upgrade_Q1,Display,Atlantic,0.786,95459,1267.2,2533.46,59.45,6263.21,26.54,1.999,2.472
2026-02-14,CMP1004,Brand_Lift_National,Video,Ontario,0.844,76563,434.8,842.75,27.63,619.35,11.01,1.938,0.735
2025-12-30,CMP1006,Spring_Forecast_Launch,Display,Quebec,0.769,20825,349.6,115.49,19.47,1324.84,5.55,0.33,11.472
2026-04-27,CMP1005,Local_News_Sponsorship,Connected TV,Ontario,0.511,73850,868.0,316.95,47.32,3464.64,4.29,0.365,10.931
2025-12-28,CMP1006,Spring_Forecast_Launch,Display,Atlantic,0.826,34090,553.8,246.88,28.6,1904.4,7.24,0.446,7.714
2026-04-15,CMP1004,Brand_Lift_National,Native,Alberta,0.56,54121,701.5,157.9,27.44,2687.83,2.92,0.225,17.022
2026-01-28,CMP1006,Spring_Forecast_Launch,Display,Quebec,0.886,52725,1248.9,427.56,61.35,1825.93,8.11,0.342,4.271
2026-03-27,CMP1002,Premium_Upgrade_Q1,Display,Ontario,0.462,78732,2108.9,1792.78,33.01,2644.25,22.77,0.85,1.475
2025-11-20,CMP1003,Severe_Weather_Awareness,Video,Quebec,0.355,63581,681.7,707.64,11.77,471.33,11.13,1.038,0.666
2026-04-20,CMP1004,Brand_Lift_National,Video,British Columbia,0.615,31721,178.1,240.47,10.92,784.54,7.58,1.351,3.263
2025-12-01,CMP1004,Brand_Lift_National,Connected TV,Ontario,0.68,53567,915.7,388.15,38.52,3985.8,7.25,0.424,10.269
2026-01-22,CMP1000,Winter_Storm_Alert_Promo,Native,Atlantic,0.923,84320,2166.8,1060.2,60.15,3714.46,12.57,0.489,3.504
2026-03-22,CMP1002,Premium_Upgrade_Q1,Display,Quebec,0.353,71563,1458.6,645.31,108.02,6155.79,9.02,0.442,9.539
2026-02-23,CMP1006,Spring_Forecast_Launch,Native,Atlantic,0.77,56814,814.7,619.91,20.69,906.1,10.91,0.761,1.462
2026-02-23,CMP1007,B2B_Partner_Coop,Display,Quebec,0.77,59982,1119.1,415.92,30.65,2222.41,6.93,0.372,5.343
2026-02-21,CMP1003,Severe_Weather_Awareness,Display,Alberta,0.763,31605,288.0,225.26,8.8,484.16,7.13,0.782,2.149
2026-02-05,CMP1000,Winter_Storm_Alert_Promo,Native,Quebec,0.851,22558,561.4,158.72,30.59,1007.46,7.04,0.283,6.347
2026-03-21,CMP1003,Severe_Weather_Awareness,Display,Ontario,0.352,88378,1396.6,1183.56,29.93,1876.74,13.39,0.847,1.586
2026-03-14,CMP1007,B2B_Partner_Coop,Video,British Columbia,0.557,69967,816.9,432.75,23.39,1443.41,6.19,0.53,3.335
2025-12-16,CMP1001,App_Download_Push,Search,British Columbia,0.729,18918,516.7,109.13,31.73,1469.6,5.77,0.211,13.466
2026-02-20,CMP1000,Winter_Storm_Alert_Promo,Search,British Columbia,0.916,40247,305.5,269.8,13.1,722.6,6.7,,2.678
2026-01-12,CMP1000,Winter_Storm_Alert_Promo,Video,Ontario,0.694,81387,1648.2,375.69,67.36,4016.72,4.62,0.228,10.692
2026-03-16,CMP1001,App_Download_Push,Native,Ontario,0.303,120258,1994.0,2743.02,130.15,4231.41,22.81,1.376,1.543
2025-12-13,CMP1004,Brand_Lift_National,Video,British Columbia,0.669,16875,264.4,112.0,15.23,727.55,6.64,0.424,6.496
2026-02-17,CMP1007,B2B_Partner_Coop,Search,Alberta,0.614,50903,554.6,315.63,25.88,2350.98,6.2,0.569,7.449
2025-11-14,CMP1005,Local_News_Sponsorship,Search,Atlantic,0.127,74161,799.7,757.68,26.7,2442.12,10.22,0.947,3.223
2025-11-22,CMP1002,Premium_Upgrade_Q1,Display,Atlantic,0.317,50123,1030.0,481.96,55.53,4442.71,9.62,0.468,9.218
2026-02-10,CMP1001,App_Download_Push,Search,Ontario,0.709,101070,1809.0,2440.37,91.77,7957.36,24.15,1.349,3.261
2026-01-12,CMP1002,Premium_Upgrade_Q1,Search,British Columbia,0.694,49393,639.1,610.83,23.79,1574.38,12.37,0.956,2.577
2026-03-19,CMP1007,B2B_Partner_Coop,Display,British Columbia,0.363,60864,666.6,646.81,15.64,1238.44,10.63,0.97,1.915
2026-02-23,CMP1003,Severe_Weather_Awareness,Display,Alberta,0.77,78361,1309.0,910.91,49.74,2113.73,11.62,0.696,2.32
2026-02-27,CMP1005,Local_News_Sponsorship,Connected TV,Atlantic,0.742,59778,1517.0,243.05,38.4,1934.43,4.07,0.16,7.959
2025-12-01,CMP1005,Local_News_Sponsorship,Native,British Columbia,0.68,25332,215.0,247.34,11.11,1008.03,9.76,1.15,4.075
2025-12-26,CMP1000,Winter_Storm_Alert_Promo,Video,Ontario,0.931,95301,2138.4,800.69,89.76,5341.5,8.4,0.374,6.671
2026-02-14,CMP1005,Local_News_Sponsorship,Connected TV,British Columbia,0.844,71451,809.8,759.68,33.05,2418.47,10.63,0.938,3.184
2026-03-15,CMP1001,App_Download_Push,Search,Ontario,0.615,71814,1656.2,893.88,51.67,3642.87,12.45,0.54,4.075
2025-12-06,CMP1002,Premium_Upgrade_Q1,Video,Quebec,0.682,67510,1614.2,520.54,65.07,5216.67,7.71,0.322,10.022
2026-01-06,CMP1000,Winter_Storm_Alert_Promo,Display,Alberta,0.77,75453,760.7,915.17,41.23,2326.12,12.13,1.203,2.542
2025-12-27,CMP1006,Spring_Forecast_Launch,Video,Atlantic,0.815,175350,774.9,2986.49,27.8,2170.13,17.03,3.854,0.727
2026-01-30,CMP1006,Spring_Forecast_Launch,Display,Quebec,0.87,39643,535.2,426.16,30.28,2529.33,10.75,0.796,5.935
2026-02-28,CMP1002,Premium_Upgrade_Q1,Search,Atlantic,0.727,51880,1555.3,518.06,35.34,1211.85,9.99,0.333,2.339
2025-11-14,CMP1002,Premium_Upgrade_Q1,Video,Atlantic,0.127,104677,1015.5,1706.02,23.85,1436.7,16.3,1.68,0.842
2025-11-29,CMP1005,Local_News_Sponsorship,Native,Quebec,0.374,45916,571.3,89.06,21.82,1343.88,1.94,0.156,15.09
2026-03-17,CMP1003,Severe_Weather_Awareness,Native,British Columbia,0.511,89281,378.2,768.51,22.13,1788.44,8.61,2.032,2.327
2026-01-28,CMP1002,Premium_Upgrade_Q1,Video,Atlantic,0.886,59973,1041.7,485.67,33.86,2068.52,8.1,0.466,4.259
2025-11-24,CMP1006,Spring_Forecast_Launch,Display,Ontario,0.166,40077,360.7,376.39,18.47,1167.87,9.39,1.044,3.103
2025-12-30,CMP1002,Premium_Upgrade_Q1,Native,Atlantic,0.769,49810,1223.2,421.39,56.27,2812.65,8.46,0.345,6.675
2025-11-17,CMP1000,Winter_Storm_Alert_Promo,Native,Ontario,0.137,79315,1322.2,401.33,40.31,2326.17,5.06,0.304,5.796
2026-04-11,CMP1001,App_Download_Push,Search,Ontario,0.61,60090,1181.3,598.77,45.17,2989.33,9.96,0.507,4.992
2025-12-19,CMP1001,App_Download_Push,Video,Ontario,0.843,44804,572.6,344.89,17.61,1470.71,7.7,0.602,4.264
2026-03-27,CMP1005,Local_News_Sponsorship,Display,British Columbia,0.462,84969,1022.8,2212.62,41.95,1574.32,26.04,2.163,0.712
2026-02-25,CMP1004,Brand_Lift_National,Native,Ontario,0.861,30792,726.9,377.57,38.27,3329.46,12.26,0.519,8.818
2026-01-22,CMP1007,B2B_Partner_Coop,Video,,0.923,41638,,,25.39,1293.97,10.8,,2.878
2026-04-16,CMP1004,Brand_Lift_National,Native,Alberta,0.544,67203,1610.9,484.46,71.71,2961.83,7.21,0.301,6.114
2025-12-26,CMP1006,Spring_Forecast_Launch,Display,Quebec,0.931,46322,770.5,318.52,52.61,3588.96,6.88,0.413,11.268
2026-03-07,CMP1000,Winter_Storm_Alert_Promo,Video,British Columbia,0.496,26575,340.5,128.59,11.87,940.74,4.84,0.378,7.316
2026-04-10,CMP1006,Spring_Forecast_Launch,Search,Ontario,0.456,67128,656.7,936.42,15.57,876.28,13.95,1.426,0.936
2026-02-22,CMP1001,App_Download_Push,Native,Quebec,0.625,64841,1106.7,544.1,11.12,1092.23,8.39,0.492,2.007
2026-02-02,CMP1005,Local_News_Sponsorship,Search,Ontario,0.952,48305,601.2,587.71,33.09,2090.06,12.17,0.978,3.556
2026-02-26,CMP1005,Local_News_Sponsorship,Video,Alberta,0.957,181384,3646.2,2507.26,147.01,6139.38,13.82,0.688,2.449
2026-02-10,CMP1002,Premium_Upgrade_Q1,Display,British Columbia,0.709,55783,1056.2,1088.15,47.84,4259.02,19.51,1.03,3.914
2025-11-20,CMP1000,Winter_Storm_Alert_Promo,Search,British Columbia,0.355,10193,230.0,73.28,5.68,388.11,7.19,0.319,5.296
2025-11-16,CMP1005,Local_News_Sponsorship,Native,Atlantic,0.307,56419,1141.5,381.61,17.97,976.48,6.76,0.334,2.559
2026-01-02,CMP1007,B2B_Partner_Coop,Display,Alberta,0.632,44156,356.7,382.02,15.91,579.6,8.65,1.071,1.517
2026-04-02,CMP1006,Spring_Forecast_Launch,Search,Ontario,0.656,32531,300.7,269.3,6.28,570.76,8.28,0.896,2.119
2026-01-04,CMP1003,Severe_Weather_Awareness,Video,Quebec,0.762,75327,1497.4,833.29,58.48,3664.24,11.06,0.557,4.397
2026-01-05,CMP1004,Brand_Lift_National,Display,British Columbia,0.64,47551,1418.9,492.83,79.91,7937.34,10.36,0.347,16.106
2026-04-20,CMP1005,Local_News_Sponsorship,Video,Ontario,0.615,31347,732.0,88.5,30.4,1590.72,2.82,0.121,17.974
2026-04-01,CMP1001,App_Download_Push,Native,Alberta,0.668,31382,563.6,263.72,25.25,1670.16,8.4,0.468,6.333
2026-02-25,CMP1002,Premium_Upgrade_Q1,Native,Alberta,0.861,39040,333.2,506.61,20.04,1900.02,12.98,1.521,3.75
2026-04-07,CMP1004,Brand_Lift_National,Video,Alberta,0.421,57149,252.3,355.25,4.98,183.9,6.22,1.408,0.518
2026-03-12,CMP1006,Spring_Forecast_Launch,Video,Alberta,0.555,60843,496.7,655.11,31.08,1341.56,10.77,1.319,2.048
2026-01-02,CMP1000,Winter_Storm_Alert_Promo,Search,Ontario,0.632,93621,2079.3,808.17,18.41,1207.11,8.63,0.389,1.494
2025-11-30,CMP1002,Premium_Upgrade_Q1,Native,Atlantic,0.151,79003,1956.4,1016.73,79.62,7332.29,12.87,0.52,7.212
2026-02-13,CMP1005,Local_News_Sponsorship,Native,Atlantic,0.8,46758,1076.1,496.1,56.47,3704.49,10.61,0.461,7.467
2026-02-16,CMP1001,App_Download_Push,Connected TV,British Columbia,0.765,69968,739.5,786.71,26.15,605.57,11.24,1.064,0.77
2026-02-27,CMP1000,Winter_Storm_Alert_Promo,Display,Atlantic,0.742,48369,1009.9,167.77,44.66,940.08,3.47,0.166,5.603
2026-02-16,CMP1005,Local_News_Sponsorship,Search,Ontario,0.765,42838,388.9,357.06,15.53,1534.16,8.34,0.918,4.297
2025-12-02,CMP1000,Winter_Storm_Alert_Promo,Display,Ontario,0.662,35287,518.1,402.43,15.22,501.69,11.4,0.777,1.247
2026-03-23,CMP1001,App_Download_Push,Search,Atlantic,0.372,500,9.1,5.17,0.46,31.68,10.34,0.567,6.127
2025-12-23,CMP1005,Local_News_Sponsorship,Native,Quebec,0.976,52374,712.1,344.27,15.51,754.4,6.57,0.483,2.191
2025-11-29,CMP1005,Local_News_Sponsorship,Native,Alberta,0.374,61614,1353.8,650.13,79.57,5088.43,10.55,0.48,7.827
2026-04-18,CMP1002,Premium_Upgrade_Q1,Connected TV,Quebec,0.601,47785,1108.3,554.65,65.11,5144.89,11.61,0.5,9.276
2025-12-03,CMP1003,Severe_Weather_Awareness,Video,Atlantic,0.811,44515,44.5,420.99,3.5,121.81,9.46,9.457,0.289
2026-01-16,CMP1006,Spring_Forecast_Launch,Native,British Columbia,0.809,56610,696.9,505.53,20.46,1539.71,8.93,0.725,3.046
2026-03-29,CMP1000,Winter_Storm_Alert_Promo,Search,Alberta,0.305,64170,1710.6,480.48,140.41,3454.24,7.49,0.281,7.189
2026-01-23,CMP1005,Local_News_Sponsorship,Display,Atlantic,0.64,37859,960.7,337.95,17.48,840.25,8.93,0.352,2.486
2025-12-07,CMP1001,App_Download_Push,Connected TV,British Columbia,0.618,58436,851.8,515.16,25.63,1739.43,8.82,0.605,3.377
2026-04-25,CMP1002,Premium_Upgrade_Q1,Connected TV,Ontario,0.536,50232,453.2,556.38,9.35,748.46,11.08,1.228,1.345
2026-03-23,CMP1005,Local_News_Sponsorship,display,Ontario,0.372,47040,591.1,266.32,31.29,2356.94,5.66,0.451,8.85
2025-11-04,CMP1002,Premium_Upgrade_Q1,Video,British Columbia,0.314,11775,195.9,79.08,3.97,324.09,6.72,0.404,4.098
2025-12-23,CMP1005,Local_News_Sponsorship,Native,British Columbia,0.976,32958,579.9,290.1,40.37,839.34,8.8,0.5,2.893
2026-01-12,CMP1004,Brand_Lift_National,Display,Alberta,0.694,64603,1075.4,936.09,15.19,739.09,14.49,0.87,0.79
2026-01-11,CMP1001,App_Download_Push,Video,British Columbia,0.837,48657,730.8,344.58,26.78,1111.09,7.08,0.472,3.224
2026-01-07,CMP1007,B2B_Partner_Coop,Native,Alberta,1.0,54064,271.6,458.7,6.99,307.24,8.48,1.689,0.67
2026-02-14,CMP1007,B2B_Partner_Coop,Native,Alberta,0.844,69591,859.2,662.16,26.29,1283.8,9.52,0.771,1.939
2025-12-20,CMP1005,Local_News_Sponsorship,Connected TV,Quebec,0.912,47133,1411.0,406.0,79.54,4079.87,8.61,0.288,10.049
2026-04-19,CMP1006,Spring_Forecast_Launch,Native,Atlantic,0.531,55213,818.0,370.29,38.18,2877.85,6.71,0.453,7.772
2026-04-14,CMP1006,Spring_Forecast_Launch,Native,British Columbia,0.669,38692,585.8,173.14,29.86,1842.64,4.47,0.296,10.643
2026-02-14,CMP1007,B2B_Partner_Coop,Display,Quebec,0.844,26224,365.7,215.86,8.67,412.49,8.23,0.59,1.911
2026-01-06,CMP1004,Brand_Lift_National,Search,Alberta,0.77,86722,1250.4,861.74,43.69,1271.22,9.94,0.689,1.475
2026-02-18,CMP1003,Severe_Weather_Awareness,Search,Atlantic,0.616,56047,307.0,669.16,18.24,2001.62,11.94,2.18,2.991
2026-03-09,CMP1000,Winter_Storm_Alert_Promo,Video,British Columbia,0.405,66289,701.0,334.23,32.61,1491.77,5.04,0.477,4.463
2026-04-14,CMP1003,Severe_Weather_Awareness,Display,Alberta,0.669,60215,644.8,475.07,21.71,1726.84,7.89,0.737,3.635
2025-12-26,CMP1004,Brand_Lift_National,Display,British Columbia,0.931,29565,355.6,214.76,19.39,1964.29,7.26,0.604,9.146
2026-04-24,CMP1003,Severe_Weather_Awareness,Native,Alberta,0.658,45009,737.7,342.57,24.8,1239.64,7.61,0.464,3.619
2026-03-03,CMP1007,B2B_Partner_Coop,Connected TV,Ontario,0.369,34922,748.2,227.04,23.43,992.87,6.5,0.303,4.373
2026-01-15,CMP1006,Spring_Forecast_Launch,Search,Ontario,0.822,45191,411.0,381.57,10.03,276.79,8.44,0.928,0.725
2026-01-24,CMP1007,B2B_Partner_Coop,Search,Alberta,0.625,75421,996.7,776.5,37.28,2811.87,10.3,0.779,3.621
2026-03-06,CMP1001,App_Download_Push,Video,Quebec,0.632,52926,1184.0,488.94,48.71,3419.25,9.24,0.413,6.993
2026-04-08,CMP1003,Severe_Weather_Awareness,Native,Quebec,0.4,79147,1571.8,842.27,87.15,5006.35,10.64,0.536,5.944
2025-12-16,CMP1006,Spring_Forecast_Launch,Connected TV,Atlantic,0.729,62098,774.2,739.09,13.28,1195.8,11.9,0.955,1.618
2026-03-27,CMP1003,Severe_Weather_Awareness,Video,Quebec,0.462,128934,1112.9,2624.99,29.57,2068.69,20.36,2.359,0.788
2026-03-04,CMP1002,Premium_Upgrade_Q1,Search,British Columbia,0.424,79725,521.9,848.3,4.05,384.01,10.64,1.625,0.453
2026-01-29,CMP1005,Local_News_Sponsorship,Connected TV,Atlantic,0.875,58481,401.4,552.02,19.98,358.72,9.44,1.375,0.65
2026-04-05,CMP1000,Winter_Storm_Alert_Promo,Connected TV,British Columbia,0.569,59404,732.3,533.49,35.27,2338.39,8.98,0.728,4.383
2026-03-06,CMP1003,Severe_Weather_Awareness,Display,Quebec,0.632,47173,729.5,393.85,26.92,1215.49,8.35,0.54,3.086
2026-02-27,CMP1006,Spring_Forecast_Launch,Connected TV,Atlantic,0.742,74506,989.5,819.12,33.74,1794.83,10.99,0.828,2.191
2026-01-03,CMP1000,Winter_Storm_Alert_Promo,Native,Atlantic,0.611,66189,1018.0,428.86,34.78,3062.5,6.48,0.421,7.141
2025-12-25,CMP1003,Severe_Weather_Awareness,Native,Ontario,0.638,45062,616.4,363.3,39.54,2477.54,8.06,0.589,6.82
2026-01-10,CMP1000,Winter_Storm_Alert_Promo,Search,Atlantic,0.617,75363,587.1,592.87,27.1,2616.7,7.87,1.01,4.414
2025-12-18,CMP1000,Winter_Storm_Alert_Promo,Search,Alberta,0.95,61210,1025.9,370.8,47.99,2666.56,6.06,0.361,7.191
2025-12-16,CMP1005,Local_News_Sponsorship,Display,Ontario,0.729,62043,967.8,326.06,29.46,1788.76,5.26,0.337,5.486
2025-12-31,CMP1001,App_Download_Push,Connected TV,Ontario,0.82,47302,360.2,348.25,21.3,1607.29,7.36,0.967,4.615
2025-12-14,CMP1000,Winter_Storm_Alert_Promo,Native,Quebec,0.816,63861,1220.4,564.2,61.08,4890.56,8.83,0.462,8.668
2026-02-13,CMP1003,Severe_Weather_Awareness,Search,Atlantic,0.8,99205,1090.6,1030.78,36.96,2069.9,10.39,0.945,2.008
2026-04-13,CMP1007,B2B_Partner_Coop,Search,British Columbia,0.602,69188,1036.8,357.49,41.4,2380.18,5.17,0.345,6.658
2026-01-13,CMP1007,B2B_Partner_Coop,Connected TV,British Columbia,0.709,31288,634.3,274.2,27.95,1470.77,8.76,0.432,5.364
2025-12-04,CMP1004,Brand_Lift_National,Search,British Columbia,0.786,121229,2147.2,2114.97,78.08,7741.03,17.45,0.985,3.66
2026-02-15,CMP1006,Spring_Forecast_Launch,Search,Ontario,0.683,17516,426.2,155.05,7.38,534.97,8.85,0.364,3.45
2025-12-23,CMP1002,Premium_Upgrade_Q1,Search,Atlantic,0.976,59424,758.0,673.4,40.81,1789.23,11.33,0.888,2.657
2026-03-12,CMP1007,B2B_Partner_Coop,Display,Atlantic,0.555,39757,218.6,340.32,8.33,556.04,8.56,1.557,1.634
2025-11-10,CMP1003,Severe_Weather_Awareness,Search,British Columbia,0.221,89687,1454.9,509.43,47.43,3216.96,5.68,0.35,6.315
2026-02-21,CMP1006,Spring_Forecast_Launch,Display,Alberta,0.763,56141,542.4,347.67,8.18,724.57,6.19,0.641,2.084
2026-03-21,CMP1000,Winter_Storm_Alert_Promo,Native,Alberta,0.352,26738,498.2,253.32,12.59,1312.1,9.47,0.509,5.18
2026-03-14,CMP1007,B2B_Partner_Coop,Search,Ontario,0.557,66486,1054.3,735.64,55.51,2048.78,11.06,0.698,2.785
2026-02-04,CMP1007,B2B_Partner_Coop,Connected TV,British Columbia,0.654,70905,1481.1,438.13,65.4,4161.37,6.18,0.296,9.498
2026-03-29,CMP1006,Spring_Forecast_Launch,Native,Atlantic,0.305,44996,925.5,413.94,7.14,565.48,9.2,0.447,1.366
2025-11-20,CMP1005,Local_News_Sponsorship,Native,Alberta,0.355,59283,1106.5,187.11,40.56,3559.65,3.16,0.169,19.024
2026-03-28,CMP1002,Premium_Upgrade_Q1,Search,British Columbia,0.634,49789,1380.1,422.46,8.2,694.61,8.49,0.306,1.644
2026-04-11,CMP1004,Brand_Lift_National,Native,Ontario,0.61,61628,1216.6,538.74,56.0,4929.12,8.74,0.443,9.149
2026-03-14,CMP1003,Severe_Weather_Awareness,Video,Ontario,0.557,53633,948.5,250.67,45.26,1962.23,4.67,0.264,7.828
2025-11-26,CMP1001,App_Download_Push,Native,Ontario,0.145,16361,296.4,130.91,6.75,450.9,8.0,0.442,3.444
2026-02-12,CMP1004,Brand_Lift_National,Connected TV,British Columbia,0.805,60897,1319.6,692.09,60.53,2995.85,11.36,0.524,4.329
2026-02-02,CMP1004,Brand_Lift_National,Native,Alberta,0.952,40742,756.7,513.45,26.32,470.18,12.6,0.679,0.916
2026-01-25,CMP1007,B2B_Partner_Coop,Video,Quebec,0.644,53305,816.7,548.73,43.37,4093.61,10.29,0.672,7.46
2026-02-01,CMP1005,Local_News_Sponsorship,Connected TV,Alberta,0.705,50716,1446.1,236.91,64.38,3950.79,4.67,0.164,16.676
2026-01-03,CMP1002,Premium_Upgrade_Q1,Video,Quebec,0.611,79517,1350.7,941.36,48.84,2792.97,11.84,0.697,2.967
2026-02-18,CMP1001,App_Download_Push,Connected TV,Atlantic,0.616,39820,744.5,318.32,37.58,2940.18,7.99,0.428,9.237
2026-01-31,CMP1001,App_Download_Push,Display,British Columbia,0.712,57999,963.2,349.89,44.12,1831.21,6.03,0.363,5.234
2025-11-17,CMP1006,Spring_Forecast_Launch,Display,British Columbia,0.137,45275,915.4,518.2,51.12,2550.69,11.45,0.566,4.922
2025-11-21,CMP1006,Spring_Forecast_Launch,Native,Quebec,0.139,38361,522.0,308.95,25.55,1588.41,8.05,0.592,5.141
2025-11-16,CMP1001,App_Download_Push,Connected TV,Alberta,0.307,43588,645.5,410.33,40.98,3080.84,9.41,0.636,7.508
2026-04-04,CMP1003,Severe_Weather_Awareness,Video,Atlantic,0.634,68890,1346.4,707.48,65.57,2593.08,10.27,0.525,3.665
2025-12-27,CMP1001,App_Download_Push,Connected TV,Alberta,0.815,110933,1809.3,1572.59,87.66,6570.61,14.18,0.869,4.178
2025-11-29,CMP1003,Severe_Weather_Awareness,Search,Alberta,0.374,44897,469.6,363.53,32.09,2974.8,8.1,0.774,8.183
2026-02-04,CMP1005,Local_News_Sponsorship,Connected TV,Alberta,0.654,51888,820.2,529.41,24.81,2468.41,10.2,0.645,4.663
2026-01-26,CMP1007,B2B_Partner_Coop,Native,British Columbia,0.704,54053,832.5,535.57,39.1,2463.63,9.91,0.643,4.6
2025-11-12,CMP1003,Severe_Weather_Awareness,Native,Alberta,0.243,37552,704.3,200.48,46.94,3669.88,5.34,0.285,18.306
2025-12-13,CMP1003,Severe_Weather_Awareness,Search,British Columbia,0.669,52924,392.6,478.21,14.82,1126.38,9.04,1.218,2.355
2025-11-21,CMP1000,Winter_Storm_Alert_Promo,Search,British Columbia,0.139,34519,164.8,373.4,5.97,362.72,10.82,2.265,0.971
2026-01-03,CMP1000,Winter_Storm_Alert_Promo,Search,Ontario,0.611,53714,708.2,382.57,17.75,506.86,7.12,0.54,1.325
2026-02-06,CMP1006,Spring_Forecast_Launch,Native,Ontario,0.755,23249,383.4,74.43,14.66,716.05,3.2,0.194,9.62
2026-02-06,CMP1003,Severe_Weather_Awareness,Native,British Columbia,0.755,60779,1060.1,676.03,31.11,2293.1,11.12,0.638,3.392
2025-12-11,CMP1007,B2B_Partner_Coop,Connected TV,Quebec,0.982,59037,862.5,606.63,22.77,1219.53,10.28,0.703,2.01
2026-01-01,CMP1001,App_Download_Push,Connected TV,Alberta,0.954,69474,1527.5,702.07,76.87,7296.09,10.11,0.46,10.392
2026-01-12,CMP1006,Spring_Forecast_Launch,Native,Alberta,0.694,45359,515.6,530.79,16.05,1492.3,11.7,1.03,2.811
2025-11-30,CMP1003,Severe_Weather_Awareness,Native,Quebec,0.151,29548,180.8,575.15,7.71,361.64,19.46,3.181,0.629
2025-12-25,CMP1001,App_Download_Push,Display,Quebec,0.638,43415,853.9,340.3,26.32,1688.38,7.84,0.399,4.962
2026-04-08,CMP1001,App_Download_Push,Search,Atlantic,0.4,35189,563.0,311.03,16.7,1275.32,8.84,0.552,4.1
2025-12-21,CMP1000,Winter_Storm_Alert_Promo,Native,British Columbia,0.786,59792,1392.2,689.31,79.87,5921.18,11.53,0.495,8.59
2026-02-14,CMP1001,App_Download_Push,Connected TV,Atlantic,0.844,60134,1283.7,524.01,9.93,799.55,8.71,0.408,1.526
2026-01-02,CMP1004,Brand_Lift_National,Video,Atlantic,0.632,42593,788.6,449.57,38.91,2435.0,10.55,0.57,5.416
2026-02-03,CMP1005,Local_News_Sponsorship,Search,British Columbia,0.628,29271,671.1,235.46,30.68,2243.96,8.04,0.351,9.53
2026-02-15,CMP1006,Spring_Forecast_Launch,Native,Atlantic,0.683,58743,710.2,371.37,27.65,731.81,6.32,0.523,1.971
2026-01-07,CMP1001,App_Download_Push,Search,Alberta,1.0,62730,249.2,333.07,10.37,1215.7,5.31,1.336,3.65
2026-01-01,CMP1006,Spring_Forecast_Launch,Video,Alberta,0.954,37994,731.5,244.64,41.28,2743.29,6.44,0.334,11.214
2026-02-18,CMP1002,Premium_Upgrade_Q1,Video,British Columbia,0.616,61346,743.9,514.86,37.71,1707.08,8.39,0.692,3.316
2026-01-05,CMP1005,Local_News_Sponsorship,Display,Quebec,0.64,37205,245.8,303.4,12.16,599.71,8.15,1.234,1.977
2025-11-03,CMP1007,B2B_Partner_Coop,Video,Alberta,0.147,33164,284.1,341.12,19.88,824.26,10.29,1.201,2.416
2026-01-20,CMP1007,B2B_Partner_Coop,Display,Atlantic,0.941,79818,815.3,1115.9,31.61,1910.6,13.98,1.369,1.712
2026-03-28,CMP1001,App_Download_Push,Video,Ontario,0.634,32972,702.5,199.96,28.93,2080.99,6.06,0.285,10.407
2026-02-06,CMP1005,Local_News_Sponsorship,Video,Atlantic,0.755,58129,956.3,437.2,35.52,2077.65,7.52,0.457,4.752
2026-03-14,CMP1006,Spring_Forecast_Launch,Video,Quebec,0.557,69447,1026.4,675.04,30.1,447.25,9.72,0.658,0.663
2025-11-10,CMP1007,B2B_Partner_Coop,Video,Quebec,0.221,30906,671.2,285.64,13.29,919.71,9.24,0.426,3.22
2026-02-03,CMP1007,B2B_Partner_Coop,Video,British Columbia,0.628,28320,429.3,189.05,14.62,1327.06,6.68,0.44,7.02
2026-04-18,CMP1004,Brand_Lift_National,Native,Alberta,0.601,72407,829.7,428.56,28.69,1624.61,5.92,0.517,3.791
2025-12-03,CMP1007,B2B_Partner_Coop,Search,British Columbia,0.811,57668,1249.2,856.16,55.92,3765.19,14.85,0.685,4.398
2026-02-21,CMP1001,App_Download_Push,Video,Ontario,0.763,54952,1540.2,717.72,85.47,3973.79,13.06,0.466,5.537
2026-02-05,CMP1000,Winter_Storm_Alert_Promo,Connected TV,Alberta,0.851,90879,545.3,917.5,25.02,1642.46,10.1,1.683,1.79
2026-01-01,CMP1007,B2B_Partner_Coop,Native,British Columbia,0.954,54342,839.2,576.82,30.59,2707.05,10.61,0.687,4.693
2026-01-15,CMP1002,Premium_Upgrade_Q1,Connected TV,Ontario,0.822,55535,1003.0,836.7,32.34,2750.16,15.07,0.834,3.287
2026-04-13,CMP1006,Spring_Forecast_Launch,Display,British Columbia,0.602,61181,61.2,449.35,2.41,178.6,7.34,7.345,0.397
2025-12-06,CMP1000,Winter_Storm_Alert_Promo,Display,British Columbia,0.682,91221,948.1,783.17,0.95,41.05,8.59,0.826,0.052
2025-12-02,CMP1007,B2B_Partner_Coop,Native,Atlantic,0.662,55664,603.8,378.09,37.29,2999.04,6.79,0.626,7.932
2026-01-08,CMP1000,Winter_Storm_Alert_Promo,Connected TV,Ontario,0.789,55266,808.5,323.06,33.38,2882.37,5.85,0.4,8.922
2026-02-11,CMP1002,Premium_Upgrade_Q1,Native,Alberta,0.956,29204,401.0,209.72,14.17,812.95,7.18,0.523,3.876
2025-12-21,CMP1000,Winter_Storm_Alert_Promo,Search,Alberta,0.786,88883,1145.9,1007.34,74.44,3722.99,11.33,0.879,3.696
2026-03-26,CMP1001,App_Download_Push,Connected TV,Quebec,0.595,45914,597.1,443.72,29.02,2027.87,9.66,0.743,4.57
2026-03-24,CMP1004,Brand_Lift_National,Video,Ontario,0.333,28162,80.9,298.25,4.53,342.95,10.59,3.686,1.15
2026-02-27,CMP1004,Brand_Lift_National,Native,Ontario,0.742,65336,65.3,514.03,1.25,65.9,7.87,7.868,0.128
2026-02-27,CMP1000,Winter_Storm_Alert_Promo,Display,Alberta,0.742,59569,1969.3,470.77,41.93,2294.96,7.9,0.239,4.875
2025-12-26,CMP1001,App_Download_Push,Native,British Columbia,0.931,21655,479.1,215.43,26.65,2063.09,9.95,0.45,9.577
2026-03-10,CMP1003,Severe_Weather_Awareness,Video,Quebec  ,0.348,42512,689.7,284.27,31.73,2452.72,6.69,0.412,8.628
2026-04-15,CMP1005,Local_News_Sponsorship,Search,Atlantic,0.56,53700,307.4,590.43,16.23,407.95,10.99,1.921,0.691
2026-01-24,CMP1005,Local_News_Sponsorship,Display,Ontario,0.625,57488,664.3,513.35,34.54,1679.89,8.93,0.773,3.272
2026-01-04,CMP1001,App_Download_Push,Search,Quebec,0.762,69839,1571.1,682.27,59.84,4832.12,9.77,0.434,7.082
2026-02-02,CMP1004,Brand_Lift_National,Video,Atlantic,0.952,52850,749.4,707.85,31.91,2414.18,13.39,0.945,3.411
2025-12-10,CMP1001,App_Download_Push,Native,Ontario,0.987,48255,693.9,624.2,19.53,1559.44,12.94,0.9,2.498
2026-03-08,CMP1001,App_Download_Push,Display,British Columbia,0.319,65273,370.2,636.15,21.57,1227.39,9.75,1.719,1.929
2025-11-19,CMP1003,Severe_Weather_Awareness,Search,Ontario,0.142,42632,623.4,427.99,11.35,635.97,10.04,0.686,1.486
2025-11-26,CMP1003,Severe_Weather_Awareness,Connected TV,Ontario,0.145,44926,1138.4,372.63,67.23,3652.72,8.29,0.327,9.803
2026-03-02,CMP1005,Local_News_Sponsorship,Video,Atlantic,0.593,60350,900.8,637.45,24.19,1472.78,10.56,0.708,2.31
2025-11-10,CMP1002,Premium_Upgrade_Q1,Video,Ontario,0.221,44748,250.5,423.82,3.41,272.67,9.47,1.692,0.643
2026-02-10,CMP1000,Winter_Storm_Alert_Promo,Connected TV,Ontario,0.709,120483,2525.8,1938.66,72.23,3468.15,16.09,0.768,1.789
2025-11-16,CMP1007,B2B_Partner_Coop,Video,Quebec,0.307,43445,623.4,283.94,20.11,1749.53,6.54,0.455,6.162
2026-04-03,CMP1006,Spring_Forecast_Launch,Native,Quebec,0.601,38504,253.1,406.88,14.7,925.75,10.57,1.607,2.275
2026-01-10,CMP1004,Brand_Lift_National,Video,British Columbia,0.617,47221,627.0,665.19,20.27,907.48,14.09,1.061,1.364
2025-12-30,CMP1004,Brand_Lift_National,Display,Atlantic,0.769,45923,886.3,500.15,35.2,1713.58,10.89,0.564,3.426
2026-03-14,CMP1003,Severe_Weather_Awareness,Search,British Columbia,0.557,51829,1249.8,492.62,73.63,9049.8,9.5,0.394,18.371
2026-04-05,CMP1004,Brand_Lift_National,Search,Alberta,0.569,45844,1043.1,418.02,38.03,2786.36,9.12,0.401,6.666
2026-02-23,CMP1004,Brand_Lift_National,Display,British Columbia,0.77,61780,571.5,394.13,28.43,1801.68,6.38,0.69,4.571
2025-11-03,CMP1003,Severe_Weather_Awareness,Display,Atlantic,0.147,57008,886.4,567.34,34.7,2137.36,9.95,0.64,3.767
2026-04-05,CMP1003,Severe_Weather_Awareness,Connected TV,Ontario,0.569,78827,2962.6,518.98,163.26,7506.79,6.58,0.175,14.464
2026-01-22,CMP1001,App_Download_Push,Native,British Columbia,0.923,59455,459.8,367.22,10.7,576.68,6.18,0.799,1.57
2025-12-21,CMP1007,B2B_Partner_Coop,Video,Ontario,0.786,48383,1031.8,212.78,62.19,5720.5,4.4,0.206,26.884
2026-04-24,CMP1003,Severe_Weather_Awareness,Native,British Columbia,0.658,44035,1114.6,283.82,15.26,1043.53,6.45,0.255,3.677
2025-12-05,CMP1002,Premium_Upgrade_Q1,Search,Quebec,0.781,64247,628.1,571.08,29.83,2918.82,8.89,0.909,5.111
2026-01-15,CMP1000,Winter_Storm_Alert_Promo,Display,British Columbia,0.822,70797,1141.5,542.06,10.97,828.95,7.66,0.475,1.529
2026-01-26,CMP1001,App_Download_Push,connected tv,Ontario,0.704,67358,1796.5,419.06,78.99,4066.42,6.22,0.233,9.704
2026-01-25,CMP1002,Premium_Upgrade_Q1,Connected TV,Ontario,0.644,61853,1646.5,512.03,43.34,2591.0,8.28,0.311,5.06
2026-03-20,CMP1000,Winter_Storm_Alert_Promo,Native,Atlantic,0.502,225272,225.3,2194.29,9.81,413.29,9.74,9.741,0.188
2025-12-20,CMP1004,Brand_Lift_National,Video,British Columbia,0.912,30657,316.2,96.65,19.33,1398.34,3.15,0.306,14.469
2026-01-30,CMP1000,Winter_Storm_Alert_Promo,Connected TV,Ontario,0.87,69594,2239.8,777.55,119.71,14086.49,11.17,0.347,18.116
2026-04-21,CMP1000,Winter_Storm_Alert_Promo,Search,Alberta,0.505,58651,238.5,694.16,14.74,790.33,11.84,2.91,1.139
2026-04-29,CMP1003,Severe_Weather_Awareness,Connected TV,Ontario,0.619,39057,565.2,275.46,21.7,1782.89,7.05,0.487,6.472
2026-01-02,CMP1004,Brand_Lift_National,Search,Quebec,0.632,62234,622.2,395.57,18.53,1299.64,6.36,0.636,3.285
2026-02-26,CMP1000,Winter_Storm_Alert_Promo,Native,British Columbia,0.957,119789,3268.1,1837.18,67.4,2172.09,15.34,0.562,1.182
2026-01-26,CMP1001,App_Download_Push,Connected TV,Quebec,0.704,85576,1114.5,662.98,46.08,3158.74,7.75,0.595,4.764
2025-12-30,CMP1000,Winter_Storm_Alert_Promo,Native,Ontario,0.769,56109,369.3,451.58,10.89,495.63,8.05,1.223,1.098
2025-12-29,CMP1002,Premium_Upgrade_Q1,Display,British Columbia,0.631,28803,414.4,321.89,18.64,770.37,11.18,0.777,2.393
2025-12-21,CMP1002,Premium_Upgrade_Q1,Display,Atlantic,0.786,56424,495.6,398.47,25.79,2344.12,7.06,0.804,5.883
2025-11-07,CMP1004,Brand_Lift_National,Display,Alberta,0.262,10148,42.0,29.18,0.93,84.76,2.88,0.695,2.905
2026-01-07,CMP1003,Severe_Weather_Awareness,Video,Ontario,1.0,41472,965.9,567.92,57.18,2370.77,13.69,0.588,4.175
2025-12-11,CMP1004,Brand_Lift_National,Display,Alberta,0.982,75183,1384.8,832.95,51.52,3207.19,11.08,0.601,3.85
2025-11-07,CMP1004,Brand_Lift_National,Search,Quebec,0.262,38914,1116.4,359.71,59.51,3285.94,9.24,0.322,9.135
2025-11-23,CMP1005,Local_News_Sponsorship,Search,Quebec,0.383,43653,444.2,262.49,10.81,568.95,6.01,0.591,2.167
2026-04-29,CMP1004,Brand_Lift_National,Display,Ontario,0.619,56573,1493.0,702.04,88.08,7005.77,12.41,0.47,9.979
2025-12-01,CMP1005,Local_News_Sponsorship,Native,,0.68,45915,,,14.11,1243.68,8.51,,3.182
2025-11-05,CMP1002,Premium_Upgrade_Q1,Connected TV,Alberta,0.105,45652,716.5,588.2,27.66,1870.22,12.88,0.821,3.18
2026-01-05,CMP1004,Brand_Lift_National,Display,Alberta,0.64,55106,1088.6,488.24,49.26,1407.57,8.86,0.449,2.883
2026-02-08,CMP1003,Severe_Weather_Awareness,Search,Ontario,0.685,93897,1374.2,956.57,50.82,3452.25,10.19,0.696,3.609
2026-01-16,CMP1005,Local_News_Sponsorship,Video,British Columbia,0.809,48509,460.0,274.52,20.5,1498.44,5.66,0.597,5.458
2025-12-24,CMP1001,App_Download_Push,Connected TV,Quebec,0.631,44124,835.9,323.09,44.33,1165.12,7.32,0.387,3.606
2026-03-10,CMP1005,Local_News_Sponsorship,Search,Ontario,0.348,59955,1129.4,809.4,63.01,3834.44,13.5,0.717,4.737
2026-03-15,CMP1001,App_Download_Push,Search,Quebec,0.615,49358,760.9,385.4,24.58,1826.59,7.81,0.507,4.739
2025-11-23,CMP1004,Brand_Lift_National,Search,Quebec,0.383,51953,1522.4,433.01,51.59,3379.82,8.33,0.284,7.805
2025-11-23,CMP1007,B2B_Partner_Coop,Native,Alberta,0.383,58703,1236.9,462.92,37.42,1494.44,7.89,0.374,3.228
2025-12-16,CMP1003,Severe_Weather_Awareness,Video,Quebec,0.729,53141,329.8,550.83,10.75,498.88,10.37,1.67,0.906
2025-11-24,CMP1005,Local_News_Sponsorship,Native,Alberta,0.166,61341,1389.9,746.64,56.22,4282.52,12.17,0.537,5.736
2026-03-29,CMP1000,Winter_Storm_Alert_Promo,Video,Quebec,0.305,52873,736.0,320.54,6.09,207.57,6.06,0.435,0.648
2026-03-11,CMP1000,Winter_Storm_Alert_Promo,Display,British Columbia,0.66,92248,1662.9,640.02,72.09,4289.43,6.94,0.385,6.702
2026-01-06,CMP1000,Winter_Storm_Alert_Promo,Display,Quebec,0.77,47123,783.7,313.69,45.45,2336.37,6.66,0.4,7.448
2026-02-06,CMP1007,B2B_Partner_Coop,Native,Atlantic,0.755,61244,314.6,212.57,9.44,584.5,3.47,0.676,2.75
2025-12-28,CMP1005,Local_News_Sponsorship,Connected TV,British Columbia,0.826,37268,1180.2,459.1,54.16,3667.02,12.32,0.389,7.987
2026-04-09,CMP1002,Premium_Upgrade_Q1,Display,British Columbia,0.673,33547,804.5,345.57,31.41,2989.7,10.3,0.43,8.651
2026-02-22,CMP1000,Winter_Storm_Alert_Promo,Video,Quebec,0.625,83888,861.2,801.39,30.08,2282.68,9.55,0.931,2.848
2026-01-16,CMP1002,Premium_Upgrade_Q1,Video,Atlantic,0.809,53825,891.5,548.73,32.08,3046.24,10.19,0.615,5.551
2025-12-08,CMP1007,B2B_Partner_Coop,Display,Alberta,0.915,63159,744.9,433.55,33.58,1942.31,6.86,0.582,4.48
2025-12-09,CMP1004,Brand_Lift_National,Search,Atlantic,0.866,39426,487.9,359.73,5.52,353.95,9.12,0.737,0.984
2026-01-15,CMP1004,Brand_Lift_National,Connected TV,Alberta,0.822,25648,268.4,270.21,5.46,300.26,10.54,1.007,1.111
2026-01-03,CMP1003,Severe_Weather_Awareness,Display,British Columbia,0.611,42417,774.6,512.15,12.05,1241.97,12.07,0.661,2.425
2026-01-31,CMP1003,Severe_Weather_Awareness,Native,Alberta,0.712,62151,524.3,630.83,30.62,3426.56,10.15,1.203,5.432
2026-04-10,CMP1007,B2B_Partner_Coop,Video,Quebec,0.456,69891,337.2,783.25,14.63,855.0,11.21,2.323,1.092
2026-04-19,CMP1007,B2B_Partner_Coop,Display,Quebec,0.531,47859,323.1,269.03,16.68,806.34,5.62,0.833,2.997
2026-03-02,CMP1000,Winter_Storm_Alert_Promo,Video,Atlantic,0.593,26360,478.7,290.46,16.57,1334.3,11.02,0.607,4.594
2026-03-26,CMP1005,Local_News_Sponsorship,Display,Alberta,0.595,83074,1290.2,909.81,50.58,4422.9,10.95,0.705,4.861
2025-12-30,CMP1004,Brand_Lift_National,Search,Alberta,0.769,67098,273.4,457.76,7.63,399.5,6.82,1.674,0.873
2026-01-24,CMP1005,Local_News_Sponsorship,Video,Ontario,0.625,82639,1162.6,658.12,40.09,1011.16,7.96,0.566,1.536
2026-04-11,CMP1000,Winter_Storm_Alert_Promo,Connected TV,Atlantic,0.61,66325,1816.3,613.14,57.54,3909.55,9.24,0.338,6.376
2026-03-10,CMP1001,App_Download_Push,Connected TV,Atlantic,0.348,68407,1519.5,818.02,88.5,6071.59,11.96,0.538,7.422
2025-11-30,CMP1001,App_Download_Push,Native,Quebec,0.151,114037,2650.1,1621.04,109.24,5054.34,14.21,0.612,3.118
2026-02-11,CMP1004,Brand_Lift_National,Video,British Columbia,0.956,56607,680.1,305.42,31.66,1789.71,5.4,0.449,5.86
2025-12-19,CMP1003,Severe_Weather_Awareness,Search,Atlantic,0.843,47815,1299.2,551.15,57.89,4753.92,11.53,0.424,8.625
2025-11-01,CMP1001,App_Download_Push,Connected TV,Quebec,0.332,49355,699.4,485.21,31.81,2330.38,9.83,0.694,4.803
2026-01-15,CMP1005,Local_News_Sponsorship,Search,Alberta,0.822,58015,1166.2,488.28,16.97,1024.67,8.42,0.419,2.099
2026-04-07,CMP1002,Premium_Upgrade_Q1,Search,Quebec,0.421,44803,443.9,378.25,26.52,1645.05,8.44,0.852,4.349
2025-11-16,CMP1007,B2B_Partner_Coop,Native,Quebec,0.307,88399,1080.0,854.27,26.82,2550.67,9.66,0.791,2.986
2026-04-06,CMP1007,B2B_Partner_Coop,Native,Atlantic,0.315,45525,996.6,289.16,18.82,678.79,6.35,0.29,2.347
2026-03-14,CMP1007,B2B_Partner_Coop,Search,Alberta,0.557,33786,579.0,402.45,23.72,2350.37,11.91,0.695,5.84
2025-12-07,CMP1007,B2B_Partner_Coop,Video,Ontario,0.618,40675,557.6,278.45,19.45,1934.47,6.85,0.499,6.947
2026-03-15,CMP1004,Brand_Lift_National,Video,Atlantic,0.615,36746,597.3,247.13,19.24,1334.21,6.73,0.414,5.399
2025-11-17,CMP1003,Severe_Weather_Awareness,Search,British Columbia,0.137,61282,670.1,356.42,7.76,522.3,5.82,0.532,1.465
2026-03-17,CMP1004,Brand_Lift_National,Connected TV,British Columbia,0.511,39391,506.3,462.54,12.42,933.03,11.74,0.914,2.017
2026-01-08,CMP1006,Spring_Forecast_Launch,Search,Ontario,0.789,64545,444.5,588.54,16.55,946.37,9.12,1.324,1.608
2025-11-02,CMP1000,Winter_Storm_Alert_Promo,Native,Alberta,0.14,18697,161.3,134.18,4.33,273.28,7.18,0.832,2.037
2025-12-02,CMP1005,Local_News_Sponsorship,Native,Ontario,0.662,54517,979.3,384.46,19.44,1895.21,7.05,0.393,4.93
2025-11-27,CMP1002,Premium_Upgrade_Q1,Connected TV,British Columbia,0.377,54906,1100.5,482.91,1.1,75.47,8.8,0.439,0.156
2026-03-30,CMP1001,App_Download_Push,Display,British Columbia,0.522,50292,779.4,55.37,26.14,2517.4,1.1,0.071,45.463
2026-02-01,CMP1000,Winter_Storm_Alert_Promo,Video,Alberta,0.705,73030,1502.4,729.73,52.85,3953.2,9.99,0.486,5.417
2025-11-15,CMP1001,App_Download_Push,Native,Atlantic,0.186,61014,1064.5,469.73,55.15,3534.73,7.7,0.441,7.525
2025-12-06,CMP1000,Winter_Storm_Alert_Promo,Video,Ontario,0.682,90770,457.0,691.12,11.19,948.52,7.61,1.512,1.372
2026-02-09,CMP1004,Brand_Lift_National,Connected TV,Atlantic,0.796,38832,731.1,242.61,23.8,978.67,6.25,0.332,4.034
2025-11-20,CMP1004,Brand_Lift_National,video,Ontario,0.355,52493,1393.7,706.33,56.72,3759.4,13.46,0.507,5.322
2026-02-16,CMP1007,B2B_Partner_Coop,Search,Alberta,0.765,45963,46.0,344.01,3.06,148.03,7.48,7.484,0.43
2025-11-14,CMP1004,Brand_Lift_National,Video,Ontario,0.127,80055,2212.8,879.33,87.95,8922.17,10.98,0.397,10.147
2026-01-02,CMP1005,Local_News_Sponsorship,Connected TV,Atlantic,0.632,26787,247.9,199.19,18.14,1517.46,7.44,0.803,7.618
2025-12-11,CMP1006,Spring_Forecast_Launch,Display,Atlantic,0.982,66862,824.6,670.52,47.94,3245.47,10.03,0.813,4.84
2026-03-18,CMP1004,Brand_Lift_National,Display,Quebec,0.677,62407,1031.5,283.42,40.97,1466.33,4.54,0.275,5.174
2025-12-18,CMP1002,Premium_Upgrade_Q1,Video,Quebec,0.95,35416,429.6,403.66,14.65,1137.64,11.4,0.94,2.818
2026-04-05,CMP1001,App_Download_Push,Connected TV,Quebec,0.569,61058,1553.2,153.36,34.09,2921.34,2.51,0.099,19.049
2026-01-06,CMP1001,App_Download_Push,Search,British Columbia,0.77,42769,894.6,376.08,37.41,2584.85,8.79,0.42,6.873
2026-04-29,CMP1000,Winter_Storm_Alert_Promo,Video,British Columbia,0.619,60025,603.3,579.62,9.81,490.81,9.66,0.961,0.847
2026-04-07,CMP1003,Severe_Weather_Awareness,Search,British Columbia,0.421,58505,908.1,524.84,41.44,3731.85,8.97,0.578,7.11
2025-11-19,CMP1002,Premium_Upgrade_Q1,Display,British Columbia,0.142,57754,1285.0,813.49,70.71,6614.33,14.09,0.633,8.131
2026-02-19,CMP1004,Brand_Lift_National,Native,British Columbia,0.729,72616,1003.2,729.21,10.32,1105.35,10.04,0.727,1.516
2026-04-17,CMP1002,Premium_Upgrade_Q1,Native,Alberta,0.65,48632,910.3,610.56,30.43,2042.65,12.55,0.671,3.346
2025-11-19,CMP1001,App_Download_Push,Native,Alberta,0.142,49233,354.0,393.08,19.6,1109.98,7.98,1.111,2.824
2025-11-20,CMP1005,Local_News_Sponsorship,Video,British Columbia,0.355,66593,1522.4,711.61,85.59,6817.76,10.69,0.467,9.581
2026-03-05,CMP1007,B2B_Partner_Coop,Search,Atlantic,0.329,24460,114.1,188.78,5.8,462.94,7.72,,2.452
2026-02-15,CMP1002,Premium_Upgrade_Q1,Video,Quebec,0.683,50369,1191.5,556.17,50.13,1396.42,11.04,,2.511
2026-01-25,CMP1002,Premium_Upgrade_Q1,Search,Alberta,0.644,57146,1266.0,287.22,19.64,1223.39,5.03,0.227,4.259
2025-12-12,CMP1000,Winter_Storm_Alert_Promo,Display,British Columbia,0.819,75005,1158.2,539.22,32.17,2920.93,7.19,0.466,5.417
2026-03-13,CMP1007,B2B_Partner_Coop,Native,Quebec,0.33,47683,1081.5,367.67,50.79,927.4,7.71,0.34,2.522
2025-11-04,CMP1004,Brand_Lift_National,Connected TV,Quebec,0.314,33332,645.1,288.19,31.11,1905.59,8.65,0.447,6.612
2025-11-17,CMP1006,Spring_Forecast_Launch,Connected TV,Quebec,0.137,31364,357.3,337.05,18.58,1310.9,10.75,0.943,3.889
2026-03-26,CMP1000,Winter_Storm_Alert_Promo,Search,British Columbia,0.595,79746,1904.9,1110.64,98.3,7399.84,13.93,0.583,6.663
2026-03-29,CMP1000,Winter_Storm_Alert_Promo,Display,Quebec,0.305,28269,534.9,316.29,20.65,1651.49,11.19,0.591,5.221
2026-03-21,CMP1000,Winter_Storm_Alert_Promo,Display,British Columbia,0.352,55510,1257.0,727.08,50.99,4458.16,13.1,0.578,6.132
2026-01-18,CMP1004,Brand_Lift_National,Native,Quebec,0.731,70628,1518.9,859.01,52.56,2536.29,12.16,0.566,2.953
2026-03-31,CMP1002,Premium_Upgrade_Q1,Video,Ontario,0.39,25413,284.1,165.42,9.05,755.89,6.51,0.582,4.569
2026-03-04,CMP1005,Local_News_Sponsorship,Display,Ontario,0.424,65987,216.0,446.69,6.87,343.76,6.77,2.068,0.77
2026-04-15,CMP1007,B2B_Partner_Coop,Connected TV,Ontario,0.56,91002,1301.1,787.59,82.75,3900.33,8.65,0.605,4.952
2025-12-02,CMP1007,B2B_Partner_Coop,Connected TV,British Columbia,0.662,41764,871.8,41.76,43.69,4515.64,1.0,0.048,108.122
2026-02-06,CMP1000,Winter_Storm_Alert_Promo,Search,British Columbia,0.755,36699,673.7,333.27,49.09,3814.62,9.08,0.495,11.446
2026-01-11,CMP1001,App_Download_Push,Display,British Columbia,0.837,76557,1152.7,494.69,23.42,1246.64,6.46,0.429,2.52
2026-03-01,CMP1003,Severe_Weather_Awareness,Display,British Columbia,0.6,45743,311.4,370.92,17.43,1211.92,8.11,1.191,3.267
2026-01-09,CMP1004,Brand_Lift_National,Native,Quebec,0.879,58285,560.9,442.56,15.78,1118.77,7.59,0.789,2.528
2025-11-13,CMP1005,Local_News_Sponsorship,Native,Ontario,0.34,47654,484.4,239.03,26.22,1962.66,5.02,0.493,8.211
2026-03-07,CMP1005,Local_News_Sponsorship,Display,Alberta,0.496,69955,596.4,975.5,39.62,2972.55,13.94,1.636,3.047
2026-04-10,CMP1001,App_Download_Push,Connected TV,Ontario,0.456,53550,956.1,439.72,36.91,2893.21,8.21,0.46,6.58
2025-11-02,CMP1000,Winter_Storm_Alert_Promo,Video,British Columbia,0.14,34535,565.3,510.9,38.53,1846.85,14.79,0.904,3.615
2025-11-19,CMP1005,Local_News_Sponsorship,Video,Quebec,0.142,57192,511.7,422.67,16.58,1292.57,7.39,0.826,3.058
2026-02-25,CMP1003,Severe_Weather_Awareness,Native,Atlantic,0.861,77685,775.9,351.42,27.11,1665.86,4.52,0.453,4.74
2026-04-06,CMP1007,B2B_Partner_Coop,Display,Atlantic,0.315,36879,263.9,241.79,6.54,522.92,6.56,0.916,2.163
2025-11-28,CMP1002,Premium_Upgrade_Q1,Connected TV,British Columbia,0.382,29530,373.5,263.43,19.73,892.84,8.92,0.705,3.389
2026-02-26,CMP1000,Winter_Storm_Alert_Promo,Display,British Columbia,0.957,128878,1381.6,2367.97,60.98,4653.51,18.37,1.714,1.965
2026-03-12,CMP1001,App_Download_Push,Native,Alberta,0.555,52990,521.6,351.99,38.34,1808.39,6.64,0.675,5.138
2025-12-02,CMP1005,Local_News_Sponsorship,Search,British Columbia,0.662,54938,427.2,458.03,27.79,2759.25,8.34,1.072,6.024
2025-12-23,CMP1004,Brand_Lift_National,Video,Ontario,0.976,35534,35.5,262.71,1.4,72.33,7.39,7.393,0.275
2026-02-03,CMP1001,App_Download_Push,Search,Ontario,0.628,34823,350.6,290.53,6.02,475.86,8.34,0.829,1.638
2026-03-05,CMP1002,Premium_Upgrade_Q1,Native,Alberta,0.329,35605,639.0,302.93,1.81,131.57,8.51,0.474,0.434
2026-04-29,CMP1006,Spring_Forecast_Launch,Search,Ontario,0.619,75907,635.6,669.51,24.65,1810.48,8.82,1.053,2.704
2026-04-09,CMP1005,Local_News_Sponsorship,Video,Alberta,0.673,53694,1275.9,490.03,47.38,3441.08,9.13,0.384,7.022
2026-04-28,CMP1005,Local_News_Sponsorship,Native,Atlantic,0.676,42200,524.7,387.09,13.55,779.02,9.17,0.738,2.012
2026-02-19,CMP1001,App_Download_Push,Search,Alberta,0.729,21550,432.9,129.54,26.64,1348.41,6.01,0.299,10.409
2026-01-24,CMP1001,App_Download_Push,Native,Atlantic,0.625,70584,755.3,552.05,31.72,2018.69,7.82,0.731,3.657
2026-02-13,CMP1002,Premium_Upgrade_Q1,Connected TV,Atlantic,0.8,90799,1285.8,888.82,73.97,1606.58,9.79,0.691,1.808
2025-12-03,CMP1002,Premium_Upgrade_Q1,Search,Alberta,0.811,74364,1383.5,465.51,92.93,5386.73,6.26,0.336,11.572
2026-04-03,CMP1001,App_Download_Push,Display,Quebec  ,0.601,76096,1342.2,436.12,68.59,6705.65,5.73,0.325,15.376
2026-01-21,CMP1000,Winter_Storm_Alert_Promo,Native,Atlantic,0.92,93034,961.6,904.05,38.55,2102.72,9.72,0.94,2.326
2026-04-25,CMP1001,App_Download_Push,Search,Quebec,0.536,71762,1883.3,674.12,62.29,4449.95,9.39,0.358,6.601
2026-02-02,CMP1005,Local_News_Sponsorship,Native,Alberta,0.952,56010,348.2,597.54,20.12,1034.63,10.67,1.716,1.731
2025-11-02,CMP1002,Premium_Upgrade_Q1,Video,Alberta,0.14,54642,1742.3,750.4,110.81,8057.62,13.73,0.431,10.738
2026-03-28,CMP1004,Brand_Lift_National,Native,British Columbia,0.634,53106,1018.6,744.61,36.96,1584.01,14.02,0.731,2.127
2025-12-17,CMP1000,Winter_Storm_Alert_Promo,Search,British Columbia,0.82,71259,1820.6,415.11,90.87,6269.95,5.83,0.228,15.104
2025-12-10,CMP1000,Winter_Storm_Alert_Promo,Video,Quebec,0.987,104659,2058.4,787.51,93.13,5192.9,7.52,0.383,6.594
2026-01-27,CMP1001,App_Download_Push,Video,Quebec,0.948,71121,1133.1,1140.54,43.22,2202.33,16.04,1.007,1.931
2026-01-01,CMP1001,App_Download_Push,Connected TV,Atlantic,0.954,49613,1314.2,360.89,26.25,1964.9,7.27,0.275,5.445
2025-11-12,CMP1004,Brand_Lift_National,Native,Alberta,0.243,59256,929.3,612.83,30.72,2609.39,10.34,0.659,4.258
2025-11-05,CMP1006,Spring_Forecast_Launch,Video,Ontario,0.105,34529,432.5,171.19,20.18,1498.7,4.96,0.396,8.754
2025-12-31,CMP1005,Local_News_Sponsorship,Connected TV,Quebec,0.82,50484,1465.3,469.36,44.86,2973.69,9.3,0.32,6.336
2025-12-24,CMP1002,Premium_Upgrade_Q1,Connected TV,Ontario,0.631,42585,420.2,379.47,15.47,801.06,8.91,0.903,2.111
2026-03-17,CMP1006,Spring_Forecast_Launch,Search,Atlantic,0.511,54070,770.1,482.52,50.48,4205.13,8.92,0.627,8.715
2026-03-10,CMP1003,Severe_Weather_Awareness,Native,Quebec,0.348,40141,565.9,207.53,43.5,3170.01,5.17,0.367,15.275
2025-11-29,CMP1002,Premium_Upgrade_Q1,Video,Atlantic,0.374,37784,647.7,218.36,37.53,2516.54,5.78,0.337,11.525
2026-04-07,CMP1002,Premium_Upgrade_Q1,Display,British Columbia,0.421,54404,926.7,329.88,41.1,2178.34,6.06,0.356,6.603
2025-12-26,CMP1007,B2B_Partner_Coop,Search,Ontario,0.931,29107,108.6,272.76,1.95,111.83,9.37,2.512,0.41
2026-01-13,CMP1006,Spring_Forecast_Launch,Video,Alberta,0.709,39794,723.3,225.64,23.19,1254.05,5.67,0.312,5.558
2026-03-24,CMP1000,Winter_Storm_Alert_Promo,Display,Alberta,0.333,45662,1111.1,170.25,65.87,3784.68,3.73,0.153,22.23
2025-12-15,CMP1002,Premium_Upgrade_Q1,Connected TV,Alberta,0.976,36567,900.1,293.41,51.56,2906.04,8.02,0.326,9.904
2026-04-25,CMP1003,Severe_Weather_Awareness,Video,British Columbia,0.536,76985,1049.6,847.46,32.7,2534.56,11.01,0.807,2.991
2025-11-05,CMP1005,Local_News_Sponsorship,Display,Atlantic,0.105,68480,1154.4,683.01,26.25,1660.0,9.97,0.592,2.43
2025-12-03,CMP1000,Winter_Storm_Alert_Promo,Display,Quebec,0.811,37527,651.5,184.8,33.65,2592.09,4.92,0.284,14.027
2026-02-22,CMP1006,Spring_Forecast_Launch,Connected TV,Alberta,0.625,43254,689.5,301.61,18.13,993.32,6.97,0.437,3.293
2026-03-14,CMP1002,Premium_Upgrade_Q1,Connected TV,Quebec,0.557,70147,1729.1,635.94,76.16,5382.4,9.07,0.368,8.464
2026-04-13,CMP1002,Premium_Upgrade_Q1,Search,Alberta,0.602,58749,797.3,814.44,14.63,751.93,13.86,1.022,0.923
2026-01-14,CMP1000,Winter_Storm_Alert_Promo,Video,Quebec,0.737,24815,318.0,277.91,21.69,1338.57,11.2,0.874,4.817
2026-01-27,CMP1002,Premium_Upgrade_Q1,Search,Alberta,0.948,116738,1560.6,1748.39,4.38,267.72,14.98,1.12,0.153
2025-11-05,CMP1002,Premium_Upgrade_Q1,Display,Atlantic,0.105,50619,763.5,472.86,35.41,929.86,9.34,0.619,1.966
2025-11-28,CMP1005,Local_News_Sponsorship,Native,Ontario,0.382,50478,752.8,551.98,24.9,956.84,10.93,0.733,1.733
2026-02-04,CMP1003,Severe_Weather_Awareness,Display,Ontario,0.654,66438,1145.3,333.74,46.09,4480.35,5.02,0.291,13.425
2026-01-28,CMP1000,Winter_Storm_Alert_Promo,Search,Atlantic,0.886,73596,886.4,812.2,10.56,959.72,11.04,0.916,1.182
2026-04-11,CMP1006,Spring_Forecast_Launch,Native,British Columbia,0.61,27179,447.2,220.28,21.03,1506.63,8.1,0.493,6.839
2025-12-02,CMP1003,Severe_Weather_Awareness,Connected TV,Atlantic,0.662,46430,470.7,308.48,19.35,891.87,6.64,0.655,2.891
2026-02-05,CMP1002,Premium_Upgrade_Q1,Connected TV,Ontario,0.851,47971,713.6,604.44,44.03,3305.93,12.6,0.847,5.469
2026-01-19,CMP1003,Severe_Weather_Awareness,Connected TV,British Columbia,0.774,23481,305.1,147.17,13.53,1098.98,6.27,0.482,7.467
2025-11-29,CMP1006,Spring_Forecast_Launch,Video,British Columbia,0.374,40564,334.9,345.36,9.25,671.13,8.51,1.031,1.943
2026-04-19,CMP1003,Severe_Weather_Awareness,Native,Alberta,0.531,38818,675.1,167.13,42.84,4102.3,4.31,0.248,24.545
2026-02-25,CMP1002,Premium_Upgrade_Q1,Connected TV,Quebec,0.861,17755,376.3,120.93,13.27,1025.36,6.81,0.321,8.479
2026-02-10,CMP1003,Severe_Weather_Awareness,Search,British Columbia,0.709,70644,1380.0,725.95,42.62,4578.48,10.28,0.526,6.307
2026-03-21,CMP1003,Severe_Weather_Awareness,Video,Atlantic,0.352,30785,479.5,206.73,16.13,919.04,6.72,0.431,4.446
2025-11-04,CMP1006,Spring_Forecast_Launch,Native,British Columbia,0.314,49845,420.7,473.16,17.21,670.17,9.49,1.125,1.416
2025-11-19,CMP1005,Local_News_Sponsorship,Video,Alberta,0.142,58592,1209.1,641.0,104.38,7861.97,10.94,0.53,12.265
2026-04-11,CMP1007,B2B_Partner_Coop,Connected TV,Atlantic,0.61,37110,511.8,74.94,25.6,1957.49,2.02,0.146,26.121
2025-11-26,CMP1001,App_Download_Push,Connected TV,Atlantic,0.145,55128,735.3,386.4,5.3,446.96,7.01,0.525,1.157
2026-04-19,CMP1007,B2B_Partner_Coop,Connected TV,Alberta,0.531,69223,1382.7,542.85,55.26,2218.04,7.84,0.393,4.086
2025-12-03,CMP1004,Brand_Lift_National,Display,Quebec,0.811,55626,263.5,397.25,15.08,577.27,7.14,1.508,1.453
2025-12-09,CMP1005,Local_News_Sponsorship,Connected TV,Atlantic,0.866,63147,812.2,631.44,31.71,2370.97,10.0,0.777,3.755
2026-03-22,CMP1007,B2B_Partner_Coop,Connected TV,Quebec,0.353,64286,1358.2,507.02,47.45,3037.22,7.89,0.373,5.99
2026-02-17,CMP1003,Severe_Weather_Awareness,Display,Quebec,0.614,54503,410.7,533.97,23.83,1896.04,9.8,1.3,3.551
2026-02-04,CMP1002,Premium_Upgrade_Q1,Search,Quebec,0.654,65768,1230.1,606.26,59.33,1428.56,9.22,0.493,2.356
2026-04-12,CMP1007,B2B_Partner_Coop,Display,Atlantic,0.306,68646,1320.3,677.74,33.23,1350.09,9.87,0.513,1.992
2025-12-19,CMP1006,Spring_Forecast_Launch,Display,British Columbia,0.843,48121,728.3,474.01,30.76,1824.63,9.85,0.651,3.849
2026-03-12,CMP1003,Severe_Weather_Awareness,Display,Atlantic,0.555,75668,1251.4,624.96,46.24,2377.18,8.26,0.499,3.804
2026-02-12,CMP1003,Severe_Weather_Awareness,Search,Alberta,0.805,74478,794.0,502.44,38.11,2586.26,6.75,0.633,5.147
2026-04-17,CMP1002,Premium_Upgrade_Q1,Connected TV,Quebec,0.65,42551,1238.0,483.25,67.3,4455.13,11.36,0.39,9.219
2026-03-26,CMP1004,Brand_Lift_National,Display,Atlantic,0.595,36707,324.5,125.71,19.63,996.99,3.42,0.387,7.931
2026-04-26,CMP1002,Premium_Upgrade_Q1,Native,Atlantic,0.419,44587,537.7,450.82,18.81,750.55,10.11,0.838,1.665
2026-01-03,CMP1005,Local_News_Sponsorship,Connected TV,Quebec,0.611,55760,856.1,402.78,35.3,1829.76,7.22,0.47,4.543
2026-03-21,CMP1004,Brand_Lift_National,Display,Alberta,0.352,67942,1032.3,285.5,63.32,3668.79,4.2,0.277,12.85
2026-03-30,CMP1002,Premium_Upgrade_Q1,Display,British Columbia,0.522,54912,766.5,570.87,47.65,2629.21,10.4,0.745,4.606
2026-01-18,CMP1003,Severe_Weather_Awareness,Video,British Columbia,0.731,128609,2239.8,2108.22,105.98,5237.72,16.39,0.941,2.484
2025-11-19,CMP1001,App_Download_Push,Display,Ontario,0.142,54564,638.9,469.42,24.97,1974.58,8.6,0.735,4.206
2025-11-27,CMP1001,App_Download_Push,Connected TV,Alberta,0.377,66165,286.0,402.49,13.86,906.9,6.08,1.407,2.253
2025-12-23,CMP1000,Winter_Storm_Alert_Promo,Connected TV,Alberta,0.976,61251,1446.7,647.94,68.23,4021.26,10.58,0.448,6.206
2026-02-13,CMP1006,Spring_Forecast_Launch,Video,Alberta,0.8,31685,712.4,370.78,27.71,2075.84,11.7,0.52,5.599
2026-03-18,CMP1007,B2B_Partner_Coop,Search,Atlantic,0.677,36648,599.8,240.49,25.61,1078.23,6.56,0.401,4.483
2025-11-21,CMP1000,Winter_Storm_Alert_Promo,Video,Quebec,0.139,37264,645.0,193.44,10.9,683.85,5.19,0.3,3.535
2025-11-19,CMP1004,Brand_Lift_National,Search,British Columbia,0.142,53683,790.8,267.72,43.09,2481.92,4.99,0.339,9.27
2025-12-10,CMP1003,Severe_Weather_Awareness,Video,Quebec,0.987,48309,724.9,425.27,10.45,630.74,8.8,0.587,1.483
2025-12-10,CMP1004,Brand_Lift_National,Video,Alberta,0.987,34346,295.4,408.49,8.57,636.68,11.89,1.383,1.559
2025-11-20,CMP1005,Local_News_Sponsorship,Native,Ontario,0.355,22499,463.9,104.33,16.45,1429.38,4.64,0.225,13.701
2026-02-10,CMP1005,Local_News_Sponsorship,Connected TV,Alberta,0.709,76180,1371.6,1053.01,82.39,5102.91,13.82,0.768,4.846
2025-11-19,CMP1007,B2B_Partner_Coop,Search,British Columbia,0.142,46362,395.3,205.38,13.75,1103.68,4.43,0.52,5.374
2025-11-28,CMP1002,Premium_Upgrade_Q1,Display,Alberta,0.382,60666,527.6,250.48,27.96,1957.28,4.13,0.475,7.814
2026-02-06,CMP1001,App_Download_Push,Native,Ontario,0.755,47793,715.7,237.52,25.69,1429.57,4.97,0.332,6.019
2026-02-07,CMP1004,Brand_Lift_National,Display,Alberta,0.895,34952,420.9,315.16,19.56,1966.52,9.02,0.749,6.24
2026-04-03,CMP1001,App_Download_Push,Native,Ontario,0.601,63498,1674.7,764.28,48.9,4517.98,12.04,0.456,5.911
2025-12-31,CMP1005,Local_News_Sponsorship,Native,Alberta,0.82,84189,1415.5,766.21,29.33,2466.88,9.1,0.541,3.22
2026-02-19,CMP1003,Severe_Weather_Awareness,Connected TV,Ontario,0.729,68513,1384.1,575.12,61.85,3924.21,8.39,0.416,6.823
2026-01-23,CMP1003,Severe_Weather_Awareness,Search,British Columbia,0.64,39629,755.5,533.1,11.89,546.77,13.45,0.706,1.026
2025-11-09,CMP1004,Brand_Lift_National,Video,British Columbia,0.317,47041,347.7,76.48,12.69,776.91,1.63,0.22,10.158
2026-01-23,CMP1001,App_Download_Push,Video,British Columbia,0.64,48477,916.0,581.48,19.58,1009.83,11.99,0.635,1.737
2025-12-04,CMP1005,Local_News_Sponsorship,Display,Atlantic,0.786,109658,2694.3,2052.8,184.87,16531.96,18.72,0.762,8.053
2026-03-27,CMP1005,Local_News_Sponsorship,Video,Ontario,0.462,87513,1275.6,1933.56,96.66,5644.74,22.09,1.516,2.919
2025-12-11,CMP1007,B2B_Partner_Coop,Connected TV,Alberta,0.982,47645,1301.1,289.56,38.4,3460.36,6.08,0.223,11.95
2026-04-02,CMP1001,App_Download_Push,Video,Atlantic,0.656,18300,143.6,230.64,8.24,490.67,12.6,1.606,2.127
2026-03-28,CMP1007,B2B_Partner_Coop,Display,Alberta,0.634,69843,1382.1,719.46,52.7,3534.68,10.3,0.521,4.913
2025-12-27,CMP1002,Premium_Upgrade_Q1,Connected TV,Quebec,0.815,110252,1875.5,2134.66,31.05,1662.66,19.36,1.138,0.779
2026-01-16,CMP1006,Spring_Forecast_Launch,Connected TV,Alberta,0.809,58054,1348.1,642.46,60.41,4653.21,11.07,0.477,7.243
2026-03-23,CMP1000,Winter_Storm_Alert_Promo,Video,Alberta,0.372,67906,669.8,644.83,42.81,2406.62,9.5,0.963,3.732
2025-12-19,CMP1007,B2B_Partner_Coop,Search,Alberta,0.843,35356,246.3,270.01,6.34,689.59,7.64,1.096,2.554
2025-11-15,CMP1007,B2B_Partner_Coop,Search,Quebec,0.186,51449,1144.5,394.98,42.11,3296.3,7.68,0.345,8.346
2026-03-02,CMP1002,Premium_Upgrade_Q1,Search,British Columbia,0.593,56354,423.3,409.62,20.87,1836.05,7.27,0.968,4.482
2026-02-19,CMP1007,B2B_Partner_Coop,Video,Quebec,0.729,61618,1342.8,607.02,36.37,2205.78,9.85,0.452,3.634
2026-03-19,CMP1006,Spring_Forecast_Launch,Native,Alberta,0.363,63484,159.6,408.55,5.23,319.13,6.44,,0.781
2025-11-19,CMP1007,B2B_Partner_Coop,Search,Alberta,0.142,50649,186.7,380.19,7.63,452.8,7.51,2.036,1.191
2026-02-12,CMP1005,Local_News_Sponsorship,Video,British Columbia,0.805,54120,1033.5,399.0,37.75,2921.35,7.37,0.386,7.322
2025-12-21,CMP1004,Brand_Lift_National,Connected TV,Quebec,0.786,40485,729.0,241.34,46.36,3470.76,5.96,0.331,14.381
2025-11-30,CMP1001,App_Download_Push,Display,British Columbia,0.151,72955,1442.5,1428.58,70.37,5704.45,19.58,0.99,3.993
2025-11-12,CMP1005,Local_News_Sponsorship,Video,Atlantic,0.243,46579,305.5,165.62,11.02,728.82,3.56,0.542,4.401
2026-04-28,CMP1004,Brand_Lift_National,Search,Alberta,0.676,26393,335.1,195.24,10.68,407.98,7.4,0.583,2.09
2026-01-31,CMP1000,Winter_Storm_Alert_Promo,Video,Quebec,0.712,83882,1240.2,642.75,55.98,5442.55,7.66,0.518,8.468
2026-01-20,CMP1006,Spring_Forecast_Launch,Search,Alberta,0.941,77312,1644.2,809.52,34.59,2629.15,10.47,0.492,3.248
2025-11-09,CMP1000,Winter_Storm_Alert_Promo,Connected TV,British Columbia,0.317,62363,1613.8,507.63,71.57,7981.29,8.14,0.315,15.723
2026-01-31,CMP1000,Winter_Storm_Alert_Promo,Video,Atlantic,0.712,78116,1301.9,872.56,85.84,6010.17,11.17,0.67,6.888
2026-01-02,CMP1003,Severe_Weather_Awareness,Display,Ontario,0.632,52696,1278.1,488.31,1.28,144.97,9.27,0.382,0.297
2025-12-26,CMP1004,Brand_Lift_National,Video,Ontario,0.931,69549,2018.0,445.48,83.36,3385.67,6.41,0.221,7.6
2026-04-14,CMP1002,Premium_Upgrade_Q1,Native,Alberta,0.669,38829,669.7,269.79,28.24,1238.08,6.95,0.403,4.589
2026-03-28,CMP1002,Premium_Upgrade_Q1,Display,Ontario  ,0.634,52556,994.0,551.37,50.76,3325.15,10.49,0.555,6.031
2025-11-28,CMP1003,Severe_Weather_Awareness,Native,Quebec,0.382,34515,524.3,263.32,30.62,1469.72,7.63,0.502,5.582
2026-03-26,CMP1005,Local_News_Sponsorship,Video,British Columbia,0.595,42569,519.4,382.32,17.75,1326.8,8.98,0.736,3.47
2026-02-02,CMP1002,Premium_Upgrade_Q1,Connected TV,Ontario,0.952,58074,990.7,727.86,45.12,2658.54,12.53,0.735,3.653
2026-03-19,CMP1006,Spring_Forecast_Launch,Connected TV,British Columbia,0.363,58215,828.4,499.09,40.05,2973.09,8.57,0.602,5.957
2025-11-23,CMP1004,Brand_Lift_National,Search,British Columbia,0.383,21028,439.5,145.68,12.12,1104.77,6.93,0.331,7.584
2025-12-18,CMP1006,Spring_Forecast_Launch,Video,Alberta,0.95,62006,1677.8,692.25,54.29,2410.88,11.16,0.413,3.483
2026-01-21,CMP1002,Premium_Upgrade_Q1,Video,Atlantic,0.92,64482,391.2,335.76,13.82,1302.51,5.21,0.858,3.879
2026-04-28,CMP1000,Winter_Storm_Alert_Promo,Search,British Columbia,0.676,97092,1701.4,520.88,96.52,5413.43,5.36,0.306,10.393
2026-04-13,CMP1000,Winter_Storm_Alert_Promo,Display,Quebec,0.602,80314,1092.9,570.64,28.75,1328.2,7.11,0.522,2.328
2026-01-21,CMP1006,Spring_Forecast_Launch,Native,Ontario,0.92,27244,459.8,160.14,11.38,743.37,5.88,0.348,4.642
2025-12-31,CMP1005,Local_News_Sponsorship,Connected TV,Alberta,0.82,24834,618.5,187.83,22.32,1821.35,7.56,0.304,9.697
2026-01-05,CMP1007,B2B_Partner_Coop,Connected TV,Atlantic,0.64,61901,2237.2,466.17,100.34,12200.05,7.53,0.208,26.171
2026-03-22,CMP1003,Severe_Weather_Awareness,Video,Atlantic,0.353,78131,669.7,483.95,16.44,1169.96,6.19,0.723,2.418
2026-02-07,CMP1006,Spring_Forecast_Launch,Video,Alberta,0.895,80094,1537.9,878.29,81.55,6306.88,10.97,0.571,7.181
2026-02-07,CMP1000,Winter_Storm_Alert_Promo,Search,Ontario,0.895,42716,693.5,525.07,24.72,1455.08,12.29,0.757,2.771
2026-01-23,CMP1005,Local_News_Sponsorship,Native,Alberta,0.64,42408,219.1,398.58,7.98,291.39,9.4,1.819,0.731
2025-11-21,CMP1001,App_Download_Push,Search,Ontario,0.139,51844,724.8,619.71,47.22,3746.88,11.95,0.855,6.046
2026-01-16,CMP1002,Premium_Upgrade_Q1,Search,Atlantic,0.809,87910,988.7,1259.47,8.37,651.01,14.33,1.274,0.517
2025-12-04,CMP1001,App_Download_Push,Display,Atlantic,0.786,117054,2766.5,2717.32,150.59,14143.63,23.21,0.982,5.205
2025-12-24,CMP1001,App_Download_Push,Video,Alberta,0.631,46212,1158.3,474.43,52.53,1457.84,10.27,0.41,3.073
2026-02-26,CMP1000,Winter_Storm_Alert_Promo,Search,Atlantic,0.957,100419,1501.9,2442.44,43.01,2156.98,24.32,1.626,0.883
2025-11-03,CMP1003,Severe_Weather_Awareness,Video,Atlantic,0.147,47854,1035.4,291.67,46.82,2661.87,6.09,0.282,9.126
2026-02-22,CMP1004,Brand_Lift_National,Native,Atlantic,0.625,45806,377.4,344.93,11.16,1046.47,7.53,0.914,3.034
2026-03-10,CMP1001,App_Download_Push,Connected TV,Alberta,0.348,67730,2238.0,616.5,128.02,7394.33,9.1,,11.994
2026-01-20,CMP1000,Winter_Storm_Alert_Promo,Video,Ontario,0.941,59039,1108.6,588.01,29.49,2438.76,9.96,0.53,4.147
2025-11-16,CMP1007,B2B_Partner_Coop,Video,Ontario,0.307,65237,1015.5,556.28,39.76,2125.92,8.53,0.548,3.822
2026-03-19,CMP1005,Local_News_Sponsorship,Native,Alberta,0.363,48791,876.0,475.93,34.41,1948.71,9.75,0.543,4.094
2025-11-06,CMP1001,App_Download_Push,Connected TV,Quebec,0.253,31394,405.1,136.95,9.85,439.32,4.36,0.338,3.208
2026-04-13,CMP1000,Winter_Storm_Alert_Promo,Connected TV,Quebec,0.602,46858,817.8,366.87,55.07,4526.21,7.83,0.449,12.337
2025-12-10,CMP1007,B2B_Partner_Coop,Video,British Columbia,0.987,82261,1510.5,808.66,105.04,3502.15,9.83,0.535,4.331
2026-03-16,CMP1001,App_Download_Push,Native,British Columbia,0.303,121448,1856.9,2225.0,59.38,5677.01,18.32,1.198,2.551
2025-11-24,CMP1003,Severe_Weather_Awareness,Connected TV,British Columbia,0.166,78100,824.1,153.82,27.02,1542.51,1.97,0.187,10.028
2026-01-29,CMP1000,Winter_Storm_Alert_Promo,Native,Atlantic,0.875,120780,1557.4,660.7,34.68,2929.72,5.47,0.424,4.434
2026-04-01,CMP1002,Premium_Upgrade_Q1,Video,Atlantic,0.668,36483,1011.3,334.65,28.51,1763.46,9.17,0.331,5.27
2026-04-14,CMP1001,App_Download_Push,Video,Ontario,0.669,92237,1832.2,828.65,125.55,4479.6,8.98,0.452,5.406
2026-03-16,CMP1001,App_Download_Push,Search,Ontario,0.303,90319,1873.6,2002.48,69.13,6391.08,22.17,1.069,3.192
2026-04-18,CMP1007,B2B_Partner_Coop,Display,Ontario,0.601,41812,638.2,307.62,25.47,1940.02,7.36,0.482,6.307
2026-01-22,CMP1005,Local_News_Sponsorship,Native,Ontario,0.923,35623,578.1,128.3,16.36,410.06,3.6,0.222,3.196
2025-12-22,CMP1000,Winter_Storm_Alert_Promo,Search,Alberta,0.871,76114,1893.3,1092.8,81.62,2021.98,14.36,0.577,1.85
2025-12-04,CMP1004,Brand_Lift_National,Search,Quebec,0.786,211278,1572.6,2899.13,60.47,5013.66,13.72,1.844,1.729
2025-11-05,CMP1003,Severe_Weather_Awareness,Display,Atlantic,0.105,34198,768.4,253.81,1.9,58.79,7.42,0.33,0.232
2026-02-08,CMP1002,Premium_Upgrade_Q1,Native,Quebec,0.685,49947,696.6,599.05,35.93,2391.45,11.99,0.86,3.992
2025-11-24,CMP1003,Severe_Weather_Awareness,Video,Quebec,0.166,60118,1108.1,567.48,58.72,4654.49,9.44,0.512,8.202
2026-04-10,CMP1001,App_Download_Push,Search,Alberta,0.456,48671,785.1,214.39,51.0,3155.5,4.4,0.273,14.718
2026-01-21,CMP1002,Premium_Upgrade_Q1,Video,Ontario,0.92,28261,540.7,202.4,24.95,2249.14,7.16,0.374,11.113
2026-01-22,CMP1007,B2B_Partner_Coop,connected tv,Atlantic,0.923,52959,1113.0,447.5,70.0,2396.19,8.45,0.402,5.355
2026-04-05,CMP1004,Brand_Lift_National,Search,Ontario,0.569,62810,1289.8,334.38,56.66,4589.37,5.32,0.259,13.725
2025-11-05,CMP1005,Local_News_Sponsorship,Connected TV,Atlantic,0.105,39395,491.6,555.76,19.65,1437.57,14.11,1.131,2.587
2025-11-20,CMP1004,Brand_Lift_National,Connected TV,Atlantic,0.355,62520,1337.1,759.9,36.51,2545.95,12.15,0.568,3.35
2026-04-05,CMP1007,B2B_Partner_Coop,Video,Ontario,0.569,43081,719.9,296.07,45.51,3936.43,6.87,0.411,13.295
2026-03-25,CMP1003,Severe_Weather_Awareness,Search,Alberta,0.47,73427,903.7,731.15,48.75,2259.88,9.96,0.809,3.091
2025-12-31,CMP1005,Local_News_Sponsorship,Display,Quebec,0.82,39135,1003.2,415.6,61.3,4289.08,10.62,0.414,10.32
2026-03-08,CMP1004,Brand_Lift_National,Connected TV,Alberta,0.319,80418,1681.5,757.85,62.57,4707.65,9.42,0.451,6.212
2025-12-29,CMP1006,Spring_Forecast_Launch,Connected TV,Quebec,0.631,47637,1048.3,359.19,24.09,1177.21,7.54,0.343,3.277
2025-11-03,CMP1005,Local_News_Sponsorship,Display,Ontario,0.147,25132,414.3,202.37,15.0,927.17,8.05,0.488,4.582
2026-03-27,CMP1006,Spring_Forecast_Launch,Video,British Columbia,0.462,94196,1294.0,1943.5,34.37,2122.38,20.63,1.502,1.092
2026-02-04,CMP1005,Local_News_Sponsorship,Native,Ontario,0.654,56641,960.2,211.75,14.17,948.48,3.74,0.221,4.479
2026-01-02,CMP1003,Severe_Weather_Awareness,Native,British Columbia,0.632,77283,821.7,892.82,27.23,1546.42,11.55,1.087,1.732
2026-03-12,CMP1006,Spring_Forecast_Launch,Display,Quebec,0.555,63486,2219.8,491.79,139.98,13674.83,7.75,0.222,27.806
2025-11-18,CMP1001,App_Download_Push,Connected TV,British Columbia,0.198,46259,937.3,620.58,15.73,938.96,13.42,0.662,1.513
2025-12-08,CMP1005,Local_News_Sponsorship,Display,British Columbia,0.915,22444,358.5,214.1,13.58,783.22,9.54,0.597,3.658
2026-03-24,CMP1004,Brand_Lift_National,Native,Atlantic,0.333,65787,1367.3,419.0,81.04,6354.43,6.37,0.306,15.166
2025-12-21,CMP1006,Spring_Forecast_Launch,Native,British Columbia,0.786,58508,1120.0,497.12,36.69,2168.58,8.5,0.444,4.362
2026-01-19,CMP1003,Severe_Weather_Awareness,Native,Quebec,0.774,94438,1490.9,565.27,84.85,5760.06,5.99,0.379,10.19
2025-12-01,CMP1000,Winter_Storm_Alert_Promo,Display,Ontario,0.68,47229,793.0,446.24,20.48,1017.65,9.45,0.563,2.281
2026-02-14,CMP1003,Severe_Weather_Awareness,Video,Alberta,0.844,73436,962.3,736.12,39.45,2495.98,10.02,0.765,3.391
2026-01-01,CMP1000,Winter_Storm_Alert_Promo,Search,Atlantic,0.954,77129,781.5,571.7,33.48,2094.37,7.41,0.732,3.663
2025-11-08,CMP1007,B2B_Partner_Coop,Connected TV,Quebec,0.364,37152,864.2,406.0,34.93,2118.77,10.93,0.47,5.219
2026-01-25,CMP1006,Spring_Forecast_Launch,Display,Ontario,0.644,64209,639.0,434.3,20.33,724.95,6.76,0.68,1.669
2025-11-29,CMP1000,Winter_Storm_Alert_Promo,Video,Quebec,0.374,38927,647.4,269.74,23.19,1712.37,6.93,0.417,6.348
2026-01-22,CMP1003,Severe_Weather_Awareness,Connected TV,Atlantic,0.923,48478,686.3,524.6,37.35,2987.73,10.82,0.764,5.695
2025-11-30,CMP1003,Severe_Weather_Awareness,Connected TV,Atlantic,0.151,82477,752.8,1122.19,35.88,2567.62,13.61,1.491,2.288
2026-03-01,CMP1002,Premium_Upgrade_Q1,Display,Ontario,0.6,58841,1253.6,628.91,32.88,2318.81,10.69,0.502,3.687
2026-02-14,CMP1002,Premium_Upgrade_Q1,Display,Ontario,0.844,73282,1125.9,702.39,27.34,2125.32,9.58,0.624,3.026
2026-02-20,CMP1000,Winter_Storm_Alert_Promo,Connected TV,British Columbia,0.916,34667,690.1,202.81,29.9,2102.96,5.85,0.294,10.369
2026-03-07,CMP1001,App_Download_Push,Display,British Columbia,0.496,30902,552.5,261.61,11.71,527.18,8.47,0.474,2.015
2026-03-07,CMP1005,Local_News_Sponsorship,native,Atlantic,0.496,53111,375.7,718.82,18.05,1248.37,13.53,1.913,1.737
2026-03-07,CMP1004,Brand_Lift_National,Display,Alberta,0.496,58302,1093.0,366.74,45.04,2848.75,6.29,,7.768
2026-04-27,CMP1006,Spring_Forecast_Launch,Search,Ontario,0.511,65460,867.6,551.69,20.24,1194.34,8.43,0.636,2.165
2026-02-27,CMP1005,Local_News_Sponsorship,Search,Alberta,0.742,74041,362.7,622.81,14.27,805.25,8.41,1.717,1.293
2026-03-31,CMP1000,Winter_Storm_Alert_Promo,Video,Atlantic,0.39,68353,827.0,521.1,15.87,458.8,7.62,0.63,0.88
2025-11-04,CMP1006,Spring_Forecast_Launch,Search,Atlantic,0.314,69453,1350.2,700.94,60.91,1786.32,10.09,0.519,2.548
2026-02-23,CMP1005,Local_News_Sponsorship,Display,Quebec,0.77,60099,1128.7,514.39,44.32,2803.32,8.56,0.456,5.45
2026-02-13,CMP1007,B2B_Partner_Coop,Display,Alberta,0.8,74437,1607.5,724.63,18.49,1144.43,9.73,0.451,1.579
2026-01-13,CMP1004,Brand_Lift_National,Display,Ontario,0.709,71206,920.7,837.49,28.12,794.08,11.76,0.91,0.948
2025-12-10,CMP1007,B2B_Partner_Coop,Native,Ontario,0.987,34308,738.4,309.57,45.32,1886.6,9.02,0.419,6.094
2026-01-29,CMP1006,Spring_Forecast_Launch,Connected TV,Alberta,0.875,41435,526.8,381.82,23.32,1432.31,9.21,0.725,3.751
2025-11-08,CMP1005,Local_News_Sponsorship,Connected TV,British Columbia,0.364,61734,1512.8,474.74,55.88,3082.85,7.69,0.314,6.494
2026-04-19,CMP1000,Winter_Storm_Alert_Promo,Display,Quebec,0.531,32329,575.9,355.34,7.74,384.11,10.99,0.617,1.081
2026-02-23,CMP1001,App_Download_Push,Connected TV,British Columbia,0.77,49948,910.7,409.88,42.0,1922.65,8.21,0.45,4.691
2025-11-09,CMP1005,Local_News_Sponsorship,Connected TV,Atlantic,0.317,26171,329.8,198.55,6.39,334.84,7.59,,1.686
2025-11-20,CMP1007,B2B_Partner_Coop,Video,Atlantic,0.355,28667,615.0,269.24,21.79,1611.13,9.39,0.438,5.984
2026-02-24,CMP1005,Local_News_Sponsorship,Display,Ontario,0.857,64020,1004.9,550.27,29.54,1952.22,8.6,0.548,3.548
2026-03-23,CMP1000,Winter_Storm_Alert_Promo,Connected TV,British Columbia,0.372,49263,841.6,446.89,20.68,1145.23,9.07,0.531,2.563
2025-12-10,CMP1005,Local_News_Sponsorship,Display,Quebec,0.987,70847,977.6,787.45,38.66,1755.72,11.11,0.805,2.23
2025-11-20,CMP1003,Severe_Weather_Awareness,Connected TV,British Columbia,0.355,51974,1032.9,436.54,7.31,179.35,8.4,0.423,0.411
2025-12-30,CMP1001,App_Download_Push,Native,Ontario,0.769,50090,723.8,554.47,46.57,1262.6,11.07,0.766,2.277
2026-04-24,CMP1000,Winter_Storm_Alert_Promo,Display,Alberta,0.658,51342,456.6,441.04,7.36,470.27,8.59,0.966,1.066
2025-12-30,CMP1002,Premium_Upgrade_Q1,Connected TV,Ontario,0.769,26896,528.7,281.71,28.37,1732.2,10.47,0.533,6.149
2025-11-20,CMP1000,Winter_Storm_Alert_Promo,Video,British Columbia,0.355,59476,564.9,515.21,26.16,2132.17,8.66,0.912,4.138
2025-12-05,CMP1004,Brand_Lift_National,Search,Atlantic,0.781,32979,648.5,338.98,43.57,2234.38,10.28,0.523,6.591
2026-03-30,CMP1003,Severe_Weather_Awareness,Search,Quebec,0.522,52883,962.1,314.19,33.6,1965.32,5.94,0.327,6.255
2026-03-06,CMP1003,Severe_Weather_Awareness,Native,Atlantic,0.632,108185,1401.1,1015.96,75.14,3906.08,9.39,0.725,3.845
2026-01-30,CMP1007,B2B_Partner_Coop,Display,Alberta,0.87,38342,452.1,305.48,15.98,1074.41,7.97,0.676,3.517
2025-12-16,CMP1007,B2B_Partner_Coop,Display,British Columbia,0.729,51196,1105.0,479.94,27.32,1669.74,9.37,0.434,3.479
2026-02-09,CMP1006,Spring_Forecast_Launch,Native,Atlantic,0.796,32531,761.6,226.55,26.73,874.29,6.96,0.297,3.859
2026-01-14,CMP1006,Spring_Forecast_Launch,Native,Alberta,0.737,50985,1450.9,550.01,62.52,4604.79,10.79,0.379,8.372
2026-03-31,CMP1001,App_Download_Push,Connected TV,Alberta,0.39,55545,818.2,430.54,41.87,2457.04,7.75,0.526,5.707
2026-04-10,CMP1000,Winter_Storm_Alert_Promo,Display,British Columbia,0.456,26832,413.7,137.72,0.41,18.92,5.13,0.333,0.137
2026-04-21,CMP1001,App_Download_Push,Native,Atlantic,0.505,56848,1042.9,329.32,46.99,2440.52,5.79,0.316,7.411
2025-12-06,CMP1000,Winter_Storm_Alert_Promo,Display,Atlantic,0.682,66790,1533.3,259.3,54.12,2217.41,3.88,0.169,8.552
2026-02-24,CMP1006,Spring_Forecast_Launch,Native,Ontario,0.857,39303,699.3,264.35,23.1,1815.71,6.73,0.378,6.869
2026-04-22,CMP1001,App_Download_Push,Video,Alberta,0.651,60811,1155.3,672.87,44.99,1966.75,11.06,0.582,2.923
2026-04-16,CMP1006,Spring_Forecast_Launch,Video,Ontario,0.544,35387,601.5,245.74,27.89,1955.41,6.94,0.409,7.957
2026-02-14,CMP1003,Severe_Weather_Awareness,Search,Alberta,0.844,60474,1464.0,409.0,53.26,3227.03,6.76,0.279,7.89
2025-12-14,CMP1003,Severe_Weather_Awareness,Search,British Columbia,0.816,51721,362.4,333.13,16.97,1519.37,6.44,0.919,4.561
2026-04-22,CMP1003,Severe_Weather_Awareness,Connected TV,Quebec,0.651,61732,1144.3,518.06,29.64,1669.53,8.39,0.453,3.223
2026-02-15,CMP1007,B2B_Partner_Coop,Video,Quebec,0.683,81128,465.1,672.96,16.8,1460.97,8.29,1.447,2.171
2025-12-29,CMP1006,Spring_Forecast_Launch,Search,British Columbia,0.631,55344,994.3,427.64,33.95,2588.05,7.73,0.43,6.052
2026-01-18,CMP1006,Spring_Forecast_Launch,Native,Atlantic,0.731,82364,724.5,1293.71,31.76,928.31,15.71,1.786,0.718
2026-03-21,CMP1000,Winter_Storm_Alert_Promo,Display,Alberta,0.352,56640,1012.0,756.56,21.1,1365.85,13.36,0.748,1.805
2026-04-14,CMP1000,Winter_Storm_Alert_Promo,Native,Alberta,0.669,41676,750.7,225.97,39.51,2803.19,5.42,0.301,12.405
2025-12-24,CMP1005,Local_News_Sponsorship,Display,British Columbia,0.631,51903,1053.9,371.82,52.49,2016.61,7.16,0.353,5.424
2026-02-25,CMP1006,Spring_Forecast_Launch,Display,Atlantic,0.861,48650,984.4,245.52,46.03,3580.0,5.05,0.249,14.581
2026-03-12,CMP1002,Premium_Upgrade_Q1,Search,British Columbia,0.555,40519,782.3,353.68,26.23,1387.36,8.73,0.452,3.923
2025-11-11,CMP1005,Local_News_Sponsorship,Display,Ontario,0.281,20321,175.1,182.87,2.9,220.3,9.0,1.044,1.205
2026-02-14,CMP1003,Severe_Weather_Awareness,Connected TV,Quebec,0.844,65108,1297.0,548.04,69.93,2670.86,8.42,0.423,4.873
2026-02-19,CMP1003,Severe_Weather_Awareness,Connected TV,Alberta,0.729,91929,2029.8,782.6,70.58,4756.54,8.51,0.386,6.078
2026-02-28,CMP1004,Brand_Lift_National,Display,Alberta,0.727,44939,,211.45,20.46,1285.72,4.71,,6.081
2026-02-21,CMP1006,Spring_Forecast_Launch,Display,Atlantic,0.763,58461,460.0,488.43,25.62,1685.64,8.35,1.062,3.451
2026-02-20,CMP1002,Premium_Upgrade_Q1,Search,Atlantic,0.916,70610,70.6,639.83,2.68,101.61,9.06,9.061,0.159
2025-11-17,CMP1002,Premium_Upgrade_Q1,Native,Quebec,0.137,36994,695.4,242.0,59.73,2585.02,6.54,0.348,10.682
2025-11-21,CMP1000,Winter_Storm_Alert_Promo,Video,Ontario,0.139,77982,1781.3,731.46,83.84,3209.95,9.38,0.411,4.388
2026-03-19,CMP1000,Winter_Storm_Alert_Promo,Native,British Columbia,0.363,61981,1134.3,436.21,44.59,2003.7,7.04,0.385,4.593
2025-11-13,CMP1004,Brand_Lift_National,Search,Ontario,0.34,48506,665.0,313.67,21.22,1304.1,6.47,0.472,4.158
2026-03-04,CMP1001,App_Download_Push,Search,Ontario,0.424,40377,664.7,369.8,35.4,2774.63,9.16,0.556,7.503
2025-12-26,CMP1003,Severe_Weather_Awareness,Video,British Columbia,0.931,62313,1437.2,401.64,13.31,1081.26,6.45,0.279,2.692
2026-01-30,CMP1000,Winter_Storm_Alert_Promo,Native,Alberta,0.87,59389,1286.8,361.74,91.54,6221.86,6.09,0.281,17.2
2026-03-04,CMP1006,Spring_Forecast_Launch,Connected TV,Atlantic,0.424,73034,2494.1,447.0,139.29,8044.37,6.12,0.179,17.996
2026-02-17,CMP1005,Local_News_Sponsorship,Native,Atlantic,0.614,38478,770.5,125.45,20.16,1456.63,3.26,0.163,11.611
2026-01-18,CMP1003,Severe_Weather_Awareness,Video,Alberta,0.731,104171,2347.7,1874.51,95.14,7474.31,17.99,0.798,3.987
2025-11-14,CMP1004,Brand_Lift_National,Native,Quebec,0.127,54225,734.4,515.2,18.55,1308.1,9.5,0.701,2.539
2026-04-22,CMP1005,Local_News_Sponsorship,Connected TV,British Columbia,0.651,67149,1329.2,667.45,61.36,4089.28,9.94,0.502,6.127
2025-11-12,CMP1001,App_Download_Push,Video,Alberta,0.243,21354,522.1,207.6,22.22,1195.33,9.72,0.398,5.758
2026-03-11,CMP1003,Severe_Weather_Awareness,Video,Quebec,0.66,105603,170.0,710.73,1.68,77.17,6.73,4.181,0.109
2026-02-28,CMP1000,Winter_Storm_Alert_Promo,Display,Quebec,0.727,48541,1153.6,520.83,69.45,3516.46,10.73,0.451,6.752
2026-02-07,CMP1005,Local_News_Sponsorship,Video,Atlantic,0.895,45156,809.5,264.19,19.15,1157.07,5.85,0.326,4.38
2026-02-08,CMP1005,Local_News_Sponsorship,Connected TV,Ontario,0.685,67522,1208.1,827.06,31.7,2041.67,12.25,0.685,2.469
2025-12-10,CMP1006,Spring_Forecast_Launch,Connected TV,Quebec,0.987,38312,43.1,490.7,1.58,117.34,12.81,11.372,0.239
2025-11-26,CMP1003,Severe_Weather_Awareness,Search,British Columbia,0.145,30508,273.9,314.82,11.66,433.47,10.32,1.15,1.377
2025-11-20,CMP1004,Brand_Lift_National,Video,Atlantic,0.355,43952,572.5,327.3,31.31,1697.86,7.45,0.572,5.187
2026-02-19,CMP1001,App_Download_Push,Search,Atlantic,0.729,57541,991.0,753.73,25.21,1546.74,13.1,0.761,2.052
2026-04-24,CMP1002,Premium_Upgrade_Q1,Connected TV,Ontario,0.658,62672,856.7,456.32,48.16,3850.5,7.28,0.533,8.438
2026-04-26,CMP1004,Brand_Lift_National,Search,Quebec,0.419,61577,772.5,115.93,47.8,3583.56,1.88,0.15,30.911
2026-04-12,CMP1004,Brand_Lift_National,Display,Quebec,0.306,50158,622.8,209.76,25.85,1721.88,4.18,0.337,8.209
2026-04-12,CMP1005,Local_News_Sponsorship,Connected TV,Alberta,0.306,36046,633.9,489.05,13.98,1366.91,13.57,0.771,2.795
2026-03-16,CMP1002,Premium_Upgrade_Q1,Display,Ontario,0.303,173264,1237.2,3241.99,59.82,6036.39,18.71,2.621,1.862
2026-01-15,CMP1007,B2B_Partner_Coop,Display,Alberta,0.822,47248,737.1,382.06,42.75,3411.19,8.09,0.518,8.928
2025-11-28,CMP1000,Winter_Storm_Alert_Promo,Display,Quebec,0.382,57212,690.0,227.05,30.38,2415.33,3.97,0.329,10.638
2026-02-02,CMP1007,B2B_Partner_Coop,Video,Alberta,0.952,45595,688.6,162.79,42.99,4652.79,3.57,0.236,28.582
2025-12-17,CMP1007,B2B_Partner_Coop,Video,Atlantic,0.82,64815,368.1,794.5,20.96,1348.98,12.26,2.159,1.698
2026-03-19,CMP1003,Severe_Weather_Awareness,Connected TV,Ontario,0.363,67026,928.3,503.31,31.67,2743.8,7.51,0.542,5.451
2026-04-09,CMP1001,App_Download_Push,Video,Ontario,0.673,21284,159.0,201.71,6.01,212.98,9.48,1.269,1.056
2026-03-25,CMP1001,App_Download_Push,Display,Alberta,0.47,65172,525.7,445.01,17.03,1389.05,6.83,0.847,3.121
2025-11-17,CMP1005,Local_News_Sponsorship,Connected TV,Ontario,0.137,67609,549.4,666.61,17.98,1847.61,9.86,1.213,2.772
2026-01-03,CMP1000,Winter_Storm_Alert_Promo,Search,British Columbia,0.611,60171,406.1,520.86,14.45,805.77,8.66,1.283,1.547
2026-01-02,CMP1004,Brand_Lift_National,Display,British Columbia,0.632,968803,91.12340256796122,249.77,24.71,1837.12,6.38,0.368,7.355
2025-12-01,CMP1002,Premium_Upgrade_Q1,Connected TV,Ontario,0.68,79775,829.9,836.79,44.3,3158.82,10.49,1.008,3.775
2026-02-20,CMP1006,Spring_Forecast_Launch,Video,Atlantic,0.916,62384,899.0,320.16,33.98,2648.31,5.13,0.356,8.272
2026-04-26,CMP1005,Local_News_Sponsorship,Search,Ontario,0.419,56149,603.5,459.83,25.55,1329.13,8.19,0.762,2.891
2025-12-27,CMP1003,Severe_Weather_Awareness,Display,Atlantic,0.815,196515,2899.0,4840.31,92.08,3546.3,24.63,1.67,0.733
2025-12-20,CMP1000,Winter_Storm_Alert_Promo,Native,Atlantic,0.912,66658,947.4,659.28,31.41,1872.86,9.89,0.696,2.841
2026-02-27,CMP1003,Severe_Weather_Awareness,Search,Ontario,0.742,63036,851.6,608.52,64.6,5428.47,9.65,0.715,8.921
2026-02-12,CMP1001,App_Download_Push,Native,Ontario,0.805,49702,531.5,313.66,16.03,925.12,6.31,0.59,2.949
2026-02-22,CMP1007,B2B_Partner_Coop,Connected TV,Atlantic,0.625,29621,560.2,313.41,36.12,2140.72,10.58,0.559,6.83
2025-12-22,CMP1002,Premium_Upgrade_Q1,Native,British Columbia,0.871,164982,1846.2,593.23,27.2,2613.87,3.6,0.321,4.406
2026-01-14,CMP1002,Premium_Upgrade_Q1,Connected TV,British Columbia,0.737,34870,910.9,377.71,58.11,5785.33,10.83,0.415,15.317
2026-01-19,CMP1001,App_Download_Push,Search,Atlantic,0.774,59057,1049.5,825.2,51.75,479.11,13.97,0.786,0.581
2026-03-11,CMP1007,B2B_Partner_Coop,Connected TV,British Columbia,0.66,52348,473.1,349.8,7.95,634.1,6.68,0.739,1.813
2026-04-26,CMP1004,Brand_Lift_National,Video,Atlantic  ,0.419,23557,311.3,204.9,6.51,694.96,8.7,0.658,3.392
2025-11-06,CMP1002,Premium_Upgrade_Q1,Native,Alberta,0.253,59882,1055.4,323.1,38.99,2619.61,5.4,0.306,8.108
2025-11-25,CMP1002,Premium_Upgrade_Q1,native,Alberta,0.388,76079,2634.3,419.86,78.13,5733.13,5.52,0.159,13.655
2026-02-17,CMP1002,Premium_Upgrade_Q1,Connected TV,Alberta,0.614,57784,1309.4,387.22,70.36,2719.82,6.7,0.296,7.024
2026-04-22,CMP1002,Premium_Upgrade_Q1,Video,Atlantic,0.651,55254,661.4,547.81,19.07,1145.39,9.91,0.828,2.091
2026-02-18,CMP1000,Winter_Storm_Alert_Promo,Search,Alberta,0.616,40301,863.9,143.48,37.86,4325.03,3.56,0.166,30.143
2026-02-10,CMP1006,Spring_Forecast_Launch,Video,Alberta,0.709,49191,749.1,194.31,31.75,2439.58,3.95,0.259,12.555
2025-12-12,CMP1002,Premium_Upgrade_Q1,Video,Atlantic,0.819,75615,1632.7,464.62,75.6,1373.37,6.14,0.285,2.956
2025-11-09,CMP1001,App_Download_Push,Display,Ontario,0.317,68471,98.4,549.35,3.7,395.26,8.02,5.581,0.719
2026-02-23,CMP1000,Winter_Storm_Alert_Promo,Search,Quebec,0.77,65302,875.1,689.04,21.57,1492.28,10.55,0.787,2.166
2026-04-12,CMP1001,App_Download_Push,Connected TV,Ontario,0.306,35873,299.3,319.09,20.11,1750.17,8.89,1.066,5.485
2026-04-18,CMP1002,Premium_Upgrade_Q1,Connected TV,British Columbia  ,0.601,79832,1809.3,1088.01,105.94,6234.69,13.63,0.601,5.73
2026-03-15,CMP1002,Premium_Upgrade_Q1,Connected TV,Alberta,0.615,26772,176.8,272.67,6.03,332.81,10.18,1.542,1.221
2026-04-16,CMP1002,Premium_Upgrade_Q1,Native,Atlantic,0.544,55666,300.6,532.34,8.79,494.88,9.56,1.771,0.93
2025-12-05,CMP1006,Spring_Forecast_Launch,Display,Quebec,0.781,74911,1060.0,668.6,56.58,2013.95,8.93,0.631,3.012
2026-04-25,CMP1007,B2B_Partner_Coop,Video,Alberta,0.536,28527,294.7,115.17,15.61,826.29,4.04,0.391,7.175
2026-04-06,CMP1000,Winter_Storm_Alert_Promo,Connected TV,Atlantic,0.315,45960,984.8,405.62,32.5,2595.55,8.83,0.412,6.399
2026-03-01,CMP1007,B2B_Partner_Coop,Search,Ontario,0.6,53608,731.9,702.67,31.07,1984.56,13.11,0.96,2.824
2026-04-13,CMP1007,B2B_Partner_Coop,Search,Quebec,0.602,41199,403.3,553.31,14.02,1132.55,13.43,1.372,2.047
2025-11-05,CMP1005,Local_News_Sponsorship,Connected TV,Alberta,0.105,75308,698.1,619.46,27.55,1038.85,8.23,0.887,1.677
2026-04-27,CMP1006,Spring_Forecast_Launch,Search,Alberta,0.511,70084,1317.1,545.26,79.08,5534.39,7.78,0.414,10.15
2026-04-05,CMP1002,Premium_Upgrade_Q1,Video,Atlantic,0.569,63368,720.2,601.08,4.73,296.41,9.49,0.835,0.493
2026-02-28,CMP1002,Premium_Upgrade_Q1,Search,Atlantic,0.727,51880,1555.3,518.06,35.34,1211.85,9.99,0.333,2.339
2026-02-04,CMP1006,Spring_Forecast_Launch,Display,British Columbia,0.654,42265,239.2,285.03,12.81,724.09,6.74,1.191,2.54
2026-02-26,CMP1004,Brand_Lift_National,Search,Quebec,0.957,125634,1721.9,2712.95,59.88,5170.24,21.59,1.576,1.906
2026-01-05,CMP1003,Severe_Weather_Awareness,Display,Atlantic,0.64,50004,1323.9,185.43,58.49,2384.67,3.71,0.14,12.86
2026-04-06,CMP1002,Premium_Upgrade_Q1,video,Alberta,0.315,35168,741.6,345.18,46.04,2230.96,9.82,0.465,6.463
2026-02-12,CMP1002,Premium_Upgrade_Q1,Search,Ontario,0.805,53559,930.7,496.59,22.51,2000.35,9.27,0.534,4.028
2025-12-24,CMP1006,Spring_Forecast_Launch,Connected TV,Alberta,0.631,39447,587.1,238.76,29.61,1460.87,6.05,0.407,6.119
2026-02-04,CMP1005,Local_News_Sponsorship,Native,British Columbia,0.654,58195,811.0,706.2,15.2,501.68,12.13,0.871,0.71
2026-02-11,CMP1007,B2B_Partner_Coop,Search,British Columbia,0.956,69069,1337.7,715.8,56.5,3889.55,10.36,0.535,5.434
2025-12-01,CMP1005,Local_News_Sponsorship,Display,Quebec,0.68,27199,454.9,273.4,21.18,1874.71,10.05,0.601,6.857
2026-01-21,CMP1004,Brand_Lift_National,Connected TV,Alberta,0.92,52262,1322.2,473.92,66.86,4332.58,9.07,0.358,9.142
2026-02-05,CMP1006,Spring_Forecast_Launch,Search,British Columbia,0.851,59293,1069.4,510.24,8.16,497.97,8.61,0.477,0.976
2026-03-27,CMP1006,Spring_Forecast_Launch,Native,Ontario,0.462,172965,2803.0,4337.55,178.73,13297.07,25.08,1.547,3.066
2026-01-22,CMP1007,B2B_Partner_Coop,Native,British Columbia,0.923,46636,632.7,344.59,28.1,2137.97,7.39,0.545,6.204
2026-03-20,CMP1006,Spring_Forecast_Launch,Native,British Columbia,0.502,20196,456.1,413.87,24.31,1605.88,20.49,0.907,3.88
2025-11-06,CMP1002,Premium_Upgrade_Q1,Display,British Columbia,0.253,57711,865.2,632.83,27.37,2220.0,10.97,0.731,3.508
2026-01-14,CMP1000,Winter_Storm_Alert_Promo,Display,Quebec,0.737,42968,621.5,439.53,25.67,2164.54,10.23,0.707,4.925
2025-11-18,CMP1002,Premium_Upgrade_Q1,Display,Alberta,0.198,68179,1079.6,563.19,29.66,1885.48,8.26,0.522,3.348
2025-11-06,CMP1003,Severe_Weather_Awareness,Video,British Columbia,0.253,105325,2486.9,959.45,93.84,6911.15,9.11,0.386,7.203
2026-02-25,CMP1007,B2B_Partner_Coop,Native,Atlantic,0.861,58129,862.9,529.63,18.49,864.45,9.11,0.614,1.632
2025-11-23,CMP1003,Severe_Weather_Awareness,Search,Quebec,0.383,68037,891.5,390.94,44.56,2907.84,5.75,0.439,7.438
2026-02-06,CMP1003,Severe_Weather_Awareness,Display,Ontario,0.755,55774,1105.4,500.51,34.52,2317.28,8.97,0.453,4.63
2025-11-11,CMP1005,Local_News_Sponsorship,Video,Ontario,0.281,39010,80.5,305.61,2.52,85.57,7.83,3.796,0.28
2025-12-17,CMP1006,Spring_Forecast_Launch,Video,Ontario,0.82,28976,346.5,246.91,7.13,481.06,8.52,0.713,1.948
2026-03-03,CMP1000,Winter_Storm_Alert_Promo,Search,Atlantic,0.369,95743,311.0,440.21,16.03,1083.47,4.6,1.416,2.461
2026-04-05,CMP1005,Local_News_Sponsorship,Native,Ontario,0.569,54081,812.0,490.36,30.58,1051.43,9.07,0.604,2.144
2026-03-17,CMP1007,B2B_Partner_Coop,Display,Quebec,0.511,60701,908.0,562.87,22.78,1836.13,9.27,0.62,3.262
2025-11-14,CMP1001,App_Download_Push,Video,Alberta,0.127,82690,792.8,594.38,34.81,2239.38,7.19,0.75,3.768
2026-01-05,CMP1004,Brand_Lift_National,Video,Alberta,0.64,39321,568.8,377.6,12.54,770.58,9.6,0.664,2.041
2026-01-06,CMP1007,B2B_Partner_Coop,Native,British Columbia,0.77,50526,337.2,452.51,9.65,347.09,8.96,1.342,0.767
2026-03-28,CMP1006,Spring_Forecast_Launch,Video,Atlantic,0.634,47891,403.3,284.7,10.8,519.1,5.94,0.706,1.823
2026-04-07,CMP1007,B2B_Partner_Coop,Display,British Columbia,0.421,56134,1240.5,413.35,42.29,1340.73,7.36,0.333,3.244
2026-02-01,CMP1003,Severe_Weather_Awareness,Video,British Columbia,0.705,57692,1000.3,478.91,55.83,4254.76,8.3,0.479,8.884
2026-02-24,CMP1002,Premium_Upgrade_Q1,Connected TV,Quebec,0.857,36336,275.2,405.25,4.78,140.58,11.15,1.472,0.347
2026-01-28,CMP1007,B2B_Partner_Coop,Search,Atlantic,0.886,54360,397.4,399.87,18.45,719.89,7.36,1.006,1.8
2026-03-03,CMP1000,Winter_Storm_Alert_Promo,Connected TV,Ontario,0.369,77723,1098.3,541.71,33.49,1200.24,6.97,0.493,2.216
2026-04-11,CMP1004,Brand_Lift_National,Video,Alberta,0.61,83866,569.7,580.57,31.49,2675.98,6.92,1.019,4.609
2026-01-18,CMP1006,Spring_Forecast_Launch,Search,British Columbia,0.731,68531,1121.7,555.24,67.83,3773.17,8.1,0.495,6.796
2026-03-21,CMP1005,Local_News_Sponsorship,Native,Atlantic,0.352,61165,1031.4,348.22,38.95,3376.34,5.69,0.338,9.696
2026-02-07,CMP1004,Brand_Lift_National,Video,Quebec,0.895,69114,1310.5,705.91,31.96,2954.67,10.21,0.539,4.186
2026-01-04,CMP1007,B2B_Partner_Coop,Video,Ontario,0.762,42988,514.8,249.19,25.05,1959.53,5.8,0.484,7.863
2026-03-30,CMP1007,B2B_Partner_Coop,Search,Alberta,0.522,63511,1638.7,288.67,14.45,682.94,4.55,0.176,2.366
2026-02-12,CMP1000,Winter_Storm_Alert_Promo,Native,Ontario,0.805,75014,1825.6,728.58,18.35,1326.63,9.71,0.399,1.821
2026-03-03,CMP1000,Winter_Storm_Alert_Promo,Connected TV,Quebec,0.369,63528,1165.2,731.53,25.61,736.79,11.51,0.628,1.007
2026-01-09,CMP1006,Spring_Forecast_Launch,Connected TV,Atlantic,0.879,59741,1174.5,668.72,54.53,2945.64,11.19,0.569,4.405
2026-03-25,CMP1005,Local_News_Sponsorship,Display,Alberta,0.47,60340,682.8,461.91,44.2,1375.06,7.66,0.677,2.977
2026-02-26,CMP1004,Brand_Lift_National,Search,Ontario,0.957,107009,2682.5,2178.96,75.29,1803.01,20.36,0.812,0.827
2026-02-13,CMP1003,Severe_Weather_Awareness,Search,British Columbia,0.8,76425,2089.3,532.57,110.73,6956.7,6.97,0.255,13.063
2026-01-27,CMP1007,B2B_Partner_Coop,Search,Ontario,0.948,109252,1463.7,1805.33,93.97,6090.83,16.52,1.233,3.374
2026-01-11,CMP1003,Severe_Weather_Awareness,Connected TV,Ontario,0.837,100568,1849.6,477.55,74.11,7621.91,4.75,0.258,15.96
2026-01-20,CMP1000,Winter_Storm_Alert_Promo,Video,Atlantic,0.941,54957,580.1,295.86,7.54,435.43,5.38,0.51,1.472
2025-11-25,CMP1000,Winter_Storm_Alert_Promo,Native,Atlantic,0.388,90793,1571.3,862.43,54.19,2733.64,9.5,0.549,3.17
2026-01-20,CMP1004,Brand_Lift_National,Connected TV,Quebec,0.941,77212,755.8,998.46,18.69,1341.18,12.93,1.321,1.343
2026-02-02,CMP1004,Brand_Lift_National,Video,British Columbia,0.952,45674,766.4,387.96,26.55,1230.62,8.49,,3.172
2026-01-27,CMP1002,Premium_Upgrade_Q1,Search,Atlantic,0.948,118682,1718.6,2670.1,58.85,2982.16,22.5,1.554,1.117
2026-02-22,CMP1000,Winter_Storm_Alert_Promo,Connected TV,British Columbia,0.625,85982,3014.4,860.4,59.56,6357.03,10.01,0.285,7.388
2025-11-01,CMP1002,Premium_Upgrade_Q1,Native,Quebec,0.332,57623,1103.1,428.25,46.75,3623.43,7.43,0.388,8.461
2025-12-10,CMP1002,Premium_Upgrade_Q1,Native,Atlantic,0.987,34535,520.4,206.61,33.68,3698.26,5.98,0.397,17.9
2026-03-19,CMP1002,Premium_Upgrade_Q1,Search,Atlantic,0.363,28683,693.8,231.38,37.18,3049.69,8.07,0.333,13.181
2026-02-15,CMP1007,B2B_Partner_Coop,Video,Atlantic,0.683,63807,1148.7,619.27,82.19,5758.85,9.71,0.539,9.299
2025-12-21,CMP1001,App_Download_Push,Video,Quebec,0.786,50112,410.2,451.53,20.71,607.96,9.01,1.101,1.346
2026-03-01,CMP1006,Spring_Forecast_Launch,Connected TV,Quebec,0.6,42213,583.2,461.54,14.7,664.68,10.93,0.791,1.44
2025-12-03,CMP1001,App_Download_Push,Native,British Columbia,0.811,53908,636.7,713.67,21.84,1037.47,13.24,1.121,1.454
2026-04-17,CMP1006,Spring_Forecast_Launch,Display,Ontario,0.65,51441,588.9,469.39,9.06,592.94,9.12,0.797,1.263
2026-01-02,CMP1000,Winter_Storm_Alert_Promo,Display,Quebec,0.632,59881,662.0,799.81,19.61,350.7,13.36,1.208,0.438
2025-11-15,CMP1006,Spring_Forecast_Launch,Search,British Columbia,0.186,48538,1155.1,313.46,45.47,3037.41,6.46,0.271,9.69
2025-11-14,CMP1004,Brand_Lift_National,Native,Ontario,0.127,102778,1584.9,1588.0,40.3,3215.5,15.45,1.002,2.025
2025-11-21,CMP1001,App_Download_Push,Display,Atlantic,0.139,62880,1239.4,591.59,48.23,2548.04,9.41,0.477,4.307
2025-12-10,CMP1005,Local_News_Sponsorship,Display,Atlantic,0.987,28515,387.2,212.65,13.56,527.52,7.46,0.549,2.481
2026-02-19,CMP1002,Premium_Upgrade_Q1,video,Ontario,0.729,43853,628.6,346.02,37.85,1982.82,7.89,0.551,5.73
2025-12-10,CMP1001,App_Download_Push,Display,Ontario,0.987,40888,646.2,284.55,24.6,1104.27,6.96,0.44,3.881
2026-01-17,CMP1006,Spring_Forecast_Launch,Display,Quebec,0.604,29469,159.6,325.74,4.02,304.32,11.05,2.042,0.934
2025-11-08,CMP1004,Brand_Lift_National,Display,Ontario,0.364,59586,997.9,726.0,58.27,446.28,12.18,0.728,0.615
2026-02-05,CMP1004,Brand_Lift_National,Search,Atlantic  ,0.851,55397,911.1,596.66,52.67,4911.3,10.77,0.655,8.231
2026-04-07,CMP1005,Local_News_Sponsorship,Native,Ontario,0.421,59985,60.0,353.89,3.74,229.86,5.9,5.9,0.65
2026-02-12,CMP1000,Winter_Storm_Alert_Promo,Display,Quebec,0.805,97726,1999.3,687.19,49.11,3716.5,7.03,0.344,5.408
2025-12-06,CMP1000,Winter_Storm_Alert_Promo,Native,Atlantic,0.682,23378,492.3,113.88,21.38,1418.2,4.87,0.231,12.453
2026-03-16,CMP1005,Local_News_Sponsorship,Native,Ontario,0.303,135246,2434.5,1294.4,106.19,10385.86,9.57,0.532,8.024
2026-01-09,CMP1005,Local_News_Sponsorship,Search,Ontario,0.879,57819,812.7,353.44,30.73,2515.35,6.11,0.435,7.117
2026-01-25,CMP1003,Severe_Weather_Awareness,Video,Atlantic,0.644,41070,463.2,293.75,18.49,1577.15,7.15,0.634,5.369
2025-12-29,CMP1007,B2B_Partner_Coop,Connected TV,Alberta,0.631,71114,1608.5,675.9,63.49,3684.35,9.5,0.42,5.451
2025-11-09,CMP1006,Spring_Forecast_Launch,Search,British Columbia,0.317,57339,942.2,713.56,22.6,1444.12,12.44,0.757,2.024
2026-01-25,CMP1004,Brand_Lift_National,Video,Alberta,0.644,54088,391.5,320.74,7.73,479.32,5.93,0.819,1.494
2026-03-31,CMP1000,Winter_Storm_Alert_Promo,Native,British Columbia,0.39,52936,511.4,514.95,22.2,1833.26,9.73,1.007,3.56
2026-01-17,CMP1004,Brand_Lift_National,Native,Quebec,0.604,80965,1211.3,740.0,36.5,2930.75,9.14,0.611,3.96
2025-12-31,CMP1004,Brand_Lift_National,Video,Atlantic,0.82,70298,1267.9,716.87,27.03,1257.84,10.2,0.565,1.755
2025-11-03,CMP1005,Local_News_Sponsorship,Native,Quebec,0.147,56756,1068.4,405.98,61.13,1046.27,7.15,0.38,2.577
2025-12-22,CMP1005,Local_News_Sponsorship,Display,Quebec,0.871,118401,590.8,1225.02,30.92,370.24,10.35,2.074,0.302
2026-02-16,CMP1006,Spring_Forecast_Launch,Display,Alberta,0.765,43824,1030.4,476.31,22.37,1896.65,10.87,0.462,3.982
2025-11-25,CMP1003,Severe_Weather_Awareness,Display,Alberta,0.388,48657,1069.2,499.3,27.36,2548.39,10.26,0.467,5.104
2026-02-22,CMP1003,Severe_Weather_Awareness,Display,Atlantic,0.625,58554,358.3,496.42,18.16,844.56,8.48,,1.701
2026-04-20,CMP1004,Brand_Lift_National,Connected TV,Alberta,0.615,62729,1167.3,504.79,36.59,4025.98,8.05,0.432,7.975
2025-11-27,CMP1002,Premium_Upgrade_Q1,Video,Quebec,0.377,55507,1180.5,522.13,31.32,508.39,9.41,0.442,0.974
2026-01-01,CMP1005,Local_News_Sponsorship,Search,Ontario,0.954,62017,1179.1,237.19,37.88,1467.36,3.82,0.201,6.186
2025-11-26,CMP1003,Severe_Weather_Awareness,Video,Atlantic,0.145,37762,637.0,355.63,38.46,3389.07,9.42,0.558,9.53
2025-11-05,CMP1004,Brand_Lift_National,Video,Ontario,0.105,51690,542.2,490.68,26.21,1377.36,9.49,0.905,2.807
2026-02-18,CMP1005,Local_News_Sponsorship,Display,Quebec,0.616,26570,239.8,197.58,9.61,450.9,7.44,0.824,2.282
2026-03-19,CMP1002,Premium_Upgrade_Q1,Native,Quebec,0.363,24013,371.9,355.43,19.43,1075.43,14.8,0.956,3.026
2025-11-09,CMP1004,Brand_Lift_National,Display,Ontario,0.317,58417,176.1,250.85,7.6,385.4,4.29,1.424,1.536
2026-03-21,CMP1000,Winter_Storm_Alert_Promo,Search,Atlantic,0.352,53993,836.7,614.1,52.62,3924.81,11.37,0.734,6.391
2025-12-08,CMP1006,Spring_Forecast_Launch,Connected TV,British Columbia,0.915,13583,253.3,117.63,16.53,1267.3,8.66,0.464,10.774
2026-02-25,CMP1004,Brand_Lift_National,Search,Ontario,0.861,54143,950.2,457.03,20.9,229.44,8.44,0.481,0.502
2025-12-18,CMP1005,Local_News_Sponsorship,Display,Quebec,0.95,66243,601.4,784.39,37.25,2618.03,11.84,1.304,3.338
2025-12-09,CMP1002,Premium_Upgrade_Q1,Video,Quebec,0.866,51529,392.1,518.35,12.75,551.61,10.06,1.322,1.064
2025-12-19,CMP1005,Local_News_Sponsorship,Display,Alberta,0.843,79738,1338.8,480.63,29.59,1856.34,6.03,0.359,3.862
2025-11-13,CMP1007,B2B_Partner_Coop,Display,Ontario,0.34,68216,1500.1,738.06,117.89,5894.31,10.82,0.492,7.986
2026-02-14,CMP1004,Brand_Lift_National,Native,British Columbia,0.844,68958,1630.4,584.57,141.24,12995.96,8.48,0.359,22.232
2025-11-13,CMP1001,App_Download_Push,Native,Quebec,0.34,44605,774.6,298.91,22.92,1057.53,6.7,0.386,3.538
2026-03-02,CMP1004,Brand_Lift_National,Connected TV,Alberta,0.593,49300,1004.1,633.51,22.01,1933.58,12.85,,3.052
2026-03-10,CMP1003,Severe_Weather_Awareness,Video,Alberta,0.348,51107,716.7,670.93,32.28,2681.48,13.13,0.936,3.997
2026-02-27,CMP1005,Local_News_Sponsorship,Search,Quebec,0.742,66259,1759.4,745.46,106.39,4363.76,11.25,0.424,5.854
2025-11-26,CMP1000,Winter_Storm_Alert_Promo,Search,Alberta,0.145,54227,822.9,427.06,7.75,677.8,7.88,0.519,1.587
2026-01-12,CMP1001,App_Download_Push,Video,Atlantic,0.694,68922,1205.3,308.95,46.34,1921.07,4.48,0.256,6.218
2026-03-06,CMP1001,App_Download_Push,Video,Atlantic,0.632,54937,1151.0,329.97,35.24,2194.83,6.01,0.287,6.652
2025-11-09,CMP1000,Winter_Storm_Alert_Promo,Display,Quebec,0.317,95608,2458.3,898.08,133.84,6759.94,9.39,0.365,7.527
2026-04-03,CMP1003,Severe_Weather_Awareness,Display,British Columbia,0.601,53214,434.6,290.3,14.25,1352.96,5.46,0.668,4.661
2026-03-25,CMP1002,Premium_Upgrade_Q1,Native,British Columbia,0.47,51996,477.1,422.67,10.39,722.28,8.13,0.886,1.709
2025-12-22,CMP1007,B2B_Partner_Coop,Connected TV,Quebec,0.871,76119,1182.7,1059.14,73.12,5422.6,13.91,0.896,5.12
2026-02-13,CMP1005,Local_News_Sponsorship,Search,Alberta,0.8,80281,929.5,674.43,45.18,3693.64,8.4,0.726,5.477
2025-11-22,CMP1005,Local_News_Sponsorship,Video,Ontario,0.317,47025,770.6,427.38,17.82,813.33,9.09,0.555,1.903
2025-12-14,CMP1001,App_Download_Push,Connected TV,Alberta,0.816,45516,407.6,385.32,9.68,552.83,8.47,0.945,1.435
2026-04-04,CMP1005,Local_News_Sponsorship,Connected TV,Alberta,0.634,60091,1063.2,533.97,42.13,3008.41,8.89,0.502,5.634
2025-11-26,CMP1006,Spring_Forecast_Launch,Display,British Columbia,0.145,57111,876.9,393.92,57.36,2523.2,6.9,0.449,6.405
2026-02-02,CMP1002,Premium_Upgrade_Q1,Connected TV,British Columbia,0.952,57139,1443.1,588.37,25.3,383.23,10.3,0.408,0.651
2026-04-24,CMP1001,App_Download_Push,Display,Alberta,0.658,37644,298.6,315.71,12.38,787.59,8.39,1.057,2.495
2026-01-10,CMP1001,App_Download_Push,Video,Atlantic,0.617,43783,858.6,518.88,30.22,2474.85,11.85,0.604,4.77
2026-04-12,CMP1003,Severe_Weather_Awareness,Connected TV,Alberta,0.306,62604,904.3,848.82,31.36,2405.97,13.56,0.939,2.834
2025-11-11,CMP1001,App_Download_Push,Native,Ontario,0.281,50390,664.9,194.99,23.35,1364.82,3.87,0.293,6.999
2026-03-20,CMP1004,Brand_Lift_National,Connected TV,Alberta,0.502,105663,2505.2,2071.1,98.25,5160.39,19.6,0.827,2.492
2026-04-14,CMP1002,Premium_Upgrade_Q1,Native,Atlantic,0.669,88070,1736.5,1051.74,95.93,6295.92,11.94,0.606,5.986
2026-04-08,CMP1003,Severe_Weather_Awareness,Native,Alberta,0.4,40134,648.2,464.69,16.26,532.63,11.58,0.717,1.146
2025-11-13,CMP1004,Brand_Lift_National,Search,Quebec,0.34,52540,1128.8,407.93,37.43,2760.53,7.76,0.361,6.767
2026-04-04,CMP1003,Severe_Weather_Awareness,Video,Ontario,0.634,77401,1884.3,443.13,82.64,4685.45,5.73,0.235,10.574
2025-12-10,CMP1002,Premium_Upgrade_Q1,Video,Ontario,0.987,33523,518.2,260.72,24.47,1303.81,7.78,0.503,5.001
2026-03-26,CMP1003,Severe_Weather_Awareness,Video,British Columbia,0.595,68643,708.7,547.41,57.81,4747.43,7.97,0.772,8.673
2026-01-04,CMP1002,Premium_Upgrade_Q1,Search,Ontario,0.762,45751,763.3,402.91,62.21,5177.04,8.81,0.528,12.849
2026-01-29,CMP1000,Winter_Storm_Alert_Promo,Display,Quebec,0.875,100098,1387.0,761.29,49.72,3309.17,7.61,0.549,4.347
2026-01-15,CMP1004,Brand_Lift_National,Video,Ontario,0.822,20904,239.7,237.0,6.79,330.47,11.34,0.989,1.394
2025-12-14,CMP1000,Winter_Storm_Alert_Promo,Search,Quebec,0.816,81279,1377.7,426.25,51.06,2323.45,5.24,0.309,5.451
2025-12-19,CMP1003,Severe_Weather_Awareness,Search,Atlantic,0.843,47815,1299.2,551.15,57.89,4753.92,11.53,0.424,8.625
2025-11-13,CMP1003,Severe_Weather_Awareness,Search,British Columbia,0.34,61962,1975.1,261.91,57.13,3009.36,4.23,0.133,11.49
2025-12-25,CMP1006,Spring_Forecast_Launch,Native,Ontario,0.638,64891,1015.5,706.64,51.76,4516.4,10.89,0.696,6.391
2025-12-05,CMP1003,Severe_Weather_Awareness,Native,Ontario,0.781,57454,1570.4,359.91,111.15,4003.0,6.26,0.229,11.122
2026-01-15,CMP1007,B2B_Partner_Coop,Display,British Columbia,0.822,26828,373.6,230.53,16.34,1453.76,8.59,0.617,6.306
2026-03-09,CMP1004,Brand_Lift_National,Connected TV,Alberta,0.405,46988,1031.1,235.04,59.42,2704.5,5.0,0.228,11.507
2026-04-26,CMP1007,B2B_Partner_Coop,Native,Alberta,0.419,53157,533.1,723.05,15.75,360.19,13.6,1.356,0.498
2026-02-28,CMP1000,Winter_Storm_Alert_Promo,Display,Atlantic,0.727,48417,1096.9,230.4,44.51,2948.46,4.76,0.21,12.797
2026-01-09,CMP1006,Spring_Forecast_Launch,Video,British Columbia,0.879,58288,1125.1,262.7,72.08,3081.29,4.51,0.233,11.729
2026-01-30,CMP1006,Spring_Forecast_Launch,Search,British Columbia,0.87,42289,600.6,408.31,21.78,2019.15,9.66,0.68,4.945
2025-12-22,CMP1003,Severe_Weather_Awareness,Video,Alberta  ,0.871,79026,1511.9,1131.55,115.07,10765.74,14.32,0.748,9.514
2025-12-29,CMP1003,Severe_Weather_Awareness,Connected TV,British Columbia,0.631,53513,330.4,432.61,15.01,1067.54,8.08,1.309,2.468
2026-02-04,CMP1003,Severe_Weather_Awareness,Native,Alberta,0.654,88591,1883.3,567.08,85.85,1305.69,6.4,0.301,2.302
2026-03-12,CMP1001,App_Download_Push,Display,Ontario,0.555,57058,1161.6,609.72,41.16,3462.6,10.69,0.525,5.679
2026-01-20,CMP1003,Severe_Weather_Awareness,Video,British Columbia,0.941,50727,572.4,393.43,15.3,1213.03,7.76,0.687,3.083
2025-11-22,CMP1007,B2B_Partner_Coop,Video,British Columbia,0.317,62289,1155.3,413.91,22.75,1320.26,6.64,0.358,3.19
2025-12-07,CMP1006,Spring_Forecast_Launch,Native,Quebec,0.618,57377,1287.3,474.67,52.13,5183.63,8.27,0.369,10.92
2025-12-03,CMP1006,Spring_Forecast_Launch,Search,British Columbia,0.811,35937,608.5,35.94,46.34,3537.42,1.0,0.059,98.432
2026-01-17,CMP1007,B2B_Partner_Coop,Native,Ontario,0.604,59452,269.9,699.58,8.53,300.76,11.77,2.592,0.43
2025-12-13,CMP1005,Local_News_Sponsorship,Video,Alberta,0.669,48161,856.9,525.24,31.57,1947.61,10.91,0.613,3.708
2026-01-08,CMP1000,Winter_Storm_Alert_Promo,Video,British Columbia,0.789,72908,1131.0,345.0,45.23,2979.36,4.73,0.305,8.636
2026-04-20,CMP1004,Brand_Lift_National,Display,Quebec,0.615,16597,262.0,125.44,14.49,1226.06,7.56,0.479,9.774
2026-02-28,CMP1003,Severe_Weather_Awareness,Display,Atlantic,0.727,82256,255.4,489.55,7.63,563.32,5.95,1.917,1.151
2025-11-16,CMP1007,B2B_Partner_Coop,Connected TV,Alberta,0.307,41824,614.5,415.46,18.65,1115.32,9.93,0.676,2.685
2026-04-16,CMP1000,Winter_Storm_Alert_Promo,Search,Quebec,0.544,30212,670.0,174.76,12.03,367.91,5.78,0.261,2.105
2026-01-06,CMP1003,Severe_Weather_Awareness,Native,Atlantic,0.77,84238,1131.4,610.32,46.44,4043.62,7.25,0.539,6.625
2026-03-25,CMP1003,Severe_Weather_Awareness,Display,Atlantic,0.47,61219,671.5,595.23,38.84,4349.76,9.72,0.886,7.308
2026-03-03,CMP1000,Winter_Storm_Alert_Promo,Native,Atlantic,0.369,34767,522.9,283.09,17.92,1034.56,8.14,0.541,3.655
2026-03-02,CMP1006,Spring_Forecast_Launch,Native,Atlantic,0.593,46488,46.5,333.05,2.16,150.08,7.16,7.164,0.451
2026-04-18,CMP1003,Severe_Weather_Awareness,Video,Ontario,0.601,63438,1625.4,522.21,77.72,7400.83,8.23,0.321,14.172
2025-11-27,CMP1005,Local_News_Sponsorship,Display,Quebec,0.377,26244,208.2,243.63,4.58,22.91,9.28,1.17,0.094
2026-04-06,CMP1000,Winter_Storm_Alert_Promo,Display,Alberta,0.315,76295,1233.1,572.38,27.57,2034.58,7.5,0.464,3.555
2026-03-10,CMP1007,B2B_Partner_Coop,Search,British Columbia,0.348,80533,1420.2,391.46,54.43,2631.64,4.86,0.276,6.723
2026-02-23,CMP1004,Brand_Lift_National,Search,Quebec,0.77,38579,424.5,438.07,23.78,1333.84,11.36,1.032,3.045
2025-11-09,CMP1002,Premium_Upgrade_Q1,Connected TV,Ontario,0.317,33537,307.6,312.14,7.0,554.47,9.31,1.015,1.776
2025-12-20,CMP1006,Spring_Forecast_Launch,Video,Atlantic,0.912,56398,845.4,416.98,45.98,2802.22,7.39,0.493,6.72
2025-11-12,CMP1005,Local_News_Sponsorship,Native,Ontario,0.243,49807,102.8,309.41,4.74,344.79,6.21,3.01,1.114
2026-01-27,CMP1000,Winter_Storm_Alert_Promo,Native,Ontario,0.948,85787,1896.5,699.35,88.41,5091.43,8.15,,7.28
2026-03-21,CMP1006,Spring_Forecast_Launch,Search,Quebec,0.352,63102,1281.2,636.84,75.04,6472.93,10.09,0.497,10.164
2026-01-19,CMP1002,Premium_Upgrade_Q1,Native,Atlantic,0.774,39698,365.6,355.17,22.68,1446.84,8.95,0.971,4.074
2026-01-26,CMP1006,Spring_Forecast_Launch,Video,British Columbia,0.704,37197,651.6,488.11,12.08,667.84,13.12,0.749,1.368
2026-01-26,CMP1002,Premium_Upgrade_Q1,Video,Quebec,0.704,43520,477.9,443.12,19.34,1173.04,10.18,0.927,2.647
2026-01-20,CMP1006,Spring_Forecast_Launch,Video,Atlantic  ,0.941,58086,725.9,554.86,44.25,2785.1,9.55,0.764,5.019
2025-11-10,CMP1007,B2B_Partner_Coop,Native,Alberta,0.221,34364,272.9,225.29,8.34,365.69,6.56,0.825,1.623
2026-04-21,CMP1002,Premium_Upgrade_Q1,Search,British Columbia,0.505,38282,1047.1,369.38,79.04,4130.86,9.65,0.353,11.183
2025-11-29,CMP1003,Severe_Weather_Awareness,Video,Alberta,0.374,62194,750.8,427.65,31.45,1786.58,6.88,0.57,4.178
2026-02-25,CMP1004,Brand_Lift_National,Native,Alberta,0.861,25038,328.8,364.04,11.61,927.58,14.54,1.107,2.548
2026-01-19,CMP1006,Spring_Forecast_Launch,Search,Atlantic,0.774,57876,1182.4,568.78,41.48,2564.46,9.83,0.481,4.509
2026-01-18,CMP1006,Spring_Forecast_Launch,video,Atlantic,0.731,69482,434.1,1135.92,19.9,1715.69,16.35,2.617,1.51
2026-02-21,CMP1003,Severe_Weather_Awareness,Native,Ontario,0.763,50100,797.9,355.46,11.84,1284.08,7.09,0.445,3.612
2026-04-28,CMP1006,Spring_Forecast_Launch,Video,British Columbia,0.676,67718,67.7,464.56,2.98,193.26,6.86,6.86,0.416
2025-12-15,CMP1001,App_Download_Push,Video,Atlantic,0.976,60661,780.8,446.56,13.08,808.2,7.36,0.572,1.81
2026-01-05,CMP1006,Spring_Forecast_Launch,Connected TV,Atlantic,0.64,46839,1097.8,547.64,43.46,2559.34,11.69,0.499,4.673
2026-03-01,CMP1006,Spring_Forecast_Launch,Native,Ontario,0.6,52325,684.7,475.14,29.77,3402.86,9.08,0.694,7.162
2026-01-03,CMP1005,Local_News_Sponsorship,Display,Alberta,0.611,62401,855.6,274.1,21.65,1926.28,4.39,0.32,7.028
2025-12-29,CMP1004,Brand_Lift_National,Video,Ontario,0.631,79613,743.9,666.62,26.1,1923.31,8.37,0.896,2.885
2026-03-01,CMP1007,B2B_Partner_Coop,Connected TV,Quebec,0.6,65372,1280.9,299.86,41.06,2970.91,4.59,0.234,9.908
2026-04-11,CMP1003,Severe_Weather_Awareness,Search,Alberta,0.61,37299,681.3,406.99,20.08,2181.84,10.91,0.597,5.361
2026-02-10,CMP1002,Premium_Upgrade_Q1,Native,Ontario,0.709,80119,1076.5,1610.47,54.5,1387.61,20.1,1.496,0.862
2026-02-22,CMP1006,Spring_Forecast_Launch,Display,Ontario,0.625,41294,432.7,119.11,17.69,1050.79,2.88,0.275,8.822
2026-02-05,CMP1007,B2B_Partner_Coop,Search,Atlantic,0.851,43335,821.0,465.45,44.43,3322.93,10.74,0.567,7.139
2025-11-03,CMP1007,B2B_Partner_Coop,Native,Atlantic,0.147,61060,298.4,601.14,7.31,509.24,9.85,2.015,0.847
2025-12-08,CMP1001,App_Download_Push,Search,Ontario,0.915,58672,1203.7,553.88,71.1,1285.8,9.44,0.46,2.321
2026-04-15,CMP1001,App_Download_Push,Search,Atlantic,0.56,41860,874.6,404.9,51.76,4851.17,9.67,0.463,11.981
2026-03-10,CMP1002,Premium_Upgrade_Q1,Display,Atlantic,0.348,67718,868.3,797.36,18.69,1683.12,11.77,0.918,2.111
2026-04-29,CMP1003,Severe_Weather_Awareness,Native,British Columbia,0.619,48630,998.2,404.84,44.12,4237.92,8.32,0.406,10.468
2026-02-10,CMP1004,Brand_Lift_National,Connected TV,Alberta,0.709,72292,1411.7,266.57,64.56,3822.01,3.69,0.189,14.338
2026-03-20,CMP1000,Winter_Storm_Alert_Promo,Display,Ontario,0.502,79003,902.8,797.78,24.8,1401.83,10.1,0.884,1.757
2025-12-28,CMP1001,App_Download_Push,Search,Atlantic,0.826,73052,355.0,761.52,18.81,1150.09,10.42,2.145,1.51
2026-03-21,CMP1005,Local_News_Sponsorship,Connected TV,Quebec,0.352,44064,687.0,279.76,26.74,1502.24,6.35,0.407,5.37
2025-12-12,CMP1000,Winter_Storm_Alert_Promo,Display,Alberta,0.819,80344,1224.4,622.65,28.25,1936.94,7.75,0.509,3.111
2026-04-11,CMP1007,B2B_Partner_Coop,Search,Quebec,0.61,65836,1847.2,648.46,33.82,2911.07,9.85,0.351,4.489
2026-02-06,CMP1001,App_Download_Push,Display,British Columbia,0.755,54384,668.7,471.41,36.41,2569.41,8.67,0.705,5.45
2026-01-20,CMP1007,B2B_Partner_Coop,Native,Alberta,0.941,37586,464.0,330.39,26.66,1890.42,8.79,0.712,5.722
2026-02-03,CMP1007,B2B_Partner_Coop,Native,Atlantic,0.628,21942,336.8,188.69,16.28,1212.69,8.6,0.56,6.427
2026-03-30,CMP1000,Winter_Storm_Alert_Promo,Connected TV,Atlantic,0.522,52490,1211.7,561.55,54.52,3068.35,10.7,0.463,5.464
2026-04-24,CMP1003,Severe_Weather_Awareness,Video,Atlantic,0.658,71966,1632.3,548.17,80.18,4792.17,7.62,0.336,8.742
2026-04-01,CMP1006,Spring_Forecast_Launch,Video,Atlantic,0.668,35725,592.8,318.5,23.13,1719.39,8.92,0.537,5.398
2025-11-08,CMP1005,Local_News_Sponsorship,Search,Atlantic,0.364,71033,1262.5,271.49,85.77,6608.65,3.82,0.215,24.342
2026-04-26,CMP1003,Severe_Weather_Awareness,Search,British Columbia,0.419,51579,851.8,460.33,40.14,2868.94,8.92,0.54,6.232
2026-01-27,CMP1002,Premium_Upgrade_Q1,Video,Atlantic,0.948,59861,1001.5,1059.1,33.84,2160.08,17.69,1.057,2.04
2025-11-13,CMP1002,Premium_Upgrade_Q1,Search,Ontario,0.34,56249,1072.4,373.52,34.51,1591.46,6.64,0.348,4.261
2025-12-31,CMP1003,Severe_Weather_Awareness,Connected TV,Alberta,0.82,63664,1143.0,678.73,62.4,5801.43,10.66,0.594,8.547
2026-02-17,CMP1002,Premium_Upgrade_Q1,Display,Ontario,0.614,56411,585.8,278.15,25.5,1699.66,4.93,0.475,6.111
2026-04-28,CMP1001,App_Download_Push,Connected TV,Atlantic,0.676,71770,1108.2,886.25,68.38,5118.72,12.35,0.8,5.776
2026-04-12,CMP1006,Spring_Forecast_Launch,Connected TV,Ontario,0.306,79523,1909.4,492.99,61.21,2322.98,6.2,0.258,4.712
2025-11-27,CMP1000,Winter_Storm_Alert_Promo,Native,Quebec,0.377,32139,346.9,401.87,17.78,797.08,12.5,1.158,1.983
2025-12-26,CMP1002,Premium_Upgrade_Q1,Display,Atlantic,0.931,53715,1114.1,448.31,73.29,3985.7,8.35,0.402,8.89
2026-01-25,CMP1002,Premium_Upgrade_Q1,Native,Ontario,0.644,55986,1072.8,623.75,58.95,4335.8,11.14,0.581,6.951
2026-03-15,CMP1005,Local_News_Sponsorship,Search,British Columbia,0.615,47848,880.2,247.27,44.54,2219.25,5.17,0.281,8.975
2026-01-22,CMP1002,Premium_Upgrade_Q1,Video,Alberta,0.923,65090,998.1,736.31,34.99,1842.15,11.31,0.738,2.502
2026-04-29,CMP1006,Spring_Forecast_Launch,Connected TV,Atlantic,0.619,58439,491.4,395.45,25.84,1394.76,6.77,0.805,3.527
2025-11-03,CMP1002,Premium_Upgrade_Q1,Connected TV,Atlantic,0.147,69914,448.1,780.81,15.69,1370.03,11.17,1.743,1.755
2026-02-17,CMP1007,B2B_Partner_Coop,Video,Quebec,0.614,63020,966.3,797.67,57.25,2745.36,12.66,0.826,3.442
2026-03-16,CMP1006,Spring_Forecast_Launch,Video,Atlantic,0.303,91250,840.8,1320.54,20.95,1306.64,14.47,1.571,0.989
2026-01-25,CMP1005,Local_News_Sponsorship,Video,Atlantic,0.644,36748,380.7,309.64,6.98,458.21,8.43,0.813,1.48
2025-12-03,CMP1003,Severe_Weather_Awareness,Connected TV,Atlantic,0.811,70056,986.7,271.99,35.35,3106.62,3.88,0.276,11.422
2025-12-20,CMP1000,Winter_Storm_Alert_Promo,Display,Atlantic,0.912,86927,659.4,479.0,27.75,1177.11,5.51,0.726,2.457
2026-03-02,CMP1006,Spring_Forecast_Launch,Connected TV,Ontario,0.593,50909,1365.5,359.88,73.46,6478.27,7.07,0.264,18.001
2025-12-15,CMP1006,Spring_Forecast_Launch,Display,Ontario,0.976,31129,466.2,227.27,15.94,845.75,7.3,0.488,3.721
2026-02-07,CMP1003,Severe_Weather_Awareness,Connected TV,Quebec,0.895,78186,694.9,807.37,37.87,2855.33,10.33,1.162,3.537
2026-02-18,CMP1001,App_Download_Push,Search,Atlantic,0.616,53398,902.1,603.22,42.53,2613.24,11.3,0.669,4.332
2025-12-26,CMP1004,Brand_Lift_National,Display,Ontario,0.931,67976,1106.9,258.08,59.25,1913.47,3.8,0.233,7.414
2025-11-16,CMP1002,Premium_Upgrade_Q1,Search,Alberta,0.307,67056,408.2,593.64,5.57,335.49,8.85,1.454,0.565
2025-11-23,CMP1001,App_Download_Push,Connected TV,Quebec,0.383,55580,1452.6,517.42,85.03,4241.93,9.31,0.356,8.198
2026-04-22,CMP1002,Premium_Upgrade_Q1,Connected TV,Quebec,0.651,38827,827.1,372.02,34.48,2884.47,9.58,0.45,7.754
2025-12-07,CMP1004,Brand_Lift_National,Connected TV,Atlantic,0.618,36933,619.3,488.52,23.88,1535.32,13.23,0.789,3.143
2026-01-13,CMP1005,Local_News_Sponsorship,Search,Alberta,0.709,39747,470.1,451.56,20.4,1137.39,11.36,0.961,2.519
2026-02-19,CMP1006,Spring_Forecast_Launch,Native,Ontario,0.729,58874,508.3,319.79,26.4,1566.94,5.43,0.629,4.9
2026-01-12,CMP1006,Spring_Forecast_Launch,Native,Atlantic,0.694,40950,1073.9,341.6,24.52,2044.46,8.34,0.318,5.985
2026-02-01,CMP1002,Premium_Upgrade_Q1,Search,British Columbia,0.705,62380,731.5,680.45,17.35,1429.07,10.91,0.93,2.1
2026-04-07,CMP1005,Local_News_Sponsorship,Native,Quebec,0.421,23927,456.4,235.18,17.23,1510.98,9.83,0.515,6.425
2025-12-25,CMP1003,Severe_Weather_Awareness,Connected TV,Quebec,0.638,42742,674.4,314.64,0.67,52.39,7.36,0.467,0.167
2026-01-05,CMP1004,Brand_Lift_National,Search,Quebec,0.64,12447,180.0,63.5,11.28,599.27,5.1,0.353,9.437
2025-12-14,CMP1006,Spring_Forecast_Launch,Native,Quebec,0.816,50565,692.5,618.12,34.44,1491.82,12.22,0.893,2.413
2025-12-15,CMP1000,Winter_Storm_Alert_Promo,Video,Alberta,0.976,49271,1052.1,407.47,24.58,2852.63,8.27,0.387,7.001
2026-01-16,CMP1005,Local_News_Sponsorship,Video,Ontario,0.809,40628,1078.7,281.57,67.21,1166.61,6.93,0.261,4.143
2025-11-26,CMP1001,App_Download_Push,Video,Atlantic,0.145,47859,929.3,220.79,28.95,1223.77,4.61,0.238,5.543
2025-11-12,CMP1004,Brand_Lift_National,Connected TV,Quebec,0.243,64145,1823.5,422.81,35.22,1588.73,6.59,0.232,3.758
2026-01-14,CMP1006,Spring_Forecast_Launch,Search,British Columbia,0.737,84717,1857.8,693.44,33.06,2024.21,8.19,0.373,2.919
2025-11-18,CMP1000,Winter_Storm_Alert_Promo,Video,Quebec,0.198,59925,965.2,801.64,20.23,1304.08,13.38,0.831,1.627
2026-02-26,CMP1001,App_Download_Push,Search,Ontario,0.957,36228,978.7,1015.22,36.29,1565.62,28.02,1.037,1.542
2026-04-06,CMP1007,B2B_Partner_Coop,Display,Ontario,0.315,67705,589.3,664.36,36.36,1673.68,9.81,1.127,2.519
2026-04-04,CMP1007,B2B_Partner_Coop,Display,Ontario,0.634,18905,278.6,137.15,11.7,788.48,7.25,0.492,5.749
2026-02-08,CMP1002,Premium_Upgrade_Q1,Video,Alberta,0.685,52228,839.7,527.72,53.92,3286.44,10.1,0.628,6.228
2025-12-19,CMP1001,App_Download_Push,Display,Atlantic,0.843,46022,1245.0,562.39,64.84,4260.07,12.22,0.452,7.575
2026-01-16,CMP1000,Winter_Storm_Alert_Promo,Display,Ontario,0.809,80839,843.2,587.38,39.04,3021.15,7.27,0.697,5.143
2026-03-19,CMP1005,Local_News_Sponsorship,Display,Alberta,0.363,62119,882.0,610.42,43.68,2857.25,9.83,0.692,4.681
2026-02-21,CMP1002,Premium_Upgrade_Q1,Search,Quebec,0.763,63676,924.3,422.66,60.88,2394.35,6.64,0.457,5.665
2026-03-13,CMP1001,App_Download_Push,Native,Ontario,0.33,34243,533.6,353.39,33.5,908.55,10.32,0.662,2.571
2026-01-10,CMP1004,Brand_Lift_National,Native,Quebec,0.617,40161,590.2,226.97,21.05,1612.49,5.65,0.385,7.104
2026-03-29,CMP1005,Local_News_Sponsorship,Display,Alberta,0.305,53752,698.5,595.15,26.77,2754.34,11.07,0.852,4.628
2026-03-28,CMP1007,B2B_Partner_Coop,Display,Quebec,0.634,39359,716.6,490.15,37.77,2190.78,12.45,0.684,4.47
2026-03-10,CMP1006,Spring_Forecast_Launch,Video,Atlantic,0.348,63033,399.8,718.54,26.73,1380.61,11.4,1.797,1.921
2025-11-02,CMP1001,App_Download_Push,Native,Atlantic,0.14,35092,690.1,336.43,23.71,1477.64,9.59,0.488,4.392
2026-04-20,CMP1007,B2B_Partner_Coop,Display,British Columbia,0.615,65153,534.5,584.88,11.86,914.59,8.98,1.094,1.564
2026-03-09,CMP1007,B2B_Partner_Coop,Connected TV,Atlantic,0.405,26383,610.6,202.86,23.71,2201.05,7.69,0.332,10.85
2026-02-01,CMP1001,App_Download_Push,Native,Quebec,0.705,78250,741.1,340.52,46.26,1619.66,4.35,0.459,4.756
2025-11-11,CMP1003,Severe_Weather_Awareness,Native,Ontario,0.281,31672,269.0,381.06,14.89,1054.24,12.03,1.417,2.767
2025-12-25,CMP1002,Premium_Upgrade_Q1,Connected TV,Alberta,0.638,36325,345.7,374.97,13.75,391.21,10.32,1.085,1.043
2026-02-16,CMP1003,Severe_Weather_Awareness,Video,Alberta,0.765,41055,411.3,411.45,22.22,1268.47,10.02,1.0,3.083
2026-01-11,CMP1005,Local_News_Sponsorship,Video,Quebec,0.837,78221,1227.2,612.43,38.05,2474.33,7.83,0.499,4.04
2026-04-16,CMP1000,Winter_Storm_Alert_Promo,Display,British Columbia,0.544,49612,1015.3,410.77,61.31,3842.75,8.28,0.405,9.355
2026-01-13,CMP1003,Severe_Weather_Awareness,Native,Atlantic,0.709,37172,555.6,311.5,16.45,665.21,8.38,0.561,2.135
2025-11-18,CMP1003,Severe_Weather_Awareness,Native,Alberta,0.198,39819,645.3,301.28,30.51,2302.08,7.57,0.467,7.641
2026-03-31,CMP1002,Premium_Upgrade_Q1,Display,British Columbia,0.39,49207,794.5,244.73,32.05,2892.66,4.97,0.308,11.82
2026-01-02,CMP1001,App_Download_Push,Connected TV,Quebec,0.632,61309,718.7,432.62,45.51,2808.2,7.06,0.602,6.491
2025-11-13,CMP1003,Severe_Weather_Awareness,Connected TV,Quebec,0.34,37378,317.2,349.02,12.93,965.03,9.34,1.1,2.765
2025-11-10,CMP1003,Severe_Weather_Awareness,Display,British Columbia,0.221,70352,1325.5,503.32,57.95,3602.95,7.15,0.38,7.158
2026-03-16,CMP1004,Brand_Lift_National,Display,Ontario,0.303,156039,1694.9,3682.23,107.95,7514.55,23.6,2.173,2.041
2025-12-14,CMP1001,App_Download_Push,Video,Ontario,0.816,71057,1350.3,286.61,76.63,4278.98,4.03,0.212,14.93
2025-11-09,CMP1000,Winter_Storm_Alert_Promo,Display,British Columbia,0.317,40873,855.5,351.54,17.71,669.47,8.6,0.411,1.904
2026-04-28,CMP1002,Premium_Upgrade_Q1,Display,Ontario,0.676,34815,364.8,333.95,6.01,401.09,9.59,0.916,1.201
2025-11-25,CMP1005,Local_News_Sponsorship,Native,Ontario,0.388,77331,980.5,805.45,35.7,2050.19,10.42,0.821,2.545
2026-03-20,CMP1002,Premium_Upgrade_Q1,Connected TV,Atlantic,0.502,106087,1791.9,1351.49,56.85,4230.8,12.74,0.754,3.13
2026-01-26,CMP1000,Winter_Storm_Alert_Promo,Video,Atlantic,0.704,73197,1494.2,491.26,73.58,7196.99,6.71,0.329,14.65
2026-01-02,CMP1006,Spring_Forecast_Launch,Native,Alberta,0.632,59987,822.1,462.43,22.12,1584.07,7.71,0.562,3.426
2025-12-20,CMP1002,Premium_Upgrade_Q1,Connected TV,Quebec,0.912,29457,289.5,251.06,16.8,889.72,8.52,,3.544
2026-04-19,CMP1001,App_Download_Push,Display,British Columbia,0.531,52191,335.9,477.57,16.57,407.75,9.15,1.422,0.854
2026-03-25,CMP1007,B2B_Partner_Coop,Search,Alberta,0.47,52298,1207.3,507.27,46.24,2682.51,9.7,0.42,5.288
2026-03-06,CMP1006,Spring_Forecast_Launch,Native,Ontario,0.632,48052,724.3,341.61,22.48,1283.59,7.11,0.472,3.757
2026-02-09,CMP1005,Local_News_Sponsorship,Native,Ontario,0.796,49359,1043.1,321.57,33.6,1752.13,6.51,0.308,5.449
2026-04-12,CMP1001,App_Download_Push,Video,Ontario,0.306,53794,516.0,423.11,25.09,1826.33,7.87,0.82,4.316
2025-12-03,CMP1003,Severe_Weather_Awareness,Connected TV,Quebec,0.811,72779,817.1,659.9,45.1,3319.8,9.07,0.808,5.031
2026-04-06,CMP1007,B2B_Partner_Coop,Video,Atlantic,0.315,49758,899.6,346.51,28.09,1659.27,6.96,0.385,4.788
2026-04-13,CMP1004,Brand_Lift_National,Connected TV,Atlantic,0.602,76761,1000.0,542.08,30.28,1851.4,7.06,0.542,3.415
2026-01-19,CMP1003,Severe_Weather_Awareness,Connected TV,Atlantic,0.774,49688,1169.4,444.91,46.03,2365.19,8.95,0.38,5.316
2025-11-30,CMP1002,Premium_Upgrade_Q1,Connected TV,British Columbia,0.151,10730,240.9,71.54,10.04,971.1,6.67,0.297,13.574
2026-01-04,CMP1004,Brand_Lift_National,Native,Atlantic,0.762,40912,879.5,476.35,40.15,2219.01,11.64,0.542,4.658
2025-11-29,CMP1000,Winter_Storm_Alert_Promo,Display,Atlantic,0.374,58181,454.2,343.11,15.14,1267.78,5.9,0.755,3.695
2026-03-21,CMP1007,B2B_Partner_Coop,Video,Quebec,0.352,35291,593.6,244.04,23.6,2139.15,6.92,0.411,8.765
2025-12-28,CMP1005,Local_News_Sponsorship,Display,Atlantic,0.826,36680,1069.1,380.47,44.95,3244.23,10.37,0.356,8.527
2026-01-16,CMP1007,B2B_Partner_Coop,Connected TV,British Columbia,0.809,53750,1143.8,53.75,60.68,5074.83,1.0,0.047,94.414
2025-11-01,CMP1003,Severe_Weather_Awareness,Display,Ontario,0.332,41493,397.0,313.47,23.62,1366.73,7.55,0.79,4.36
2025-11-22,CMP1001,App_Download_Push,Video,British Columbia,0.317,68565,768.6,552.3,39.48,2386.51,8.06,0.719,4.321
2025-12-25,CMP1000,Winter_Storm_Alert_Promo,Native,Ontario,0.638,27315,239.6,243.7,13.66,704.22,8.92,1.017,2.89
2026-02-18,CMP1006,Spring_Forecast_Launch,Video,Alberta,0.616,57783,1028.5,498.41,40.69,1813.34,8.63,0.485,3.638
2025-12-25,CMP1005,Local_News_Sponsorship,Search,Quebec,0.638,62463,1338.7,521.65,54.67,4110.5,8.35,0.39,7.88
2026-02-08,CMP1006,Spring_Forecast_Launch,Video,Alberta,0.685,37802,598.0,405.77,17.08,1243.06,10.73,0.679,3.063
2026-04-27,CMP1005,Local_News_Sponsorship,Search,Quebec,0.511,45071,441.0,574.87,15.13,999.78,12.75,,1.739
2026-01-15,CMP1007,B2B_Partner_Coop,Native,Quebec,0.822,78403,1826.5,771.65,46.32,3299.88,9.84,0.422,4.276
2026-03-07,CMP1002,Premium_Upgrade_Q1,Connected TV,Atlantic,0.496,38627,361.0,397.27,12.77,460.01,10.28,1.101,1.158
2026-03-06,CMP1006,Spring_Forecast_Launch,Native,Alberta,0.632,55231,92.7,555.49,3.55,268.21,10.06,5.995,0.483
2026-03-15,CMP1004,Brand_Lift_National,Search,Alberta,0.615,36139,548.1,299.33,35.53,2219.67,8.28,0.546,7.415
2026-04-21,CMP1001,App_Download_Push,Native,British Columbia,0.505,14205,302.7,102.22,13.35,984.93,7.2,0.338,9.635
2026-01-24,CMP1007,B2B_Partner_Coop,Connected TV,Ontario,0.625,40567,1170.5,212.02,73.13,3912.67,5.23,0.181,18.454
2026-02-27,CMP1002,Premium_Upgrade_Q1,Connected TV,Alberta,0.742,72266,1421.7,901.26,86.63,6210.16,12.47,0.634,6.891
2026-01-24,CMP1005,Local_News_Sponsorship,Search,British Columbia,0.625,68438,1310.0,753.58,72.43,6034.59,11.01,0.575,8.008
2026-03-16,CMP1004,Brand_Lift_National,Connected TV,British Columbia,0.303,56349,1112.9,713.12,28.42,2190.5,12.66,0.641,3.072
2025-11-07,CMP1004,Brand_Lift_National,Display,Ontario,0.262,50804,887.3,531.23,23.5,1773.97,10.46,0.599,3.339
2026-01-23,CMP1001,App_Download_Push,Video,Ontario,0.64,36418,636.4,269.21,31.68,2734.61,7.39,0.423,10.158
2026-01-01,CMP1001,App_Download_Push,Video,British Columbia,0.954,33730,795.6,149.28,44.02,627.73,4.43,0.188,4.205
2026-03-09,CMP1006,Spring_Forecast_Launch,Native,Ontario,0.405,61743,946.6,871.53,24.29,1261.44,14.12,0.921,1.447
2026-03-29,CMP1006,Spring_Forecast_Launch,Display,Alberta,0.305,68088,318.7,748.0,12.6,1018.38,10.99,2.347,1.361
2026-01-26,CMP1005,Local_News_Sponsorship,Connected TV,Alberta,0.704,43801,521.6,43.8,14.21,874.08,1.0,0.084,19.956
2025-12-20,CMP1000,Winter_Storm_Alert_Promo,Search,British Columbia,0.912,77792,995.1,718.35,42.61,3283.06,9.23,0.722,4.57
2026-03-20,CMP1006,Spring_Forecast_Launch,Display,Ontario,0.502,80874,1660.8,1630.95,56.39,3983.08,20.17,0.982,2.442
2025-11-10,CMP1006,Spring_Forecast_Launch,Search,Alberta,0.221,64620,729.3,443.24,22.99,1999.33,6.86,0.608,4.511
2026-03-07,CMP1001,App_Download_Push,Video,Quebec,0.496,71056,2132.3,668.39,45.98,2807.68,9.41,0.313,4.201
2026-02-14,CMP1002,Premium_Upgrade_Q1,Connected TV,Ontario,0.844,69565,1475.9,755.97,52.25,3826.87,10.87,0.512,5.062
2026-03-31,CMP1006,Spring_Forecast_Launch,Display,Alberta,0.39,45318,754.9,162.61,32.43,2173.15,3.59,0.215,13.364
2026-02-16,CMP1002,Premium_Upgrade_Q1,Connected TV,Alberta,0.765,66234,1446.2,964.37,79.54,5548.94,14.56,0.667,5.754
2026-01-16,CMP1000,Winter_Storm_Alert_Promo,Display,Quebec,0.809,50838,1087.1,561.22,21.77,1104.46,11.04,0.516,1.968
2026-02-24,CMP1007,B2B_Partner_Coop,Connected TV,British Columbia,0.857,51474,678.5,499.23,29.06,2117.06,9.7,0.736,4.241
2026-03-14,CMP1005,Local_News_Sponsorship,Connected TV,Alberta,0.557,64835,947.8,541.2,40.45,3251.72,8.35,0.571,6.008
2026-03-31,CMP1004,Brand_Lift_National,Native,British Columbia,0.39,58084,803.6,650.1,17.52,1368.96,11.19,0.809,2.106
2026-02-24,CMP1000,Winter_Storm_Alert_Promo,Display,Quebec,0.857,89019,1364.0,867.79,35.52,2944.06,9.75,0.636,3.393
2026-03-20,CMP1006,Spring_Forecast_Launch,Native,Quebec,0.502,105534,1194.6,2218.87,43.02,2949.59,21.02,1.857,1.329
2026-04-10,CMP1005,Local_News_Sponsorship,Connected TV,Ontario,0.456,42792,1332.6,182.66,60.01,3029.28,4.27,0.137,16.584
2026-01-30,CMP1003,Severe_Weather_Awareness,Video,Alberta,0.87,86327,1729.5,527.28,72.01,8832.97,6.11,0.305,16.752
2026-01-22,CMP1002,Premium_Upgrade_Q1,Search,British Columbia,0.923,59769,769.2,551.8,21.74,1561.71,9.23,0.717,2.83
2025-12-02,CMP1000,Winter_Storm_Alert_Promo,Connected TV,Atlantic,0.662,45528,210.9,532.06,10.41,863.83,11.69,2.523,1.624
2026-04-08,CMP1005,Local_News_Sponsorship,Connected TV,Alberta,0.4,39436,522.7,155.67,21.99,1524.73,3.95,0.298,9.794
2026-02-25,CMP1000,Winter_Storm_Alert_Promo,Connected TV,British Columbia,0.861,94319,1718.6,356.23,75.72,3951.03,3.78,0.207,11.091
2026-03-20,CMP1006,Spring_Forecast_Launch,Connected TV,British Columbia,0.502,117471,2204.8,2294.24,24.28,1097.34,19.53,1.041,0.478
2026-01-01,CMP1003,Severe_Weather_Awareness,Connected TV,Atlantic,0.954,74414,2653.7,436.42,69.75,3055.75,5.86,,7.002
2025-12-22,CMP1003,Severe_Weather_Awareness,Search,British Columbia,0.871,138656,884.4,2745.23,22.23,1193.8,19.8,3.104,0.435
2026-03-03,CMP1004,Brand_Lift_National,Native,Alberta,0.369,55787,740.8,621.61,4.28,247.1,11.14,0.839,0.398
2026-04-18,CMP1002,Premium_Upgrade_Q1,Native,British Columbia,0.601,49148,869.2,379.18,36.56,2303.2,7.72,0.436,6.074
2026-04-07,CMP1007,B2B_Partner_Coop,Search,Atlantic,0.421,23242,172.5,271.36,4.87,256.06,11.68,1.573,0.944
2026-02-04,CMP1005,Local_News_Sponsorship,Display,British Columbia,0.654,77110,991.9,599.66,42.75,3290.91,7.78,0.605,5.488
2025-11-15,CMP1000,Winter_Storm_Alert_Promo,Display,Ontario,0.186,61375,783.9,687.77,24.98,2197.52,11.21,0.877,3.195
2026-02-10,CMP1006,Spring_Forecast_Launch,Native,British Columbia,0.709,70588,1537.6,786.34,60.44,4229.18,11.14,0.511,5.378
2025-11-21,CMP1005,Local_News_Sponsorship,Video,Ontario,0.139,51318,942.7,453.76,31.37,1380.11,8.84,0.481,3.042
2026-04-15,CMP1007,B2B_Partner_Coop,Connected TV,Alberta,0.56,61821,1471.6,620.77,84.23,9136.64,10.04,0.422,14.718
2026-01-27,CMP1004,Brand_Lift_National,Search,Quebec,0.948,32211,764.2,584.58,26.7,698.0,18.15,0.765,1.194
2026-01-27,CMP1005,Local_News_Sponsorship,Native,Ontario,0.948,96762,2006.8,1576.0,63.51,2236.68,16.29,0.785,1.419
2026-01-17,CMP1002,Premium_Upgrade_Q1,Connected TV,Quebec,0.604,75373,1562.1,582.97,38.17,2046.22,7.73,0.373,3.51
2026-03-16,CMP1001,App_Download_Push,Search,Alberta,0.303,49817,49.8,1400.97,1.92,161.94,28.12,28.122,0.116
2026-03-02,CMP1002,Premium_Upgrade_Q1,Search,Alberta,0.593,36953,986.9,313.2,40.83,2050.13,8.48,0.317,6.546
2026-01-06,CMP1006,Spring_Forecast_Launch,Connected TV,Atlantic,0.77,49069,258.6,198.64,13.9,1326.43,4.05,0.768,6.678
2026-02-27,CMP1001,App_Download_Push,Search,Alberta,0.742,37603,480.2,312.79,17.85,631.67,8.32,0.651,2.019
2025-11-24,CMP1002,Premium_Upgrade_Q1,Connected TV,Ontario,0.166,50524,489.2,410.6,18.36,985.3,8.13,0.839,2.4
2026-03-28,CMP1003,Severe_Weather_Awareness,Native,Ontario,0.634,73741,1108.2,713.12,23.76,2475.39,9.67,0.643,3.471
2025-11-09,CMP1006,Spring_Forecast_Launch,Video,British Columbia,0.317,28130,426.9,311.46,2.9,208.38,11.07,0.73,0.669
2026-04-09,CMP1004,Brand_Lift_National,Video,Alberta,0.673,71231,1440.9,366.65,67.29,5893.31,5.15,0.254,16.073
2026-04-18,CMP1004,Brand_Lift_National,Search,Atlantic,0.601,49746,933.0,514.52,33.04,1939.93,10.34,0.551,3.77
2026-02-18,CMP1004,Brand_Lift_National,Connected TV,Alberta,0.616,62066,1399.0,739.9,81.15,5848.06,11.92,,7.904
2025-12-30,CMP1005,Local_News_Sponsorship,Connected TV,Ontario,0.769,57136,1185.2,419.54,41.6,1603.17,7.34,0.354,3.821
2025-12-14,CMP1005,Local_News_Sponsorship,Connected TV,British Columbia,0.816,28977,650.0,264.89,18.32,1281.42,9.14,0.408,4.838
2026-01-27,CMP1001,App_Download_Push,Native,Alberta,0.948,126124,1891.4,1856.37,68.73,1488.83,14.72,0.981,0.802
2025-11-12,CMP1000,Winter_Storm_Alert_Promo,Video,Quebec,0.243,59961,1226.1,329.39,43.78,2332.46,5.49,0.269,7.081
2025-11-04,CMP1006,Spring_Forecast_Launch,Video,Ontario,0.314,42900,1076.4,550.09,65.0,4556.93,12.82,0.511,8.284
2026-03-30,CMP1000,Winter_Storm_Alert_Promo,Connected TV,Ontario,0.522,62098,1082.9,285.69,28.59,2499.48,4.6,0.264,8.749
2025-12-06,CMP1005,Local_News_Sponsorship,Video,Ontario,0.682,84707,1000.0,525.19,54.66,2053.14,6.2,0.525,3.909
2025-12-04,CMP1000,Winter_Storm_Alert_Promo,Native,Atlantic,0.786,139886,2442.7,2302.27,46.63,3684.52,16.46,0.943,1.6
2026-02-27,CMP1005,Local_News_Sponsorship,Connected TV,Quebec,0.742,77556,888.7,441.81,72.25,4490.71,5.7,0.497,10.164
2025-11-22,CMP1002,Premium_Upgrade_Q1,Display,Quebec,0.317,44013,771.2,434.2,43.46,2011.19,9.87,0.563,4.632
2026-04-06,CMP1003,Severe_Weather_Awareness,Search,British Columbia,0.315,60904,1141.3,240.34,37.14,3738.87,3.95,0.211,15.556
2026-02-27,CMP1000,Winter_Storm_Alert_Promo,Video,British Columbia,0.742,29868,171.9,279.12,4.94,418.05,9.35,1.624,1.498
2026-01-11,CMP1007,B2B_Partner_Coop,Video,Ontario,0.837,49799,550.7,-49.8,13.67,1177.66,1.0,0.09,23.648
2026-01-19,CMP1003,Severe_Weather_Awareness,video,Atlantic,0.774,92012,1305.4,770.38,73.6,4939.88,8.37,0.59,6.412
2025-11-30,CMP1004,Brand_Lift_National,Display,Alberta,0.151,106519,1982.3,1787.87,20.5,1887.4,16.78,0.902,1.056
2026-02-02,CMP1004,Brand_Lift_National,Native,British Columbia,0.952,53142,705.5,499.73,19.45,192.48,9.4,0.708,0.385
2026-02-13,CMP1004,Brand_Lift_National,Search,British Columbia,0.8,42793,649.5,291.46,11.46,1172.49,6.81,0.449,4.023
2026-03-16,CMP1003,Severe_Weather_Awareness,Display,Ontario,0.303,167214,3141.9,4632.65,117.92,4511.23,27.7,1.474,0.974
2026-03-26,CMP1006,Spring_Forecast_Launch,Search,Atlantic,0.595,67737,427.0,567.5,6.65,597.27,8.38,1.329,1.052
2026-01-01,CMP1004,Brand_Lift_National,Display,Atlantic,0.954,70142,749.2,398.31,13.31,947.1,5.68,,2.378
2026-04-16,CMP1002,Premium_Upgrade_Q1,Video,Atlantic,0.544,26674,389.6,206.69,20.02,1482.23,7.75,0.531,7.171
2026-03-02,CMP1003,Severe_Weather_Awareness,Native,British Columbia,0.593,53513,1035.8,477.0,29.89,1519.93,8.91,0.461,3.186
2026-01-01,CMP1006,Spring_Forecast_Launch,Display,Atlantic,0.954,21918,377.7,281.95,18.32,1603.71,12.86,0.747,5.688
2026-02-26,CMP1005,Local_News_Sponsorship,Native,Ontario,0.957,104020,2263.4,2936.91,74.28,3148.35,28.23,1.298,1.072
2026-03-04,CMP1003,Severe_Weather_Awareness,Native,Alberta,0.424,49239,825.3,418.9,39.28,2469.01,8.51,0.508,5.894
2026-04-16,CMP1007,B2B_Partner_Coop,Connected TV,Atlantic,0.544,56214,876.8,542.85,25.75,1375.81,9.66,0.619,2.534
2025-12-14,CMP1000,Winter_Storm_Alert_Promo,Search,Alberta,0.816,59430,682.1,298.15,43.58,3093.18,5.02,0.437,10.375
2025-11-10,CMP1006,Spring_Forecast_Launch,Native,British Columbia,0.221,64331,891.8,414.98,37.16,2126.66,6.45,0.465,5.125
2026-03-12,CMP1006,Spring_Forecast_Launch,Display,British Columbia,0.555,58035,903.6,494.78,51.5,2448.79,8.53,0.548,4.949
2025-12-04,CMP1006,Spring_Forecast_Launch,Native,Quebec,0.786,167945,2696.8,3018.91,105.83,9640.07,17.98,1.119,3.193
2026-03-27,CMP1007,B2B_Partner_Coop,Native,Atlantic,0.462,85840,303.7,2132.91,16.15,715.66,24.85,7.024,0.336
2026-03-23,CMP1007,B2B_Partner_Coop,Connected TV,Quebec,0.372,53831,1461.7,217.15,34.61,2349.62,4.03,0.149,10.82
2026-02-05,CMP1004,Brand_Lift_National,Connected TV,Alberta,0.851,49623,845.4,353.24,29.95,2236.57,7.12,0.418,6.332
2025-11-08,CMP1001,App_Download_Push,Connected TV,British Columbia,0.364,35596,656.2,339.23,44.55,3313.19,9.53,0.517,9.767
2026-03-23,CMP1002,Premium_Upgrade_Q1,Display,Alberta,0.372,58583,687.7,524.26,14.65,1063.68,8.95,0.762,2.029
2026-04-11,CMP1005,Local_News_Sponsorship,Connected TV,Ontario,0.61,58510,485.8,481.18,36.78,1712.06,8.22,0.991,3.558
2025-11-05,CMP1002,Premium_Upgrade_Q1,Display,Quebec,0.105,62979,1310.9,478.36,42.8,3560.15,7.6,0.365,7.442
2026-04-15,CMP1006,Spring_Forecast_Launch,Native,Quebec,0.56,40504,1041.1,310.11,31.22,1761.33,7.66,0.298,5.68
2025-11-15,CMP1006,Spring_Forecast_Launch,Video,British Columbia,0.186,37291,515.4,394.09,10.33,326.74,10.57,0.765,0.829
2026-03-22,CMP1004,Brand_Lift_National,Native,British Columbia,0.353,65308,690.4,580.64,27.04,1894.74,8.89,0.841,3.263
2026-03-01,CMP1002,Premium_Upgrade_Q1,Native,British Columbia,0.6,72702,456.3,338.2,6.94,498.03,4.65,0.741,1.473
2026-01-02,CMP1005,Local_News_Sponsorship,Video,Quebec,0.632,48114,323.7,374.98,23.3,1704.98,7.79,1.158,4.547
2026-04-20,CMP1006,Spring_Forecast_Launch,Native,Alberta,0.615,65468,1379.0,766.65,55.78,3224.48,11.71,0.556,4.206
2026-02-11,CMP1001,App_Download_Push,Display,Atlantic,0.956,83537,745.6,690.47,31.85,1739.23,8.27,0.926,2.519
2025-12-21,CMP1004,Brand_Lift_National,Display,Quebec,0.786,65236,1475.4,699.67,87.78,5512.14,10.73,0.474,7.878
2026-01-05,CMP1006,Spring_Forecast_Launch,Display,British Columbia,0.64,59941,1425.2,586.67,38.51,2052.3,9.79,0.412,3.498
2026-04-25,CMP1002,Premium_Upgrade_Q1,Native,British Columbia,0.536,61772,803.1,517.72,31.76,3664.65,8.38,0.645,7.078
2025-11-01,CMP1007,B2B_Partner_Coop,Search,Atlantic,0.332,75367,957.2,915.99,22.39,1054.87,12.15,0.957,1.152
2026-04-21,CMP1003,Severe_Weather_Awareness,Display,British Columbia,0.505,92826,860.2,880.85,30.19,2336.45,9.49,1.024,2.652
2026-01-02,CMP1003,Severe_Weather_Awareness,Display,Atlantic,0.632,60446,558.3,831.62,31.26,2248.2,13.76,1.49,2.703
2026-04-09,CMP1001,App_Download_Push,Connected TV,Ontario,0.673,77797,1015.5,774.3,58.68,4672.27,9.95,0.762,6.034
2026-02-21,CMP1006,Spring_Forecast_Launch,Search,Ontario,0.763,60136,592.6,349.31,8.58,641.14,5.81,0.589,1.835
2026-02-12,CMP1001,App_Download_Push,Native,Alberta,0.805,39988,289.8,387.91,1.86,199.33,9.7,1.339,0.514
2025-12-26,CMP1001,App_Download_Push,Display,British Columbia,0.931,72815,1277.7,751.38,24.88,2298.92,10.32,0.588,3.06
2025-12-16,CMP1002,Premium_Upgrade_Q1,Native,British Columbia,0.729,48034,837.2,204.56,35.35,1430.64,4.26,0.244,6.994
2025-11-08,CMP1007,B2B_Partner_Coop,Search,British Columbia,0.364,56145,903.3,349.3,47.3,3945.95,6.22,0.387,11.297
2026-02-23,CMP1002,Premium_Upgrade_Q1,Display,Atlantic,0.77,18009,235.7,165.62,8.6,410.27,9.2,0.703,2.477
2025-12-06,CMP1006,Spring_Forecast_Launch,Native,Alberta,0.682,36781,630.0,291.04,31.26,2037.55,7.91,0.462,7.001
2025-11-18,CMP1001,App_Download_Push,Video,British Columbia,0.198,49355,596.6,324.95,13.03,1454.97,6.58,0.545,4.478
2026-04-13,CMP1001,App_Download_Push,Search,Alberta,0.602,34599,305.4,178.95,13.81,857.81,5.17,0.586,4.794
2025-11-01,CMP1002,Premium_Upgrade_Q1,Native,Alberta,0.332,42963,595.1,228.17,13.69,638.04,5.31,0.383,2.796
2026-01-06,CMP1005,Local_News_Sponsorship,Connected TV,British Columbia,0.77,41190,778.2,257.41,34.25,2405.42,6.25,0.331,9.345
2025-12-02,CMP1005,Local_News_Sponsorship,Native,Atlantic,0.662,94868,669.4,623.0,31.89,2928.02,6.57,0.931,4.7
2026-01-07,CMP1007,B2B_Partner_Coop,video,Alberta,1.0,48898,914.3,452.25,22.56,1687.99,9.25,0.495,3.732
2025-11-21,CMP1003,Severe_Weather_Awareness,Native,Atlantic,0.139,48799,548.2,307.02,30.58,1948.74,6.29,0.56,6.347
2026-04-25,CMP1006,Spring_Forecast_Launch,Video,,0.536,57474,,,43.34,1147.97,6.69,,2.986
2025-11-24,CMP1007,B2B_Partner_Coop,Video,British Columbia,0.166,45139,178.5,394.33,12.48,782.08,8.74,2.209,1.983
2025-12-28,CMP1007,B2B_Partner_Coop,Search,Ontario,0.826,31178,580.8,444.61,13.84,857.98,14.26,0.766,1.93
2025-11-16,CMP1000,Winter_Storm_Alert_Promo,Video,Alberta,0.307,83716,2079.7,604.09,92.27,10413.17,7.22,0.29,17.238
2026-03-09,CMP1004,Brand_Lift_National,Video,Ontario,0.405,42616,663.3,434.47,44.88,3274.12,10.19,0.655,7.536
2026-02-28,CMP1006,Spring_Forecast_Launch,Native,Ontario,0.727,26441,558.5,309.48,35.74,2484.94,11.7,0.554,8.029
2026-01-08,CMP1006,Spring_Forecast_Launch,Native,Quebec,0.789,72633,1711.0,619.7,85.08,6479.31,8.53,0.362,10.456
2026-03-07,CMP1007,B2B_Partner_Coop,Connected TV,British Columbia,0.496,62580,2252.0,592.1,94.12,4839.39,9.46,0.263,8.173
2026-01-11,CMP1000,Winter_Storm_Alert_Promo,Search,Ontario,0.837,67890,1153.4,654.71,83.72,5907.81,9.64,0.568,9.024
2025-11-20,CMP1004,Brand_Lift_National,Native,British Columbia,0.355,35941,620.1,339.73,29.69,3044.08,9.45,0.548,8.96
2025-11-02,CMP1007,B2B_Partner_Coop,Display,Alberta,0.14,67426,983.4,801.3,40.7,1963.68,11.88,0.815,2.451
2026-04-05,CMP1007,B2B_Partner_Coop,display,British Columbia,0.569,47816,566.7,298.46,8.29,499.7,6.24,0.527,1.674
2026-02-09,CMP1007,B2B_Partner_Coop,Native,British Columbia,0.796,61416,563.6,433.73,17.59,1096.34,7.06,0.77,2.528
2026-04-07,CMP1002,Premium_Upgrade_Q1,Display,Quebec,0.421,24531,326.0,224.63,5.31,297.99,9.16,0.689,1.327
2026-04-19,CMP1001,App_Download_Push,Display,Atlantic,0.531,32634,249.8,276.19,5.05,412.0,8.46,1.106,1.492
2025-12-05,CMP1002,Premium_Upgrade_Q1,Display,Ontario,0.781,50436,944.5,509.98,30.17,1326.52,10.11,0.54,2.601
2025-12-17,CMP1007,B2B_Partner_Coop,Video,Ontario,0.82,33182,135.2,360.45,2.16,152.49,10.86,2.667,0.423
2026-01-04,CMP1003,Severe_Weather_Awareness,Native,Ontario,0.762,94240,1076.9,972.82,48.05,4381.53,10.32,0.903,4.504
2025-12-02,CMP1005,Local_News_Sponsorship,Connected TV,British Columbia,0.662,55328,535.4,346.6,3.67,279.85,6.26,0.647,0.807
2025-12-26,CMP1003,Severe_Weather_Awareness,Display,Atlantic,0.931,71255,1221.0,568.82,35.99,2098.2,7.98,0.466,3.689
2026-04-11,CMP1003,Severe_Weather_Awareness,Display,Alberta,0.61,68088,898.0,362.83,46.64,2174.03,5.33,0.404,5.992
2026-04-03,CMP1002,Premium_Upgrade_Q1,Display,Alberta,0.601,44916,669.9,393.5,16.03,1395.14,8.76,0.587,3.545
2026-01-10,CMP1004,Brand_Lift_National,Native,British Columbia,0.617,58686,1118.6,355.06,28.82,1728.52,6.05,0.317,4.868
2026-02-06,CMP1002,Premium_Upgrade_Q1,Display,Quebec,0.755,75583,610.8,764.8,35.59,3309.59,10.12,1.252,4.327
2025-12-31,CMP1002,Premium_Upgrade_Q1,Connected TV,Ontario,0.82,47950,262.2,466.89,15.55,1190.31,9.74,1.78,2.549
2026-02-18,CMP1007,B2B_Partner_Coop,Video,Ontario,0.616,41141,368.3,401.33,9.54,653.55,9.75,1.09,1.628
2026-04-04,CMP1002,Premium_Upgrade_Q1,Display,,0.634,40809,,311.07,29.47,1342.0,7.62,,4.314
2026-04-25,CMP1001,App_Download_Push,Search,Ontario,0.536,47082,852.7,219.64,36.33,1638.28,4.66,0.258,7.459
2026-01-27,CMP1000,Winter_Storm_Alert_Promo,Connected TV,Quebec,0.948,149790,4489.1,3057.0,210.91,14893.19,20.41,0.681,4.872
2025-12-11,CMP1003,Severe_Weather_Awareness,Search,British Columbia,0.982,43701,873.6,311.72,39.27,3526.66,7.13,0.357,11.313
2026-04-15,CMP1002,Premium_Upgrade_Q1,Video,Atlantic,0.56,70827,876.3,244.67,45.08,1631.0,3.45,0.279,6.666
2026-04-21,CMP1002,Premium_Upgrade_Q1,Connected TV,Atlantic,0.505,46930,774.5,388.99,36.62,1056.24,8.29,0.502,2.715
2025-12-03,CMP1001,App_Download_Push,Search,Quebec,0.811,51043,708.6,351.34,33.9,1827.23,6.88,0.496,5.201
2025-12-08,CMP1002,Premium_Upgrade_Q1,Native,Ontario,0.915,27587,219.9,155.79,8.02,470.47,5.65,0.708,3.02
2025-12-31,CMP1007,B2B_Partner_Coop,Video,British Columbia,0.82,51114,606.2,564.06,27.37,2100.03,11.04,0.93,3.723
2025-12-14,CMP1003,Severe_Weather_Awareness,Search,Alberta,0.816,20692,293.0,78.43,0.29,10.08,3.79,0.268,0.129
2026-02-07,CMP1006,Spring_Forecast_Launch,Connected TV,Ontario,0.895,47043,1642.1,752.12,112.62,12631.59,15.99,0.458,16.795
2026-03-27,CMP1000,Winter_Storm_Alert_Promo,Search,British Columbia,0.462,160648,1892.4,1469.63,98.28,5058.23,9.15,0.777,3.442
2026-02-10,CMP1000,Winter_Storm_Alert_Promo,Connected TV,Atlantic,0.709,67670,1817.2,789.48,81.77,6262.17,11.67,0.434,7.932
2026-04-02,CMP1000,Winter_Storm_Alert_Promo,Video,Atlantic,0.656,53765,568.6,240.49,11.54,674.01,4.47,0.423,2.803
2026-03-25,CMP1000,Winter_Storm_Alert_Promo,Connected TV,Atlantic,0.47,40268,1016.8,549.67,62.09,4236.89,13.65,0.541,7.708
2026-01-16,CMP1002,Premium_Upgrade_Q1,Display,Quebec,0.809,52224,1215.6,607.01,70.54,352.71,11.62,0.499,0.581
2026-03-01,CMP1000,Winter_Storm_Alert_Promo,Display,Alberta,0.6,56419,641.3,541.55,17.1,914.46,9.6,0.845,1.689
2025-11-06,CMP1004,Brand_Lift_National,Video,Atlantic,0.253,43568,250.0,441.49,8.96,475.72,10.13,1.766,1.078
2026-01-11,CMP1003,Severe_Weather_Awareness,Display,Quebec,0.837,57169,496.6,181.79,8.32,871.58,3.18,0.366,4.794
2025-11-28,CMP1002,Premium_Upgrade_Q1,Search,Alberta,0.382,45354,768.7,348.48,28.95,1712.77,7.68,0.453,4.915
2026-03-05,CMP1004,Brand_Lift_National,Connected TV,Atlantic,0.329,44983,618.0,420.7,1.28,103.95,9.35,0.681,0.247
2026-03-17,CMP1002,Premium_Upgrade_Q1,Search,Atlantic,0.511,60492,1302.3,236.41,47.75,4201.15,3.91,0.182,17.771
2026-03-25,CMP1004,Brand_Lift_National,Native,Atlantic,0.47,69719,1613.0,429.35,87.8,7495.8,6.16,0.266,17.458
2025-12-26,CMP1000,Winter_Storm_Alert_Promo,Video,Alberta,0.931,67362,1296.9,951.82,6.46,360.13,14.13,0.734,0.378
2025-11-26,CMP1002,Premium_Upgrade_Q1,Native,Quebec,0.145,69674,659.2,389.84,28.84,1912.82,5.6,0.591,4.907
2026-01-31,CMP1007,B2B_Partner_Coop,Search,Quebec,0.712,30140,744.9,239.45,25.96,2224.18,7.94,0.321,9.289
2025-12-09,CMP1000,Winter_Storm_Alert_Promo,Search,Ontario,0.866,58833,916.4,358.08,13.82,1125.12,6.09,0.391,3.142
2026-04-18,CMP1004,Brand_Lift_National,Native,Atlantic,0.601,73744,1434.7,882.69,75.02,5530.86,11.97,0.615,6.266
2026-04-08,CMP1003,Severe_Weather_Awareness,Display,Quebec,0.4,50000,743.7,605.06,40.79,2002.29,12.1,0.814,3.309
2026-01-09,CMP1005,Local_News_Sponsorship,Connected TV,Ontario,0.879,35454,1245.5,241.75,59.07,4147.05,6.82,0.194,17.154
2026-03-21,CMP1007,B2B_Partner_Coop,Video,Alberta,0.352,44148,363.7,284.74,10.54,816.03,6.45,0.783,2.866
2025-12-29,CMP1000,Winter_Storm_Alert_Promo,Video,Atlantic,0.631,61959,1224.8,349.38,15.1,1113.52,5.64,0.285,3.187
2026-04-19,CMP1007,B2B_Partner_Coop,Search,Alberta,0.531,43122,962.8,292.43,28.46,1670.33,6.78,0.304,5.712
2026-03-24,CMP1005,Local_News_Sponsorship,Video,Atlantic,0.333,51995,991.7,323.4,49.87,4937.69,6.22,0.326,15.268
2026-04-19,CMP1007,B2B_Partner_Coop,Search,Quebec,0.531,74101,1660.3,597.09,96.04,7024.87,8.06,0.36,11.765
2026-02-28,CMP1004,Brand_Lift_National,Video,Ontario,0.727,60790,945.0,394.95,42.37,3434.94,6.5,0.418,8.697
2026-01-14,CMP1006,Spring_Forecast_Launch,Search,Alberta,0.737,44703,695.0,265.76,43.14,3744.52,5.94,0.382,14.09
2025-12-23,CMP1006,Spring_Forecast_Launch,Search,Quebec,0.976,67307,943.0,601.17,27.19,2101.44,8.93,0.638,3.496
2026-04-12,CMP1001,App_Download_Push,Connected TV,Atlantic,0.306,49251,753.9,437.45,26.66,1489.67,8.88,0.58,3.405
2026-01-06,CMP1007,B2B_Partner_Coop,Native,Alberta,0.77,69109,1513.4,592.35,67.23,4085.43,8.57,0.391,6.897
2025-12-08,CMP1000,Winter_Storm_Alert_Promo,Connected TV,Alberta,0.915,62015,859.9,591.24,32.62,862.74,9.53,0.688,1.459
2025-11-27,CMP1006,Spring_Forecast_Launch,Native,British Columbia,0.377,49815,798.1,394.01,20.61,1748.87,7.91,0.494,4.439
2026-02-16,CMP1005,Local_News_Sponsorship,Video,Atlantic,0.765,17509,225.3,214.17,8.64,308.04,12.23,0.951,1.438
2026-02-21,CMP1003,Severe_Weather_Awareness,Display,Atlantic,0.763,58112,626.9,642.14,24.76,1671.52,11.05,1.024,2.603
2026-02-02,CMP1006,Spring_Forecast_Launch,Connected TV,Alberta,0.952,46617,1745.3,378.12,85.65,6798.53,8.11,0.217,17.98
2026-04-19,CMP1002,Premium_Upgrade_Q1,Native,Atlantic,0.531,33387,403.0,236.45,22.76,1599.31,7.08,0.587,6.764
2026-03-24,CMP1003,Severe_Weather_Awareness,Video,Ontario,0.333,48303,1092.1,496.7,70.21,5049.08,10.28,0.455,10.165
2026-02-21,CMP1007,B2B_Partner_Coop,Connected TV,Atlantic,0.763,56925,912.8,416.38,70.9,6055.03,7.31,0.456,14.542
2026-04-02,CMP1001,App_Download_Push,Search,Ontario,0.656,42892,752.5,650.9,46.73,2029.3,15.18,0.865,3.118
2026-04-18,CMP1002,Premium_Upgrade_Q1,Native,British Columbia,0.601,49148,869.2,379.18,36.56,2303.2,7.72,0.436,6.074
2025-11-19,CMP1004,Brand_Lift_National,Video,Atlantic,0.142,18406,231.9,236.68,11.95,643.69,12.86,1.02,2.72
2026-03-17,CMP1007,B2B_Partner_Coop,Connected TV,Quebec,0.511,81346,2784.4,776.25,149.34,4510.15,9.54,0.279,5.81
2025-12-28,CMP1003,Severe_Weather_Awareness,Connected TV,Ontario,0.826,111669,725.3,1243.21,9.01,449.52,11.13,1.714,0.362
2025-12-07,CMP1001,App_Download_Push,Connected TV,Ontario,0.618,25333,508.7,211.69,17.37,818.19,8.36,0.416,3.865
2025-11-07,CMP1003,Severe_Weather_Awareness,Search,British Columbia,0.262,45254,366.8,168.78,14.03,631.86,3.73,0.46,3.744
2026-02-23,CMP1003,Severe_Weather_Awareness,Video,Ontario,0.77,65148,509.8,679.68,20.46,1571.92,10.43,1.333,2.313
2026-01-15,CMP1003,Severe_Weather_Awareness,Search,Quebec,0.822,62872,1635.7,561.56,52.8,1416.22,8.93,0.343,2.522
2025-11-02,CMP1002,Premium_Upgrade_Q1,Connected TV,Atlantic,0.14,24226,447.4,138.67,14.73,1035.3,5.72,0.31,7.466
2026-02-20,CMP1007,B2B_Partner_Coop,Video,Atlantic,0.916,70204,600.3,660.68,22.06,1782.43,9.41,1.101,2.698
2026-02-21,CMP1006,Spring_Forecast_Launch,Connected TV,Alberta,0.763,66776,1226.8,617.69,47.23,3034.26,9.25,0.504,4.912
2025-11-18,CMP1004,Brand_Lift_National,Display,Alberta,0.198,63042,621.4,534.45,8.77,349.42,8.48,0.86,0.654
2025-12-14,CMP1007,B2B_Partner_Coop,Video,Quebec,0.816,58993,470.9,399.88,20.15,490.9,6.78,0.849,1.228
2025-11-07,CMP1007,B2B_Partner_Coop,Display,Alberta,0.262,17665,349.3,152.83,15.29,588.08,8.65,0.437,3.848
2025-12-11,CMP1006,Spring_Forecast_Launch,Video,Ontario,0.982,56425,960.7,482.62,49.58,3880.04,8.55,0.502,8.04
2025-12-24,CMP1007,B2B_Partner_Coop,Connected TV,British Columbia,0.631,84707,2302.5,862.19,77.5,5964.31,10.18,0.374,6.918
2026-04-01,CMP1007,B2B_Partner_Coop,Native,Atlantic,0.668,59189,857.2,674.45,40.78,2185.32,11.39,0.787,3.24
2025-11-27,CMP1001,App_Download_Push,Connected TV,Atlantic,0.377,10038,176.8,64.77,9.71,499.49,6.45,0.366,7.712
2025-11-06,CMP1005,Local_News_Sponsorship,Native,Alberta  ,0.253,54681,1222.6,680.68,57.97,4897.08,12.45,0.557,7.194
2025-12-25,CMP1004,Brand_Lift_National,Connected TV,Quebec,0.638,45944,175.1,362.68,5.75,484.08,7.89,2.071,1.335
2026-03-26,CMP1003,Severe_Weather_Awareness,Display,Alberta,0.595,49028,1098.7,225.41,34.77,1043.65,4.6,0.205,4.63
2026-03-23,CMP1005,Local_News_Sponsorship,Connected TV,Quebec,0.372,27118,522.3,289.72,32.59,1587.96,10.68,0.555,5.481
2025-11-20,CMP1005,Local_News_Sponsorship,Video,Ontario,0.355,55945,759.5,305.97,19.5,1157.38,5.47,0.403,3.783
2026-01-15,CMP1004,Brand_Lift_National,Search,British Columbia,0.822,72333,754.2,813.89,36.39,3074.22,11.25,1.079,3.777
2026-04-10,CMP1006,Spring_Forecast_Launch,Native,Quebec,0.456,39813,437.1,368.27,21.03,943.52,9.25,0.843,2.562
2026-01-15,CMP1005,Local_News_Sponsorship,Native,Atlantic,0.822,65475,711.5,445.0,30.43,1871.98,6.8,0.625,4.207
2026-03-17,CMP1001,App_Download_Push,Display,British Columbia,0.511,75182,861.4,436.6,31.76,2855.77,5.81,0.507,6.541
2025-11-11,CMP1002,Premium_Upgrade_Q1,Native,British Columbia,0.281,53767,1283.4,335.95,40.03,2610.73,6.25,0.262,7.771
2026-01-24,CMP1003,Severe_Weather_Awareness,Native,Atlantic,0.625,70853,938.3,504.19,26.82,1320.47,7.12,0.537,2.619
2025-12-31,CMP1002,Premium_Upgrade_Q1,Connected TV,Atlantic,0.82,38582,807.6,313.17,37.67,2901.99,8.12,0.388,9.267
2026-04-13,CMP1004,Brand_Lift_National,Native,Alberta,0.602,43725,741.1,464.05,36.94,2425.59,10.61,0.626,5.227
2026-01-20,CMP1005,Local_News_Sponsorship,Connected TV,Atlantic,0.941,46952,1406.9,451.83,53.51,3010.37,9.62,0.321,6.663
2025-12-15,CMP1004,Brand_Lift_National,Display,,0.976,55718,,,24.32,1577.23,8.44,,3.354
2026-03-20,CMP1007,B2B_Partner_Coop,Video,Ontario,0.502,125408,4080.9,3002.27,267.42,21673.67,23.94,0.736,7.219
2026-03-17,CMP1005,Local_News_Sponsorship,Native,Ontario,0.511,56567,1209.2,573.01,48.73,3331.55,10.13,0.474,5.814
2026-03-05,CMP1002,Premium_Upgrade_Q1,Video,Atlantic,0.329,61179,1698.6,317.24,40.47,3263.09,5.19,0.187,10.286
2026-03-29,CMP1005,Local_News_Sponsorship,Display,Atlantic,0.305,75697,1101.0,518.54,25.51,412.88,6.85,0.471,0.796
2026-02-27,CMP1002,Premium_Upgrade_Q1,Connected TV,British Columbia,0.742,37231,663.7,255.01,16.14,1003.57,6.85,0.384,3.935
2026-03-25,CMP1007,B2B_Partner_Coop,Display,Quebec,0.47,57244,779.8,643.4,28.52,1865.91,11.24,0.825,2.9
2026-01-07,CMP1000,Winter_Storm_Alert_Promo,Native,Ontario,1.0,72553,935.8,1128.77,20.32,1106.49,15.56,1.206,0.98
2026-04-10,CMP1000,Winter_Storm_Alert_Promo,Search,Ontario,0.456,52620,318.9,368.62,16.76,1511.84,7.01,1.156,4.101
2026-03-24,CMP1000,Winter_Storm_Alert_Promo,Video,Alberta,0.333,60756,665.6,657.16,31.19,1906.28,10.82,0.987,2.901
2026-01-29,CMP1001,App_Download_Push,Display,Atlantic,0.875,49822,442.0,242.29,13.1,1076.75,4.86,0.548,4.444
2026-02-02,CMP1005,Local_News_Sponsorship,Native,British Columbia,0.952,41053,457.7,531.55,17.56,1005.6,12.95,1.161,1.892
2025-12-06,CMP1000,Winter_Storm_Alert_Promo,Native,Quebec,0.682,88209,1232.3,938.32,24.78,1500.96,10.64,0.761,1.6
2026-04-15,CMP1000,Winter_Storm_Alert_Promo,Connected TV,Ontario,0.56,54690,726.2,504.75,9.7,956.14,9.23,0.695,1.894
2026-03-17,CMP1007,B2B_Partner_Coop,Video,Atlantic,0.511,50136,1063.0,337.33,57.58,3141.74,6.73,0.317,9.314
2025-12-24,CMP1007,B2B_Partner_Coop,Native,Ontario,0.631,74828,1240.2,659.82,81.98,2978.07,8.82,0.532,4.513
2025-12-24,CMP1000,Winter_Storm_Alert_Promo,Native,British Columbia,0.631,42952,643.5,291.42,27.67,867.32,6.78,0.453,2.976
2026-04-02,CMP1006,Spring_Forecast_Launch,Search,Quebec,0.656,55100,441.2,362.42,2.95,287.57,6.58,0.821,0.793
2025-12-08,CMP1005,Local_News_Sponsorship,search,British Columbia,0.915,59729,909.5,564.92,59.82,4828.97,9.46,0.621,8.548
2026-03-04,CMP1006,Spring_Forecast_Launch,Connected TV,Ontario,0.424,61423,585.3,92.62,45.43,3019.05,1.51,0.158,32.596
2026-01-20,CMP1005,Local_News_Sponsorship,Video,Alberta,0.941,52843,896.6,608.51,37.97,1783.2,11.52,0.679,2.93
2026-03-08,CMP1006,Spring_Forecast_Launch,Video,British Columbia,0.319,40631,734.7,283.4,48.82,2711.6,6.97,0.386,9.568
2026-03-11,CMP1005,Local_News_Sponsorship,Search,Alberta,0.66,65559,1078.1,608.59,65.0,5720.07,9.28,0.564,9.399
2026-01-29,CMP1001,App_Download_Push,Native,Atlantic,0.875,73782,909.1,999.36,40.45,1715.6,13.54,1.099,1.717
2026-01-25,CMP1003,Severe_Weather_Awareness,Connected TV,Atlantic,0.644,62934,1114.6,387.18,22.86,1854.58,6.15,0.347,4.79
2026-04-14,CMP1001,App_Download_Push,Video,British Columbia,0.669,26045,493.9,53.74,19.73,1211.14,2.06,0.109,22.535
2026-01-13,CMP1000,Winter_Storm_Alert_Promo,Connected TV,Quebec,0.709,74917,1835.4,898.52,30.91,2351.28,11.99,0.49,2.617
2026-03-02,CMP1003,Severe_Weather_Awareness,Native,,0.593,46586,,263.9,18.87,1121.81,5.66,,4.251
2026-01-30,CMP1005,Local_News_Sponsorship,Search,,0.87,41841,,,25.53,1075.62,5.76,,4.461
2026-04-16,CMP1001,App_Download_Push,Connected TV,Quebec,0.544,46800,1624.9,246.52,77.03,6618.47,5.27,0.152,26.848
2025-12-26,CMP1006,Spring_Forecast_Launch,Video,Quebec,0.931,43314,593.3,394.37,13.52,1047.26,9.1,0.665,2.656
2026-04-18,CMP1003,Severe_Weather_Awareness,video,Alberta,0.601,44330,461.8,434.31,27.64,2004.81,9.8,0.941,4.616
2025-12-13,CMP1001,App_Download_Push,Display,Atlantic,0.669,49619,1014.5,326.97,40.85,2805.68,6.59,0.322,8.581
2026-03-07,CMP1007,B2B_Partner_Coop,Search,Ontario,0.496,57957,520.7,566.34,19.28,1245.09,9.77,1.088,2.198
2025-11-09,CMP1000,Winter_Storm_Alert_Promo,Connected TV,Quebec,0.317,53660,53.7,288.79,3.05,157.64,5.38,5.382,0.546
2026-03-24,CMP1004,Brand_Lift_National,Native,British Columbia,0.333,51635,882.0,328.31,30.19,2162.07,6.36,0.372,6.585
2025-11-02,CMP1002,Premium_Upgrade_Q1,Search,British Columbia,0.14,48834,777.2,594.74,1.17,70.26,12.18,0.765,0.118
2025-12-22,CMP1007,B2B_Partner_Coop,Connected TV,Ontario,0.871,50769,1374.0,339.95,43.64,1643.65,6.7,0.247,4.835
2025-11-04,CMP1004,Brand_Lift_National,Native,Atlantic,0.314,52168,1035.1,232.17,6.51,553.75,4.45,0.224,2.385
2026-03-08,CMP1006,Spring_Forecast_Launch,Video,Atlantic,0.319,48264,1048.6,304.26,47.32,5255.5,6.3,0.29,17.273
2025-11-03,CMP1006,Spring_Forecast_Launch,Connected TV,Atlantic,0.147,56155,983.6,763.03,38.06,2240.18,13.59,0.776,2.936
2026-03-07,CMP1005,Local_News_Sponsorship,Connected TV,Quebec,0.496,86981,1463.5,558.07,45.01,3537.39,6.42,0.381,6.339
2026-01-09,CMP1002,Premium_Upgrade_Q1,Native,Alberta,0.879,42353,619.6,240.3,8.77,509.79,5.67,0.388,2.122
2026-02-23,CMP1003,Severe_Weather_Awareness,Connected TV,Ontario,0.77,75734,968.0,738.8,23.71,1163.24,9.76,0.763,1.575
2026-01-26,CMP1007,B2B_Partner_Coop,Display,Quebec,0.704,31754,31.8,342.81,1.58,105.98,10.8,10.796,0.309
2025-11-30,CMP1003,Severe_Weather_Awareness,Native,Alberta,0.151,65084,546.9,1115.31,40.19,3195.89,17.14,2.039,2.865
2026-01-29,CMP1006,Spring_Forecast_Launch,Video,British Columbia,0.875,59809,1183.2,508.16,54.13,3336.34,8.5,0.429,6.565
2026-03-27,CMP1002,Premium_Upgrade_Q1,Native,Ontario,0.462,104068,1644.5,893.27,89.25,9096.67,8.58,0.543,10.184
2026-01-09,CMP1001,App_Download_Push,Search,Quebec,0.879,56733,1123.8,479.02,48.4,2476.31,8.44,0.426,5.17
2026-03-15,CMP1004,Brand_Lift_National,Display,British Columbia,0.615,68714,1484.5,650.22,22.25,1094.02,9.46,0.438,1.683
2026-01-21,CMP1006,Spring_Forecast_Launch,Display,Ontario,0.92,54093,931.9,804.83,39.05,2179.22,14.88,0.864,2.708
2026-01-28,CMP1007,B2B_Partner_Coop,Native,Alberta,0.886,78801,214.0,837.12,7.13,410.08,10.62,3.913,0.49
2026-01-20,CMP1006,Spring_Forecast_Launch,Search,Ontario,0.941,68183,922.0,311.66,46.33,3205.14,4.57,0.338,10.284
2026-02-15,CMP1006,Spring_Forecast_Launch,Search,Quebec,0.683,66991,458.1,473.63,3.23,200.97,7.07,1.034,0.424
2025-12-31,CMP1004,Brand_Lift_National,Video,Quebec,0.82,71969,828.8,589.01,46.66,3904.64,8.18,0.711,6.629
2026-03-30,CMP1003,Severe_Weather_Awareness,Video,Quebec,0.522,37102,329.8,370.55,17.63,1469.84,9.99,1.123,3.967
2025-12-14,CMP1003,Severe_Weather_Awareness,Connected TV,British Columbia,0.816,78914,820.4,589.27,33.23,2313.31,7.47,0.718,3.926
2026-04-28,CMP1003,Severe_Weather_Awareness,Search,Alberta,0.676,98023,1101.3,1365.62,24.33,655.59,13.93,1.24,0.48
2026-02-09,CMP1001,App_Download_Push,Connected TV,Quebec,0.796,26272,467.1,200.19,22.19,1762.21,7.62,0.429,8.803
2026-01-14,CMP1003,Severe_Weather_Awareness,Native,Alberta,0.737,93943,942.5,762.81,45.01,2597.57,8.12,0.809,3.405
2025-11-03,CMP1007,B2B_Partner_Coop,Connected TV,British Columbia,0.147,23486,282.8,274.46,8.65,452.14,11.69,0.97,1.647
2026-04-09,CMP1001,App_Download_Push,Search,Alberta,0.673,68502,1560.1,542.0,46.81,2015.05,7.91,0.347,3.718
2025-12-20,CMP1001,App_Download_Push,Video,Quebec,0.912,44970,419.0,348.75,15.75,882.41,7.76,0.832,2.53
2026-02-25,CMP1001,App_Download_Push,Display,Ontario,0.861,44643,760.2,378.42,40.23,2871.15,8.48,0.498,7.587
2026-04-07,CMP1001,App_Download_Push,Display,British Columbia,0.421,50345,743.4,408.55,17.09,1632.03,8.11,0.55,3.995
2026-03-11,CMP1001,App_Download_Push,Native,Alberta,0.66,63544,574.0,816.25,28.87,2060.53,12.85,1.422,2.524
2026-04-05,CMP1004,Brand_Lift_National,Display,Quebec,0.569,65100,1407.7,591.07,57.67,4178.1,9.08,0.42,7.069
2025-12-12,CMP1004,Brand_Lift_National,Native,British Columbia,0.819,61880,385.8,597.18,9.55,507.94,9.65,1.548,0.851
2026-02-16,CMP1004,Brand_Lift_National,Native,Atlantic,0.765,64299,1759.0,570.98,109.1,7273.35,8.88,0.325,12.738
2026-04-17,CMP1007,B2B_Partner_Coop,Connected TV,Atlantic,0.65,68033,1722.9,621.18,55.18,3031.28,9.13,0.361,4.88
2025-11-11,CMP1004,Brand_Lift_National,Display,Ontario,0.281,44189,894.0,313.54,27.5,1130.49,7.1,0.351,3.606
2026-02-07,CMP1006,Spring_Forecast_Launch,Video,British Columbia,0.895,77707,1092.7,494.83,15.91,823.67,6.37,0.453,1.665
2026-04-11,CMP1003,Severe_Weather_Awareness,Connected TV,British Columbia,0.61,68985,2573.8,569.83,114.61,8195.85,8.26,0.221,14.383
2025-11-24,CMP1003,Severe_Weather_Awareness,Display,British Columbia,0.166,39498,570.2,116.99,20.93,1294.6,2.96,0.205,11.066
2026-04-05,CMP1007,B2B_Partner_Coop,Search,Ontario,0.569,47544,382.1,397.48,19.97,1265.71,8.36,1.04,3.184
2026-01-16,CMP1007,B2B_Partner_Coop,Display,Alberta,0.809,64270,699.7,750.57,14.69,937.74,11.68,1.073,1.249
2026-03-21,CMP1000,Winter_Storm_Alert_Promo,Native,Ontario,0.352,57428,412.7,585.41,20.89,1164.16,10.19,1.419,1.989
2026-04-29,CMP1000,Winter_Storm_Alert_Promo,Video,Quebec,0.619,55251,1052.1,621.21,29.38,2122.31,11.24,0.59,3.416
2026-04-08,CMP1006,Spring_Forecast_Launch,Native,Ontario,0.4,52588,1034.2,520.76,33.31,2237.21,9.9,0.504,4.296
2026-02-17,CMP1005,Local_News_Sponsorship,Connected TV,Quebec,0.614,63195,1260.5,597.79,50.9,2728.3,9.46,0.474,4.564
2026-02-05,CMP1005,Local_News_Sponsorship,Search,Quebec,0.851,58583,1034.0,719.92,61.64,4333.67,12.29,0.696,6.02
2026-03-20,CMP1001,App_Download_Push,Display,Alberta,0.502,107394,2568.6,1622.88,88.49,6345.08,15.11,0.632,3.91
2025-11-04,CMP1001,App_Download_Push,Native,Alberta,0.314,59566,1143.4,812.0,48.69,2836.08,13.63,0.71,3.493
2025-11-19,CMP1006,Spring_Forecast_Launch,Video,Quebec,0.142,45813,901.3,493.65,39.89,3059.75,10.78,0.548,6.198
2026-04-27,CMP1004,Brand_Lift_National,Search,British Columbia,0.511,36160,534.4,218.92,23.77,1510.64,6.05,0.41,6.901
2026-04-22,CMP1006,Spring_Forecast_Launch,Native,Quebec,0.651,60813,1155.9,369.12,34.76,2369.26,6.07,0.319,6.419
2026-03-28,CMP1000,Winter_Storm_Alert_Promo,Search,Ontario,0.634,53089,999.2,778.57,28.9,1696.88,14.67,0.779,2.179
2025-12-14,CMP1000,Winter_Storm_Alert_Promo,Video,Alberta,0.816,64800,405.1,445.26,17.82,1609.57,6.87,1.099,3.615
2026-04-24,CMP1005,Local_News_Sponsorship,Video,British Columbia,0.658,47174,646.9,588.4,18.17,1274.89,12.47,0.91,2.167
2025-12-04,CMP1001,App_Download_Push,Search,Ontario,0.786,141371,3084.9,3744.38,178.89,15940.61,26.49,1.214,4.257
2026-01-03,CMP1007,B2B_Partner_Coop,Native,Atlantic,0.611,31072,302.9,281.64,12.54,931.09,9.06,0.93,3.306
2025-11-15,CMP1006,Spring_Forecast_Launch,Display,British Columbia,0.186,39138,426.3,265.84,26.88,1861.16,6.79,0.624,7.001
2025-11-02,CMP1000,Winter_Storm_Alert_Promo,Display,Atlantic,0.14,47861,337.0,410.49,11.03,644.86,8.58,1.218,1.571
2026-01-14,CMP1001,App_Download_Push,Search,Ontario,0.737,31214,501.2,118.92,21.32,1344.52,3.81,0.237,11.306
2026-01-23,CMP1007,B2B_Partner_Coop,Connected TV,Ontario,0.64,47380,435.7,195.55,25.31,1548.11,4.13,0.449,7.917
2026-01-14,CMP1001,App_Download_Push,Search,British Columbia,0.737,31255,410.3,416.48,17.77,1523.15,13.33,1.015,3.657
2025-11-14,CMP1005,Local_News_Sponsorship,Native,Alberta,0.127,30687,600.6,372.51,40.39,1913.57,12.14,0.62,5.137
2025-11-01,CMP1000,Winter_Storm_Alert_Promo,Connected TV,Ontario,0.332,35331,509.1,298.83,13.85,1143.73,8.46,0.587,3.827
2026-04-20,CMP1004,Brand_Lift_National,Connected TV,British Columbia,0.615,39643,426.1,326.28,21.39,1170.25,8.23,0.766,3.587
2026-03-22,CMP1003,Severe_Weather_Awareness,Search,Ontario,0.353,49649,351.8,716.5,8.65,374.97,14.43,2.036,0.523
2026-01-11,CMP1000,Winter_Storm_Alert_Promo,Video,Quebec,0.837,49985,891.1,412.71,41.46,2976.2,8.26,0.463,7.211
2025-11-19,CMP1000,Winter_Storm_Alert_Promo,Display,,0.142,39201,,,15.53,993.58,4.86,,5.218
2025-12-17,CMP1007,B2B_Partner_Coop,Connected TV,Alberta,0.82,31138,504.2,329.93,10.58,527.53,10.6,0.654,1.599
2026-01-16,CMP1004,Brand_Lift_National,Video,Atlantic,0.809,77397,2405.4,1257.84,32.78,690.31,16.25,0.523,0.549
2025-12-27,CMP1004,Brand_Lift_National,Native,Quebec,0.815,118587,3747.9,1156.88,146.63,13147.75,9.76,0.309,11.365
2025-12-23,CMP1003,Severe_Weather_Awareness,Connected TV,British Columbia,0.976,91189,378.2,478.5,15.18,421.06,5.25,1.265,0.88
2025-11-28,CMP1003,Severe_Weather_Awareness,Native,British Columbia,0.382,65968,373.4,343.2,15.0,1569.5,5.2,0.919,4.573
2026-01-24,CMP1001,App_Download_Push,Native,Ontario,0.625,50075,462.3,279.02,17.79,914.55,5.57,0.604,3.278
2025-12-04,CMP1000,Winter_Storm_Alert_Promo,native,Alberta,0.786,124245,2702.3,1679.63,123.98,13694.27,13.52,0.622,8.153
2026-01-15,CMP1005,Local_News_Sponsorship,Connected TV,Alberta,0.822,60361,1644.0,515.13,43.06,2404.28,8.53,0.313,4.667
2026-02-26,CMP1004,Brand_Lift_National,Video,British Columbia,0.957,138927,3271.7,800.79,151.38,11315.74,5.76,0.245,14.131
2026-01-20,CMP1007,B2B_Partner_Coop,Connected TV,Alberta,0.941,56729,1269.2,317.46,84.99,6462.2,5.6,0.25,20.356
2026-01-08,CMP1002,Premium_Upgrade_Q1,Search,British Columbia,0.789,53545,915.3,707.84,31.52,2385.46,13.22,0.773,3.37
2026-01-08,CMP1000,Winter_Storm_Alert_Promo,Video,Atlantic,0.789,108005,1438.1,1265.86,52.31,3220.72,11.72,0.88,2.544
2026-03-29,CMP1002,Premium_Upgrade_Q1,Native,Ontario,0.305,54294,1131.1,475.42,49.65,2828.31,8.76,0.42,5.949
2025-11-26,CMP1005,Local_News_Sponsorship,Connected TV,British Columbia,0.145,53815,824.4,603.59,25.35,2147.47,11.22,0.732,3.558
2026-04-01,CMP1005,Local_News_Sponsorship,Search,British Columbia,0.668,4287,81.4,41.98,3.83,234.98,9.79,0.516,5.597
2026-01-01,CMP1001,App_Download_Push,Native,British Columbia,0.954,52639,826.1,494.95,16.57,1260.47,9.4,0.599,2.547
2026-01-09,CMP1000,Winter_Storm_Alert_Promo,Search,Alberta,0.879,59845,1154.3,393.21,41.43,1226.57,6.57,0.341,3.119
2026-03-22,CMP1006,Spring_Forecast_Launch,Video,Alberta,0.353,34906,847.0,390.82,35.6,396.37,11.2,0.461,1.014
2026-03-04,CMP1003,Severe_Weather_Awareness,Native,Ontario,0.424,46510,441.7,461.52,15.78,1090.03,9.92,1.045,2.362
2026-01-18,CMP1006,Spring_Forecast_Launch,Search,Atlantic,0.731,134962,1933.6,2585.14,67.97,4787.78,19.15,1.337,1.852
2025-11-12,CMP1007,B2B_Partner_Coop,Connected TV,Alberta,0.243,63843,1349.8,681.66,37.7,1087.24,10.68,0.505,1.595
2025-11-08,CMP1000,Winter_Storm_Alert_Promo,Search,Quebec,0.364,69905,963.5,659.91,17.08,1516.53,9.44,0.685,2.298
2026-02-03,CMP1004,Brand_Lift_National,Connected TV,Quebec,0.628,48919,800.9,332.06,52.75,4230.79,6.79,0.415,12.741
2026-02-20,CMP1000,Winter_Storm_Alert_Promo,Connected TV,Atlantic,0.916,61246,1372.6,693.39,24.92,889.79,11.32,0.505,1.283
2026-02-20,CMP1006,Spring_Forecast_Launch,connected tv,Quebec,0.916,83214,1162.4,440.1,59.5,5824.63,5.29,0.379,13.235
2026-02-05,CMP1007,B2B_Partner_Coop,Display,,0.851,46091,,,48.59,3356.01,9.55,,7.623
2026-04-25,CMP1000,Winter_Storm_Alert_Promo,Connected TV,Ontario,0.536,57471,1191.0,529.14,80.68,4072.89,9.21,0.444,7.697
2026-03-05,CMP1003,Severe_Weather_Awareness,Search,Atlantic,0.329,67555,1092.4,716.32,46.07,2528.32,10.6,0.656,3.53
2025-11-30,CMP1004,Brand_Lift_National,Native,British Columbia,0.151,50083,680.6,375.13,17.01,971.69,7.49,0.551,2.59
2026-03-13,CMP1000,Winter_Storm_Alert_Promo,Video,Atlantic,0.33,49734,949.3,351.57,23.42,1622.56,7.07,0.37,4.615
2025-11-30,CMP1005,Local_News_Sponsorship,Native,British Columbia,0.151,127363,1728.0,1244.1,77.83,3912.75,9.77,0.72,3.145
2026-04-19,CMP1003,Severe_Weather_Awareness,Native,Quebec,0.531,40409,583.0,223.76,21.98,2009.75,5.54,0.384,8.982
2026-01-04,CMP1004,Brand_Lift_National,Native,British Columbia,0.762,52891,615.6,625.86,29.98,1413.78,11.83,1.017,2.259
2025-11-01,CMP1005,Local_News_Sponsorship,Native,Quebec,0.332,48582,240.6,353.89,9.43,946.27,7.28,1.471,2.674
2025-12-27,CMP1001,App_Download_Push,Display,Atlantic,0.815,56590,719.2,982.66,34.8,2098.51,17.36,1.366,2.136
2026-03-27,CMP1000,Winter_Storm_Alert_Promo,Native,Ontario,0.462,55911,649.0,1061.18,18.56,935.17,18.98,1.635,0.881
2026-01-06,CMP1005,Local_News_Sponsorship,Display,British Columbia,0.77,42619,387.4,175.69,12.81,1056.14,4.12,0.453,6.011
2026-02-17,CMP1006,Spring_Forecast_Launch,Video,Atlantic,0.614,74855,1487.8,793.36,75.13,5806.46,10.6,0.533,7.319
2026-03-03,CMP1006,Spring_Forecast_Launch,Video,Ontario,0.369,53502,829.8,571.7,24.46,1330.17,10.69,0.689,2.327
2026-02-25,CMP1002,Premium_Upgrade_Q1,Display,British Columbia,0.861,57813,217.3,557.79,7.39,353.58,9.65,2.567,0.634
2026-03-01,CMP1004,Brand_Lift_National,Native,British Columbia,0.6,54183,474.6,474.99,6.49,496.49,8.77,1.001,1.045
2026-03-17,CMP1000,Winter_Storm_Alert_Promo,Display,Atlantic,0.511,69197,1093.1,538.51,54.8,4331.4,7.78,0.493,8.043
2026-01-30,CMP1007,B2B_Partner_Coop,Connected TV,Ontario,0.87,58457,546.8,422.82,21.44,1181.93,7.23,0.773,2.795
2026-01-08,CMP1004,Brand_Lift_National,Connected TV,Alberta,0.789,52455,694.3,564.81,28.41,2055.03,10.77,,3.638
2025-11-12,CMP1000,Winter_Storm_Alert_Promo,video,Ontario,0.243,56851,760.4,449.67,22.04,1646.32,7.91,0.591,3.661
2026-04-14,CMP1005,Local_News_Sponsorship,Connected TV,,0.669,56353,,,6.4,177.38,10.47,,0.301
2026-02-25,CMP1006,Spring_Forecast_Launch,Connected TV,Quebec,0.861,67064,1090.4,651.59,53.44,4424.29,9.72,0.598,6.79
2026-02-06,CMP1005,Local_News_Sponsorship,Search,Ontario,0.755,76295,1282.7,780.6,37.74,4094.39,10.23,0.609,5.245
2026-04-14,CMP1007,B2B_Partner_Coop,Video,Atlantic,0.669,61015,1378.9,499.76,55.85,3749.39,8.19,0.362,7.502
2026-01-08,CMP1001,App_Download_Push,Video,Atlantic,0.789,50687,578.9,603.68,23.14,1108.09,11.91,1.043,1.836
2026-04-03,CMP1007,B2B_Partner_Coop,Display,Ontario,0.601,32562,480.9,280.9,13.39,921.11,8.63,0.584,3.279
2025-11-13,CMP1007,B2B_Partner_Coop,Display,Quebec,0.34,60953,1269.4,277.29,59.28,5206.71,4.55,0.218,18.777
2026-02-17,CMP1000,Winter_Storm_Alert_Promo,Search,Alberta,0.614,81679,1629.0,491.57,66.48,5193.61,6.02,0.302,10.565
2025-11-02,CMP1007,B2B_Partner_Coop,Search,Alberta,0.14,30543,30.5,207.83,1.57,92.81,6.8,6.804,0.447
2026-03-08,CMP1002,Premium_Upgrade_Q1,Display,Atlantic,0.319,67620,597.4,328.46,32.19,1360.65,4.86,0.55,4.142
2025-12-30,CMP1004,Brand_Lift_National,Search,Ontario,0.769,41515,777.4,476.66,43.28,2813.83,11.48,0.613,5.903
2026-03-07,CMP1001,App_Download_Push,Display,Ontario,0.496,48716,629.9,388.43,16.27,1620.15,7.97,0.617,4.171
2025-11-09,CMP1001,App_Download_Push,Native,Atlantic,0.317,43993,778.7,435.9,32.49,2325.93,9.91,0.56,5.336
2026-02-01,CMP1007,B2B_Partner_Coop,Display,Quebec,0.705,40568,610.5,377.82,27.63,2017.77,9.31,0.619,5.341
2025-12-28,CMP1000,Winter_Storm_Alert_Promo,Native,Alberta,0.826,55363,1134.2,580.6,50.52,4015.23,10.49,0.512,6.916
2025-11-14,CMP1001,App_Download_Push,Display,Ontario,0.127,81281,1626.2,1407.12,85.63,8100.08,17.31,0.865,5.757
2025-11-17,CMP1001,App_Download_Push,Native,British Columbia,0.137,36992,770.3,222.35,36.51,2294.7,6.01,0.289,10.32
2026-04-29,CMP1003,Severe_Weather_Awareness,Connected TV,Atlantic,0.619,97364,2973.7,907.34,78.4,3038.57,9.32,0.305,3.349
2025-11-04,CMP1007,B2B_Partner_Coop,Display,Ontario,0.314,62923,1037.8,541.8,38.35,1662.62,8.61,0.522,3.069
2026-01-07,CMP1007,B2B_Partner_Coop,Connected TV,Atlantic,1.0,50198,537.0,523.42,11.02,745.96,10.43,0.975,1.425
2025-12-03,CMP1005,Local_News_Sponsorship,Native,Atlantic,0.811,67321,1273.9,659.87,67.55,1933.59,9.8,0.518,2.93
2026-04-06,CMP1006,Spring_Forecast_Launch,Search,Alberta,0.315,26475,379.2,320.06,18.22,1376.9,12.09,0.844,4.302
2026-03-27,CMP1001,App_Download_Push,Display,Alberta,0.462,59286,999.6,1360.39,33.7,3006.69,22.95,1.361,2.21
2026-02-22,CMP1002,Premium_Upgrade_Q1,Native,Alberta,0.625,42924,664.1,375.81,33.02,1235.99,8.76,0.566,3.289
2026-02-09,CMP1004,Brand_Lift_National,search,Quebec,0.796,59656,1011.0,695.45,31.82,1680.38,11.66,0.688,2.416
2026-01-16,CMP1006,Spring_Forecast_Launch,Native,Alberta,0.809,47286,727.8,266.23,38.07,1230.21,5.63,0.366,4.621
2026-01-22,CMP1006,Spring_Forecast_Launch,Connected TV,Atlantic,0.923,69961,1958.2,778.62,70.38,3975.6,11.13,0.398,5.106
2026-02-09,CMP1005,Local_News_Sponsorship,Search,Quebec,0.796,33773,235.7,278.79,7.41,501.69,8.25,1.183,1.8
2026-02-07,CMP1004,Brand_Lift_National,Native,Atlantic,0.895,61827,1178.4,396.97,63.28,4194.69,6.42,0.337,10.567
2026-01-30,CMP1005,Local_News_Sponsorship,Display,Atlantic,0.87,43964,852.9,419.78,20.97,1047.68,9.55,0.492,2.496
2026-01-04,CMP1001,App_Download_Push,Video,Alberta  ,0.762,34577,522.1,160.0,6.92,295.34,4.63,0.306,1.846
2025-12-24,CMP1000,Winter_Storm_Alert_Promo,Search,Atlantic,0.631,1286385,49.993825573710005,451.66,10.42,464.82,8.69,1.212,1.029
2025-11-17,CMP1004,Brand_Lift_National,Search,Quebec,0.137,37129,432.1,185.04,23.9,1296.9,4.98,0.428,7.009
2025-12-24,CMP1003,Severe_Weather_Awareness,Native,Ontario,0.631,102530,265.3,461.4,13.64,1250.8,4.5,1.739,2.711
2026-02-28,CMP1001,App_Download_Push,Video,Quebec,0.727,69886,407.8,958.28,19.31,1321.06,13.71,2.35,1.379
2025-12-30,CMP1003,Severe_Weather_Awareness,Search,Ontario,0.769,36885,481.0,97.94,32.19,2476.98,2.66,0.204,25.291
2025-11-13,CMP1006,Spring_Forecast_Launch,Search,Atlantic,0.34,55656,1197.0,549.74,5.2,256.18,9.88,0.459,0.466
2026-03-15,CMP1007,B2B_Partner_Coop,Search,Ontario,0.615,68229,942.0,664.02,13.05,845.56,9.73,0.705,1.273
2025-11-18,CMP1001,App_Download_Push,Display,Ontario,0.198,51915,602.2,359.39,33.64,2441.21,6.92,0.597,6.793
2026-04-19,CMP1007,B2B_Partner_Coop,Display,Alberta,0.531,42546,400.5,479.33,8.47,550.77,11.27,1.197,1.149
2026-04-11,CMP1003,Severe_Weather_Awareness,Connected TV,Alberta,0.61,69266,1715.7,636.31,58.22,2020.8,9.19,0.371,3.176
2026-01-12,CMP1006,Spring_Forecast_Launch,Display,Atlantic,0.694,49528,792.9,702.25,28.52,2000.07,14.18,0.886,2.848
2025-11-11,CMP1006,Spring_Forecast_Launch,Search,Alberta,0.281,6370,6.4,44.33,0.35,20.69,6.96,6.96,0.467
2026-01-24,CMP1002,Premium_Upgrade_Q1,Native,Ontario,0.625,48199,618.2,558.7,24.29,2238.48,11.59,0.904,4.007
2025-12-23,CMP1000,Winter_Storm_Alert_Promo,Video,Ontario,0.976,90353,914.0,664.54,45.29,2018.95,7.35,0.727,3.038
2026-01-17,CMP1000,Winter_Storm_Alert_Promo,Display,Atlantic,0.604,75737,529.0,675.23,20.89,1149.61,8.92,1.276,1.703
2026-01-02,CMP1001,App_Download_Push,native,British Columbia,0.632,76883,1045.6,782.9,43.14,2258.87,10.18,0.749,2.885
2026-01-11,CMP1000,Winter_Storm_Alert_Promo,Display,British Columbia,0.837,55272,1053.3,623.61,56.27,3742.21,11.28,0.592,6.001
2025-11-10,CMP1002,Premium_Upgrade_Q1,Video,Alberta,0.221,53611,450.3,441.94,30.16,2678.88,8.24,0.981,6.062
2025-12-15,CMP1002,Premium_Upgrade_Q1,Connected TV,Ontario,0.976,84793,1830.0,837.88,105.91,4369.52,9.88,0.458,5.215
2026-03-13,CMP1002,Premium_Upgrade_Q1,Search,Quebec,0.33,50195,638.4,332.75,16.17,1500.7,6.63,0.521,4.51
2025-11-19,CMP1000,Winter_Storm_Alert_Promo,Native,Quebec,0.142,65046,1220.4,614.69,30.75,1077.39,9.45,0.504,1.753
2026-03-21,CMP1001,App_Download_Push,Native,Quebec,0.352,52785,1096.3,559.21,53.18,2570.18,10.59,0.51,4.596
2026-03-12,CMP1005,Local_News_Sponsorship,Display,British Columbia,0.555,70020,641.9,690.52,26.74,1546.63,9.86,1.076,2.24
2026-03-17,CMP1004,Brand_Lift_National,Display,Atlantic,0.511,74552,1382.6,587.08,109.37,7425.24,7.87,0.425,12.648
2026-03-14,CMP1000,Winter_Storm_Alert_Promo,Display,Alberta,0.557,27330,315.3,304.91,12.52,744.66,11.16,0.967,2.442
2025-12-07,CMP1004,Brand_Lift_National,Native,Alberta,0.618,33800,863.6,293.47,21.56,1265.63,8.68,0.34,4.313
2025-11-08,CMP1004,Brand_Lift_National,Display,Atlantic,0.364,45686,205.0,399.1,12.04,520.99,8.74,1.947,1.305
2025-12-01,CMP1001,App_Download_Push,Display,Ontario,0.68,79456,803.6,779.98,38.88,2828.76,9.82,0.971,3.627
2026-03-09,CMP1007,B2B_Partner_Coop,Video,British Columbia,0.405,58309,843.6,590.08,35.05,1728.62,10.12,0.699,2.929
2025-11-21,CMP1004,Brand_Lift_National,Search,British Columbia,0.139,46775,768.2,240.18,12.8,1258.26,5.13,0.313,5.239
2025-12-01,CMP1007,B2B_Partner_Coop,Display,Atlantic,0.68,82604,1395.4,477.76,77.14,3566.04,5.78,0.342,7.464
2026-02-15,CMP1004,Brand_Lift_National,Native,Quebec,0.683,46941,855.1,406.46,14.75,1033.97,8.66,0.475,2.544
2026-03-11,CMP1001,App_Download_Push,Display,Ontario,0.66,76860,1608.3,695.59,110.96,8883.87,9.05,0.432,12.772
2026-02-26,CMP1003,Severe_Weather_Awareness,Connected TV,Ontario,0.957,213237,3432.0,3483.38,177.87,12282.9,16.34,1.015,3.526
2026-03-15,CMP1007,B2B_Partner_Coop,Video,Atlantic,0.615,63112,625.7,869.06,43.51,3525.08,13.77,1.389,4.056
2026-01-26,CMP1003,Severe_Weather_Awareness,Connected TV,Alberta,0.704,95939,2388.9,925.76,114.27,5328.65,9.65,0.388,5.756
2025-12-17,CMP1004,Brand_Lift_National,Video,British Columbia,0.82,49427,956.3,524.02,23.82,1911.26,10.6,0.548,3.647
2026-01-26,CMP1007,B2B_Partner_Coop,Display,Ontario,0.704,50455,1192.4,526.04,79.86,8651.71,10.43,0.441,16.447
2026-01-02,CMP1004,Brand_Lift_National,Search,Alberta,0.632,60331,722.5,549.51,19.15,1410.98,9.11,0.761,2.568
2026-04-09,CMP1003,Severe_Weather_Awareness,Video,Atlantic,0.673,64698,1208.3,760.15,74.25,4156.35,11.75,0.629,5.468
2026-04-04,CMP1004,Brand_Lift_National,Native,Ontario,0.634,64565,983.4,334.99,58.39,3880.21,5.19,0.341,11.583
2026-02-11,CMP1000,Winter_Storm_Alert_Promo,Search,British Columbia,0.956,39557,380.5,415.41,18.6,924.44,10.5,1.092,2.225
2025-11-03,CMP1003,Severe_Weather_Awareness,Connected TV,Alberta,0.147,60746,1204.5,681.16,54.8,3248.45,11.21,0.566,4.769
2025-12-04,CMP1004,Brand_Lift_National,Display,Ontario,0.786,116895,1268.0,2072.21,50.34,1677.07,17.73,1.634,0.809
2026-01-27,CMP1004,Brand_Lift_National,Video,Alberta,0.948,104377,1764.2,1781.78,61.96,2702.83,17.07,1.01,1.517
2025-11-15,CMP1000,Winter_Storm_Alert_Promo,Connected TV,Atlantic,0.186,81598,1708.1,718.83,53.3,3476.04,8.81,0.421,4.836
2025-12-06,CMP1005,Local_News_Sponsorship,Video,Quebec,0.682,29524,659.2,256.73,31.81,3188.06,8.7,0.389,12.418
2025-12-05,CMP1000,Winter_Storm_Alert_Promo,Display,Atlantic,0.781,45807,271.8,511.26,10.2,643.26,11.16,1.881,1.258
2026-04-27,CMP1001,App_Download_Push,Video,Ontario,0.511,47815,1053.6,331.92,41.06,4059.47,6.94,0.315,12.23
2026-02-03,CMP1003,Severe_Weather_Awareness,Connected TV,British Columbia,0.628,51950,1324.3,469.95,48.42,5720.67,9.05,0.355,12.173
2026-04-08,CMP1004,Brand_Lift_National,Native,Ontario,0.4,49776,481.4,260.8,12.5,870.46,5.24,0.542,3.338
2026-04-17,CMP1005,Local_News_Sponsorship,Video,British Columbia,0.65,8669,176.5,81.92,7.6,630.43,9.45,0.464,7.696
2025-12-04,CMP1000,Winter_Storm_Alert_Promo,Display,Alberta,0.786,108922,1535.9,1736.16,38.14,3922.67,15.94,1.13,2.259
2025-12-17,CMP1002,Premium_Upgrade_Q1,Display,Quebec,0.82,33267,318.6,430.51,17.07,966.15,12.94,1.351,2.244
2026-04-15,CMP1003,Severe_Weather_Awareness,Connected TV,Alberta,0.56,84367,1297.8,741.07,50.07,3527.23,8.78,0.571,4.76
2026-03-20,CMP1007,B2B_Partner_Coop,Connected TV,Ontario,0.502,83049,1787.3,2061.71,61.93,3130.56,24.82,1.154,1.518
2025-12-16,CMP1003,Severe_Weather_Awareness,Video,British Columbia,0.729,70618,1447.1,638.19,60.75,4588.76,9.04,0.441,7.19
2025-12-25,CMP1003,Severe_Weather_Awareness,Native,Atlantic,0.638,77481,1350.1,510.37,41.29,2684.64,6.59,0.378,5.26
2026-03-23,CMP1005,Local_News_Sponsorship,Search,British Columbia,0.372,30568,352.5,291.11,22.96,2346.38,9.52,0.826,8.06
2025-11-17,CMP1000,Winter_Storm_Alert_Promo,Video,British Columbia,0.137,42571,501.9,206.21,25.95,2077.09,4.84,0.411,10.073
2026-02-22,CMP1007,B2B_Partner_Coop,Search,Quebec  ,0.625,26089,541.0,231.99,23.07,1785.97,8.89,0.429,7.699
2025-12-02,CMP1005,Local_News_Sponsorship,Connected TV,Alberta,0.662,55218,978.0,370.09,48.07,3082.86,6.7,0.378,8.33
2025-12-20,CMP1005,Local_News_Sponsorship,Display,Quebec,0.912,54121,585.0,576.91,19.19,1268.38,10.66,0.986,2.199
2025-12-22,CMP1000,Winter_Storm_Alert_Promo,Search,Quebec,0.871,89509,1446.9,462.89,62.37,4511.45,5.17,0.32,9.746
2026-03-18,CMP1003,Severe_Weather_Awareness,Video,Ontario,0.677,49516,694.7,466.73,32.48,2592.6,9.43,0.672,5.555
2025-12-30,CMP1006,Spring_Forecast_Launch,Native,Quebec,0.769,71528,838.5,696.41,39.82,1938.71,9.74,0.831,2.784
2026-03-13,CMP1007,B2B_Partner_Coop,Video,Atlantic,0.33,64872,687.9,617.52,24.64,1594.49,9.52,0.898,2.582
2025-11-25,CMP1005,Local_News_Sponsorship,Connected TV,Atlantic,0.388,23675,552.0,98.4,31.33,2983.71,4.16,0.178,30.321
2026-03-20,CMP1007,B2B_Partner_Coop,Connected TV,Atlantic,0.502,57758,1486.9,1352.6,90.22,6613.86,23.42,0.91,4.89
2026-01-27,CMP1005,Local_News_Sponsorship,Search,British Columbia,0.948,47033,886.3,787.34,35.86,2975.44,16.74,0.888,3.779
2025-12-03,CMP1007,B2B_Partner_Coop,Search,Ontario,0.811,55496,632.9,433.11,10.72,443.01,7.8,0.684,1.023
2026-01-27,CMP1003,Severe_Weather_Awareness,Search,Alberta,0.948,79322,1067.1,1807.4,25.7,1840.82,22.79,1.694,1.018
2026-01-09,CMP1005,Local_News_Sponsorship,Connected TV,Quebec,0.879,41297,642.6,314.09,9.69,625.15,7.61,0.489,1.99
2026-03-07,CMP1002,Premium_Upgrade_Q1,Display,Ontario,0.496,48468,455.5,347.61,9.72,514.63,7.17,0.763,1.48
2026-04-18,CMP1002,Premium_Upgrade_Q1,Search,British Columbia,0.601,43834,1157.5,553.68,30.31,1085.4,12.63,0.478,1.96
2026-03-04,CMP1002,Premium_Upgrade_Q1,Native,Alberta,0.424,37222,643.8,192.91,30.6,1802.6,5.18,0.3,9.344
2026-02-25,CMP1002,Premium_Upgrade_Q1,Display,Atlantic,0.861,67739,914.9,696.24,37.9,3472.7,10.28,0.761,4.988
2026-04-04,CMP1002,Premium_Upgrade_Q1,Search,Quebec,0.634,72432,1499.1,826.97,108.91,5680.39,11.42,0.552,6.869
2026-04-21,CMP1002,Premium_Upgrade_Q1,Connected TV,Ontario,0.505,40727,982.5,382.56,43.37,3167.78,9.39,0.389,8.281
2026-03-15,CMP1007,B2B_Partner_Coop,Search,Quebec,0.615,47375,89.0,583.94,5.13,161.54,12.33,6.559,0.277
2026-02-20,CMP1005,Local_News_Sponsorship,Display,Atlantic,0.916,55197,683.8,589.15,0.68,33.18,10.67,0.862,0.056
2025-12-07,CMP1007,B2B_Partner_Coop,Video,British Columbia,0.618,61969,904.1,522.35,25.75,1277.65,8.43,0.578,2.446
2026-04-21,CMP1001,App_Download_Push,Video,Alberta,0.505,60843,663.1,632.41,10.97,547.8,10.39,0.954,0.866
2025-11-01,CMP1006,Spring_Forecast_Launch,Native,Quebec,0.332,39435,397.2,417.87,10.51,878.8,10.6,1.052,2.103
2026-03-03,CMP1007,B2B_Partner_Coop,Display,Atlantic,0.369,25747,139.2,150.87,8.28,711.05,5.86,1.084,4.713
2025-12-09,CMP1007,B2B_Partner_Coop,Search,British Columbia,0.866,49814,1070.7,327.51,41.31,1665.03,6.57,0.306,5.084
2026-02-20,CMP1003,Severe_Weather_Awareness,Connected TV,Alberta,0.916,42436,946.1,493.28,14.7,1162.38,11.62,0.521,2.356
2026-03-24,CMP1003,Severe_Weather_Awareness,Connected TV,British Columbia,0.333,76418,1772.5,656.63,68.91,4228.11,8.59,0.37,6.439
2026-04-03,CMP1001,App_Download_Push,Video,Quebec,0.601,50335,825.0,601.81,34.42,2086.63,11.96,0.729,3.467
2025-12-09,CMP1000,Winter_Storm_Alert_Promo,Display,Alberta,0.866,48624,852.8,580.45,28.96,1757.28,11.94,0.681,3.027
2026-02-20,CMP1006,Spring_Forecast_Launch,Connected TV,Alberta,0.916,64555,2514.5,683.87,59.07,3899.61,10.59,0.272,5.702
2026-01-30,CMP1002,Premium_Upgrade_Q1,Video,Alberta,0.87,38194,1070.2,510.15,53.24,3177.92,13.36,0.477,6.229
2025-11-09,CMP1006,Spring_Forecast_Launch,Search,Ontario,0.317,67915,439.4,524.25,26.53,1993.73,7.72,1.193,3.803
2025-11-16,CMP1005,Local_News_Sponsorship,display,Quebec,0.307,67218,1430.2,492.4,53.63,4290.06,7.33,0.344,8.713
2025-12-12,CMP1007,B2B_Partner_Coop,Connected TV,Ontario,0.819,93461,3124.8,757.79,187.61,18561.46,8.11,0.243,24.494
2026-04-24,CMP1005,Local_News_Sponsorship,Display,British Columbia,0.658,55261,884.4,327.48,39.84,2979.0,5.93,0.37,9.097
2026-04-05,CMP1001,App_Download_Push,Search,Alberta,0.569,57005,362.7,542.34,9.47,1022.99,9.51,1.495,1.886
2026-01-26,CMP1005,Local_News_Sponsorship,Native,Atlantic,0.704,55878,529.1,338.7,25.32,1241.46,6.06,0.64,3.665
2026-01-07,CMP1002,Premium_Upgrade_Q1,Display,British Columbia,1.0,59947,1483.4,454.32,44.69,2532.07,7.58,0.306,5.573
2026-04-07,CMP1000,Winter_Storm_Alert_Promo,Native,Ontario,0.421,47168,709.0,471.47,18.77,1350.4,10.0,0.665,2.864
2026-03-10,CMP1002,Premium_Upgrade_Q1,Native,Alberta,0.348,66669,1475.2,578.32,58.3,4135.86,8.67,0.392,7.151
2026-03-18,CMP1000,Winter_Storm_Alert_Promo,Video,Ontario,0.677,43683,627.3,289.93,35.26,753.06,6.64,0.462,2.597
2026-01-12,CMP1007,B2B_Partner_Coop,Connected TV,Atlantic,0.694,71650,885.4,754.73,14.04,1079.93,10.53,0.852,1.431
2025-12-17,CMP1004,Brand_Lift_National,Display,Atlantic,0.82,46092,824.4,444.72,67.03,5179.91,9.65,0.539,11.648
2025-12-21,CMP1007,B2B_Partner_Coop,Video,Atlantic,0.786,32899,479.2,371.96,30.61,1456.45,11.31,0.776,3.916
2025-11-03,CMP1002,Premium_Upgrade_Q1,Connected TV,British Columbia,0.147,56172,1002.4,751.45,71.32,4734.94,13.38,0.75,6.301
2025-12-29,CMP1004,Brand_Lift_National,Video,British Columbia,0.631,50313,260.9,460.73,15.85,1055.33,9.16,1.766,2.291
2026-03-20,CMP1007,B2B_Partner_Coop,Native,Quebec,0.502,129358,1668.0,2008.21,81.43,4511.07,15.52,1.204,2.246
2026-04-09,CMP1000,Winter_Storm_Alert_Promo,Native,Atlantic,0.673,64226,846.7,480.78,25.37,2198.3,7.49,0.568,4.572
2026-01-30,CMP1006,Spring_Forecast_Launch,Search,Ontario,0.87,79818,1642.8,523.76,52.15,1880.83,6.56,0.319,3.591
2026-01-25,CMP1004,Brand_Lift_National,Video,Quebec,0.644,53764,1013.8,603.36,44.79,3413.62,11.22,0.595,5.658
2025-12-25,CMP1004,Brand_Lift_National,Search,British Columbia,0.638,46917,511.7,382.26,17.28,217.19,8.15,0.747,0.568
2026-04-04,CMP1006,Spring_Forecast_Launch,Search,Alberta,0.634,54869,708.6,490.36,8.84,440.39,8.94,0.692,0.898
2026-04-26,CMP1000,Winter_Storm_Alert_Promo,Connected TV,Atlantic,0.419,47274,314.4,488.87,6.89,678.94,10.34,1.555,1.389
2026-01-31,CMP1002,Premium_Upgrade_Q1,Search,Alberta,0.712,24941,475.4,303.12,24.19,1621.14,12.15,0.638,5.348
2026-01-02,CMP1007,B2B_Partner_Coop,Connected TV,Alberta,0.632,28264,861.2,174.92,25.05,1466.04,6.19,0.203,8.381
2026-04-21,CMP1004,Brand_Lift_National,Search,Ontario,0.505,39936,236.9,108.64,11.76,1004.07,2.72,0.459,9.242
2026-01-01,CMP1006,Spring_Forecast_Launch,Video,Atlantic,0.954,46163,695.9,303.05,25.71,2127.85,6.56,0.435,7.021
2025-12-18,CMP1000,Winter_Storm_Alert_Promo,Display,Quebec,0.95,65251,861.9,697.15,27.83,1940.99,10.68,0.809,2.784
2026-03-29,CMP1003,Severe_Weather_Awareness,Connected TV,Atlantic,0.305,88767,1698.0,777.82,47.54,2696.97,8.76,0.458,3.467
2026-04-24,CMP1003,Severe_Weather_Awareness,Video,Ontario,0.658,72749,1413.5,467.06,58.1,5222.69,6.42,0.33,11.182
2026-02-19,CMP1006,Spring_Forecast_Launch,Connected TV,Alberta,0.729,65070,1576.4,682.46,99.43,6365.19,10.49,0.433,9.327
2026-01-05,CMP1001,App_Download_Push,Display,Alberta,0.64,53610,382.2,317.22,11.1,633.93,5.92,0.83,1.998
2026-03-22,CMP1007,B2B_Partner_Coop,Search,British Columbia,0.353,30802,799.6,236.15,35.01,1417.82,7.67,0.295,6.004
2026-02-22,CMP1003,Severe_Weather_Awareness,Native,,0.625,55951,,,19.52,1365.28,7.72,,3.161
2026-03-09,CMP1002,Premium_Upgrade_Q1,Display,Atlantic,0.405,52239,879.7,571.78,51.87,4058.73,10.95,0.65,7.098
2026-02-18,CMP1006,Spring_Forecast_Launch,Display,Atlantic,0.616,45180,122.2,389.16,2.92,227.41,8.61,3.184,0.584
2026-03-09,CMP1004,Brand_Lift_National,Native,Ontario,0.405,56877,1077.2,617.93,17.34,1261.14,10.86,0.574,2.041
2026-04-17,CMP1002,Premium_Upgrade_Q1,Native,British Columbia,0.65,28075,613.2,254.05,45.8,3452.94,9.05,0.414,13.592
2025-12-17,CMP1003,Severe_Weather_Awareness,Display,Ontario,0.82,81963,1351.4,712.74,50.74,2997.62,8.7,0.527,4.206
2025-12-30,CMP1006,Spring_Forecast_Launch,Video,Alberta,0.769,56005,994.1,569.87,31.6,1142.5,10.18,0.573,2.005
2025-11-07,CMP1000,Winter_Storm_Alert_Promo,Display,Quebec,0.262,73476,1118.6,608.24,44.81,4452.62,8.28,0.544,7.321
2026-03-18,CMP1005,Local_News_Sponsorship,Search,British Columbia,0.677,51670,668.4,320.92,36.28,1542.83,6.21,0.48,4.808
2026-04-17,CMP1007,B2B_Partner_Coop,Display,Ontario,0.65,53949,1057.4,565.55,28.18,1975.25,10.48,0.535,3.493
2025-11-23,CMP1006,Spring_Forecast_Launch,Native,Quebec,0.383,33201,736.4,206.84,32.59,1444.2,6.23,0.281,6.982
2026-01-18,CMP1001,App_Download_Push,Display,Alberta,0.731,77402,1004.8,1471.19,24.41,2286.52,19.01,1.464,1.554
2026-03-20,CMP1002,Premium_Upgrade_Q1,Connected TV,Ontario,0.502,116421,1326.4,2626.94,91.6,6007.38,22.56,1.98,2.287
2026-03-30,CMP1003,Severe_Weather_Awareness,Search,British Columbia,0.522,35395,482.4,415.8,17.53,996.74,11.75,0.862,2.397
2026-02-21,CMP1000,Winter_Storm_Alert_Promo,Search,Quebec,0.763,43299,709.1,537.67,17.69,1201.86,12.42,0.758,2.235
2025-11-20,CMP1006,Spring_Forecast_Launch,Video,Quebec,0.355,64237,874.4,641.52,31.78,2906.09,9.99,0.734,4.53
2026-04-28,CMP1004,Brand_Lift_National,Native,Atlantic,0.676,36512,978.5,506.45,41.29,2559.79,13.87,0.518,5.054
2025-12-18,CMP1007,B2B_Partner_Coop,Search,Alberta,0.95,33474,645.7,335.25,18.19,757.46,10.01,0.519,2.259
2026-03-11,CMP1003,Severe_Weather_Awareness,Video,Atlantic,0.66,41160,111.2,472.93,1.32,82.4,11.49,4.252,0.174
2026-04-25,CMP1005,Local_News_Sponsorship,Search,Alberta,0.536,61961,805.7,620.78,40.38,1705.86,10.02,0.77,2.748
2025-11-09,CMP1002,Premium_Upgrade_Q1,Connected TV,Alberta,0.317,29213,514.1,203.31,20.39,1071.5,6.96,0.395,5.27
2026-02-22,CMP1007,B2B_Partner_Coop,Search,Alberta,0.625,60982,786.3,449.01,29.55,2376.27,7.36,0.571,5.292
2026-01-25,CMP1006,Spring_Forecast_Launch,Display,Atlantic,0.644,55402,787.9,424.43,40.86,2195.86,7.66,0.539,5.174
2026-01-01,CMP1007,B2B_Partner_Coop,Connected TV,British Columbia,0.954,60735,1017.8,366.49,67.82,5265.15,6.03,0.36,14.366
2025-12-16,CMP1002,Premium_Upgrade_Q1,Native,Alberta,0.729,67766,1095.4,260.21,45.44,2232.2,3.84,0.238,8.579
2026-01-29,CMP1006,Spring_Forecast_Launch,Native,Quebec,0.875,57115,1248.2,467.54,42.55,2275.85,8.19,0.375,4.868
2026-01-19,CMP1000,Winter_Storm_Alert_Promo,Display,Atlantic,0.774,66584,500.4,624.17,18.54,1118.24,9.37,1.247,1.792
2026-03-05,CMP1000,Winter_Storm_Alert_Promo,Search,Atlantic,0.329,65667,1080.0,480.28,26.82,1901.28,7.31,0.445,3.959
2026-04-05,CMP1005,Local_News_Sponsorship,Native,Atlantic,0.569,69253,1881.4,637.78,72.45,4399.7,9.21,0.339,6.898
2026-03-08,CMP1003,Severe_Weather_Awareness,Native,Alberta,0.319,37907,438.8,294.41,21.62,1260.32,7.77,0.671,4.281
2026-03-27,CMP1005,Local_News_Sponsorship,Search,British Columbia,0.462,139449,2040.7,2757.84,78.94,6489.75,19.78,1.351,2.353
2026-03-13,CMP1004,Brand_Lift_National,Display,British Columbia,0.33,47135,796.9,353.47,35.44,2821.85,7.5,0.444,7.983
2025-12-28,CMP1004,Brand_Lift_National,Display,Atlantic,0.826,49074,732.9,540.27,29.54,1429.47,11.01,0.737,2.646
2025-11-28,CMP1006,Spring_Forecast_Launch,Connected TV,Atlantic,0.382,30237,285.6,195.66,4.51,226.84,6.47,0.685,1.159
2026-04-27,CMP1000,Winter_Storm_Alert_Promo,Native,Alberta,0.511,45404,946.6,375.92,34.84,1999.92,8.28,0.397,5.32
2026-01-28,CMP1000,Winter_Storm_Alert_Promo,Native,Alberta,0.886,70399,1611.4,477.58,84.23,4671.5,6.78,0.296,9.782
2025-12-18,CMP1007,B2B_Partner_Coop,Native,Ontario,0.95,64268,766.5,594.13,47.94,3312.47,9.24,0.775,5.575
2026-04-04,CMP1000,Winter_Storm_Alert_Promo,Connected TV,Alberta,0.634,50912,694.1,485.42,36.37,1913.29,9.53,0.699,3.942
2026-02-25,CMP1005,Local_News_Sponsorship,Display,Atlantic,0.861,63338,1489.2,144.56,82.68,4325.41,2.28,0.097,29.922
2025-12-13,CMP1006,Spring_Forecast_Launch,Video,Quebec,0.669,38328,397.1,418.74,8.66,614.74,10.93,1.054,1.468
2026-03-22,CMP1000,Winter_Storm_Alert_Promo,Video,Atlantic,0.353,66625,1593.6,883.43,64.76,3753.02,13.26,0.554,4.248
2026-03-06,CMP1007,B2B_Partner_Coop,Connected TV,Alberta,0.632,52410,824.1,623.74,27.65,1733.19,11.9,0.757,2.779
2026-01-19,CMP1002,Premium_Upgrade_Q1,Connected TV,Alberta,0.774,30307,484.4,212.51,10.74,809.76,7.01,0.439,3.81
2026-02-19,CMP1000,Winter_Storm_Alert_Promo,Video,British Columbia,0.729,72448,2313.5,436.21,123.12,8822.2,6.02,0.189,20.225
2025-11-07,CMP1003,Severe_Weather_Awareness,Search,Ontario,0.262,51828,471.1,329.0,36.21,3658.21,6.35,0.698,11.119
2026-03-29,CMP1002,Premium_Upgrade_Q1,Search,Quebec,0.305,43741,858.7,417.5,55.95,2823.9,9.54,0.486,6.764
2026-01-29,CMP1003,Severe_Weather_Awareness,Native,Alberta,0.875,79695,1061.0,986.56,21.84,1091.04,12.38,0.93,1.106
2026-04-27,CMP1002,Premium_Upgrade_Q1,Search,Alberta,0.511,64743,1318.5,336.2,59.09,3503.72,5.19,0.255,10.421
2026-03-13,CMP1006,Spring_Forecast_Launch,Search,Ontario,0.33,28288,28.3,233.33,0.73,58.89,8.25,8.248,0.252
2025-11-14,CMP1003,Severe_Weather_Awareness,Connected TV,Ontario,0.127,77182,1484.7,887.05,81.22,5735.92,11.49,0.597,6.466
2026-01-01,CMP1005,Local_News_Sponsorship,Video,Alberta,0.954,40917,447.4,489.9,15.34,965.31,11.97,1.095,1.97
2026-04-02,CMP1005,Local_News_Sponsorship,Search,Quebec,0.656,36654,665.5,162.41,27.29,943.42,4.43,0.244,5.809
2025-11-22,CMP1000,Winter_Storm_Alert_Promo,Video,Quebec,0.317,43682,820.8,677.04,28.32,896.69,15.5,0.825,1.324
2026-04-10,CMP1003,Severe_Weather_Awareness,Display,British Columbia,0.456,41805,344.5,305.38,13.54,840.45,7.3,0.886,2.752
2025-11-17,CMP1002,Premium_Upgrade_Q1,Display,British Columbia,0.137,34226,385.9,358.19,21.09,1305.14,10.47,0.928,3.644
2026-03-19,CMP1007,B2B_Partner_Coop,Connected TV,Quebec,0.363,44913,803.8,307.29,22.41,730.72,6.84,0.382,2.378
2026-03-22,CMP1006,Spring_Forecast_Launch,Native,British Columbia,0.353,63772,1174.4,534.39,64.6,3922.79,8.38,0.455,7.341
2025-11-29,CMP1004,Brand_Lift_National,Search,Ontario,0.374,59435,999.2,621.24,20.92,769.21,10.45,0.622,1.238
2026-01-28,CMP1004,Brand_Lift_National,Connected TV,British Columbia,0.886,35590,917.0,410.39,59.23,1967.76,11.53,0.448,4.795
2026-01-31,CMP1001,App_Download_Push,Search,Quebec,0.712,66012,1817.6,823.47,78.62,2888.66,12.47,0.453,3.508
2025-11-20,CMP1003,Severe_Weather_Awareness,Connected TV,Ontario,0.355,61313,567.5,531.21,23.68,1986.57,8.66,0.936,3.74
2026-01-08,CMP1003,Severe_Weather_Awareness,Search,Quebec,0.789,32561,316.5,293.99,9.87,459.21,9.03,0.929,1.562
2026-02-18,CMP1006,Spring_Forecast_Launch,Display,Quebec,0.616,31190,547.9,352.75,19.21,424.41,11.31,0.644,1.203
2026-04-20,CMP1004,Brand_Lift_National,Video,Atlantic,0.615,53606,862.5,421.01,37.59,2989.93,7.85,0.488,7.102
2026-03-31,CMP1000,Winter_Storm_Alert_Promo,Display,Atlantic,0.39,41441,485.5,294.07,19.68,1234.38,7.1,0.606,4.198
2026-01-06,CMP1002,Premium_Upgrade_Q1,Display,Ontario,0.77,47463,1286.5,507.15,81.2,2778.37,10.68,0.394,5.478
2026-04-21,CMP1005,Local_News_Sponsorship,Display,Quebec,0.505,66026,1105.7,560.43,36.44,1557.3,8.49,0.507,2.779
2026-02-17,CMP1005,Local_News_Sponsorship,Connected TV,Atlantic,0.614,76557,640.8,498.94,42.07,4024.14,6.52,0.779,8.065
2026-01-05,CMP1001,App_Download_Push,Display,Quebec,0.64,80935,1010.6,707.84,35.82,3098.11,8.75,0.7,4.377
2026-01-29,CMP1003,Severe_Weather_Awareness,Display,Ontario,0.875,44312,773.6,489.08,25.96,1158.07,11.04,0.632,2.368
2026-04-07,CMP1004,Brand_Lift_National,Connected TV,Ontario,0.421,56068,1321.3,515.44,79.01,7953.96,9.19,0.39,15.431
2025-12-24,CMP1004,Brand_Lift_National,Video,British Columbia,0.631,66986,1110.9,453.2,50.86,3237.66,6.77,0.408,7.144
2026-02-25,CMP1005,Local_News_Sponsorship,Native,Ontario,0.861,49100,964.2,549.73,41.8,1835.55,11.2,0.57,3.339
2026-03-22,CMP1005,Local_News_Sponsorship,Native,Quebec,0.353,51939,1181.9,598.98,62.57,3026.21,11.53,0.507,5.052
2025-12-12,CMP1004,Brand_Lift_National,Display,Quebec,0.819,26272,331.6,324.45,10.25,881.61,12.35,0.978,2.717
2026-03-16,CMP1005,Local_News_Sponsorship,Native,British Columbia,0.303,137308,2499.4,2494.5,146.45,11445.3,18.17,0.998,4.588
2026-04-21,CMP1001,App_Download_Push,Display,Atlantic,0.505,77079,990.8,737.63,33.24,1452.28,9.57,0.744,1.969
2025-11-03,CMP1006,Spring_Forecast_Launch,Connected TV,British Columbia,0.147,39377,309.7,247.22,12.06,864.46,6.28,0.798,3.497
2026-03-20,CMP1004,Brand_Lift_National,Search,Quebec,0.502,157495,2261.4,3124.19,92.14,6405.45,19.84,1.382,2.05
2026-04-05,CMP1001,App_Download_Push,Native,British Columbia,0.569,22434,401.9,198.96,15.72,439.44,8.87,0.495,2.209
2025-11-21,CMP1000,Winter_Storm_Alert_Promo,Display,British Columbia,0.139,47250,1163.9,525.54,33.27,2541.01,11.12,0.452,4.835
2025-12-14,CMP1003,Severe_Weather_Awareness,Connected TV,Alberta,0.816,52224,732.8,330.36,23.35,2019.58,6.33,0.451,6.113
2025-12-04,CMP1002,Premium_Upgrade_Q1,Video,Ontario,0.786,172614,3761.7,2945.46,147.59,9416.69,17.06,0.783,3.197
2026-03-16,CMP1003,Severe_Weather_Awareness,Search,Ontario,0.303,152319,2131.7,2274.07,91.26,2952.71,14.93,1.067,1.298
2025-11-04,CMP1003,Severe_Weather_Awareness,Search,Alberta,0.314,47936,1150.0,352.47,38.67,2756.65,7.35,0.306,7.821
2026-03-10,CMP1005,Local_News_Sponsorship,Native,Ontario,0.348,70257,1902.9,461.12,101.82,6631.44,6.56,0.242,14.381
2026-01-23,CMP1006,Spring_Forecast_Launch,Connected TV,Atlantic,0.64,40970,805.2,356.99,33.6,2208.67,8.71,0.443,6.187
2025-11-01,CMP1004,Brand_Lift_National,Connected TV,Atlantic,0.332,35996,792.8,485.66,66.37,4863.8,13.49,,10.015
2026-04-24,CMP1003,Severe_Weather_Awareness,Search,Atlantic,0.658,52366,748.2,413.03,27.39,1393.16,7.89,0.552,3.373
2026-01-14,CMP1002,Premium_Upgrade_Q1,Native,,0.737,30487,,,18.13,891.28,11.5,,2.543
2026-03-09,CMP1002,Premium_Upgrade_Q1,Display,British Columbia,0.405,40146,1067.5,372.78,45.6,2179.52,9.29,0.349,5.847
2026-01-12,CMP1003,Severe_Weather_Awareness,Search,Ontario,0.694,45839,631.8,452.23,32.78,2212.86,9.87,0.716,4.893
2026-03-03,CMP1004,Brand_Lift_National,Video,Atlantic,0.369,47951,527.3,423.61,16.91,977.86,8.83,0.803,2.308
2025-12-06,CMP1001,App_Download_Push,Connected TV,British Columbia,0.682,60299,659.9,399.68,27.75,2630.75,6.63,0.606,6.582
2026-03-04,CMP1007,B2B_Partner_Coop,Connected TV,Quebec,0.424,77215,1828.5,875.38,32.63,2586.2,11.34,0.479,2.954
2025-12-11,CMP1001,App_Download_Push,Video,Quebec,0.982,41986,752.8,272.16,31.18,2103.93,6.48,0.362,7.73
2026-04-18,CMP1007,B2B_Partner_Coop,Native,Atlantic,0.601,37490,914.5,397.89,36.53,2668.32,10.61,0.435,6.706
2025-12-20,CMP1001,App_Download_Push,Video,Quebec,0.912,44970,419.0,348.75,15.75,882.41,7.76,0.832,2.53
2026-02-07,CMP1001,App_Download_Push,Connected TV,Ontario,0.895,29144,608.9,285.72,0.73,22.0,9.8,0.469,0.077
2026-02-23,CMP1003,Severe_Weather_Awareness,Display,British Columbia,0.77,77666,1765.6,798.99,8.54,446.56,10.29,0.453,0.559
2026-04-16,CMP1006,Spring_Forecast_Launch,Search,British Columbia,0.544,46679,1184.1,159.17,69.22,4526.94,3.41,0.134,28.44
2026-03-06,CMP1005,Local_News_Sponsorship,Display,Quebec,0.632,51652,349.8,652.94,19.03,1228.67,12.64,1.867,1.882
2025-12-07,CMP1006,Spring_Forecast_Launch,Display,Quebec,0.618,50766,800.8,465.2,27.52,2286.5,9.16,0.581,4.915
2025-12-16,CMP1007,B2B_Partner_Coop,Display,Quebec,0.729,50823,688.0,488.4,34.07,2481.67,9.61,0.71,5.081
2026-04-17,CMP1003,Severe_Weather_Awareness,Native,Quebec,0.65,62665,905.7,653.69,38.41,3026.0,10.43,0.722,4.629
2025-12-27,CMP1005,Local_News_Sponsorship,Connected TV,Ontario,0.815,157669,5286.3,1938.73,256.6,21148.84,12.3,0.367,10.909
2026-03-30,CMP1007,B2B_Partner_Coop,Display,Atlantic,0.522,34532,315.5,297.77,12.85,1068.74,8.62,0.944,3.589
2025-12-09,CMP1000,Winter_Storm_Alert_Promo,Video,Alberta,0.866,103380,103.4,853.53,3.02,180.33,8.26,8.256,0.211
2026-03-04,CMP1005,Local_News_Sponsorship,Display,Atlantic,0.424,46161,573.4,437.85,20.93,1949.45,9.49,0.764,4.452
2026-01-24,CMP1003,Severe_Weather_Awareness,Display,Atlantic,0.625,42895,471.5,426.36,16.09,968.41,9.94,0.904,2.271
2026-02-21,CMP1007,B2B_Partner_Coop,Native,Quebec,0.763,75918,1037.3,642.21,51.01,3086.86,8.46,0.619,4.807
2026-02-17,CMP1001,App_Download_Push,Search,Quebec,0.614,64646,425.5,144.27,22.79,1089.2,2.23,0.339,7.55
2026-03-07,CMP1007,B2B_Partner_Coop,Search,Quebec,0.496,78307,843.8,450.93,46.25,3201.25,5.76,0.534,7.099
2025-11-14,CMP1000,Winter_Storm_Alert_Promo,Connected TV,Atlantic,0.127,117320,2189.2,1719.19,78.1,5709.16,14.65,0.785,3.321
2026-04-03,CMP1004,Brand_Lift_National,Native,Alberta,0.601,46591,540.9,339.1,6.37,407.48,7.28,0.627,1.202
2025-12-27,CMP1007,B2B_Partner_Coop,Search,British Columbia,0.815,35844,374.6,585.95,11.21,724.29,16.35,1.564,1.236
2026-03-27,CMP1004,Brand_Lift_National,Search,Quebec,0.462,100931,1607.1,1339.24,81.25,4840.42,13.27,0.833,3.614
2026-04-18,CMP1001,App_Download_Push,Video,Atlantic,0.601,54028,799.8,351.1,20.06,1786.94,6.5,0.439,5.09
2026-01-16,CMP1001,App_Download_Push,Connected TV,Alberta,0.809,71557,1379.2,339.84,10.67,961.01,4.75,0.246,2.828
2026-01-06,CMP1000,Winter_Storm_Alert_Promo,Native,Ontario,0.77,79764,1039.0,656.25,16.47,1133.68,8.23,0.632,1.728
2025-12-17,CMP1000,Winter_Storm_Alert_Promo,video,Alberta,0.82,49691,687.1,650.52,29.88,977.83,13.09,0.947,1.503
2025-12-15,CMP1007,B2B_Partner_Coop,Native,Quebec,0.976,69032,1487.0,460.2,47.42,3409.04,6.67,0.309,7.408
2026-03-20,CMP1006,Spring_Forecast_Launch,Connected TV,Alberta,0.502,146808,4786.5,1558.76,303.74,16032.99,10.62,0.326,10.286
2026-04-22,CMP1003,Severe_Weather_Awareness,Native,Ontario,0.651,42082,501.1,449.7,14.65,1260.61,10.69,0.897,2.803
2025-11-18,CMP1005,Local_News_Sponsorship,Search,Ontario,0.198,43275,841.1,242.15,22.22,1512.86,5.6,0.288,6.248
2026-03-18,CMP1004,Brand_Lift_National,Display,Atlantic,0.677,58341,932.2,542.46,38.35,2007.96,9.3,0.582,3.702
2026-03-13,CMP1000,Winter_Storm_Alert_Promo,Display,Alberta,0.33,54489,472.6,376.92,7.83,586.52,6.92,0.798,1.556
2026-02-24,CMP1002,Premium_Upgrade_Q1,Connected TV,Alberta,0.857,33520,700.8,194.04,10.26,658.56,5.79,0.277,3.394
2026-04-17,CMP1000,Winter_Storm_Alert_Promo,Connected TV,Atlantic,0.65,66347,1174.2,794.88,68.88,7429.37,11.98,0.677,9.347
2026-01-09,CMP1000,Winter_Storm_Alert_Promo,Connected TV,British Columbia,0.879,33458,534.1,291.92,31.3,2457.94,8.72,0.547,8.42
2025-11-13,CMP1003,Severe_Weather_Awareness,Native,British Columbia,0.34,48464,795.1,186.29,19.85,599.27,3.84,0.234,3.217
2026-04-06,CMP1005,Local_News_Sponsorship,Search,Quebec,0.315,58564,975.7,706.2,13.48,1072.06,12.06,0.724,1.518
2026-02-07,CMP1003,Severe_Weather_Awareness,Native,Quebec,0.895,59292,1011.0,553.53,63.1,2694.58,9.34,0.547,4.868
2025-11-18,CMP1004,Brand_Lift_National,Connected TV,Quebec,0.198,46107,791.1,676.83,33.67,1992.94,14.68,0.856,2.944
2025-11-04,CMP1004,Brand_Lift_National,Connected TV,Atlantic,0.314,16016,165.8,194.65,7.34,589.46,12.15,1.174,3.028
2026-01-18,CMP1007,B2B_Partner_Coop,Display,Quebec,0.731,85261,623.8,1330.46,36.27,2457.87,15.6,2.133,1.847
2026-01-16,CMP1001,App_Download_Push,Native,Alberta,0.809,57337,549.4,639.64,36.32,1909.26,11.16,1.164,2.985
2026-03-19,CMP1005,Local_News_Sponsorship,Search,Atlantic,0.363,58875,638.6,463.25,24.79,2030.69,7.87,0.725,4.384
2026-03-07,CMP1002,Premium_Upgrade_Q1,Display,British Columbia,0.496,44213,348.4,484.36,16.41,591.0,10.96,1.39,1.22
2026-03-16,CMP1005,Local_News_Sponsorship,video,Ontario,0.303,142820,1631.9,4584.32,131.28,11551.81,32.1,2.809,2.52
2026-01-22,CMP1005,Local_News_Sponsorship,Display,Quebec,0.923,25226,438.7,283.45,13.81,950.81,11.24,0.646,3.354
2026-01-27,CMP1007,B2B_Partner_Coop,Connected TV,Ontario,0.948,46340,662.9,844.53,26.38,1432.26,18.22,1.274,1.696
2026-04-20,CMP1002,Premium_Upgrade_Q1,Connected TV,Atlantic,0.615,51472,,361.08,11.09,719.84,7.01,,1.994
2026-01-06,CMP1002,Premium_Upgrade_Q1,Native,Atlantic,0.77,47808,660.3,210.1,37.82,4087.33,4.39,0.318,19.454
2026-04-17,CMP1005,Local_News_Sponsorship,Connected TV,Ontario,0.65,70038,1063.5,557.41,25.55,1741.95,7.96,0.524,3.125
2026-02-07,CMP1001,App_Download_Push,Connected TV,British Columbia,0.895,26972,296.9,231.73,9.61,932.79,8.59,0.781,4.025
2026-02-24,CMP1006,Spring_Forecast_Launch,Display,Ontario,0.857,80746,1307.7,637.75,59.97,3129.5,7.9,0.488,4.907
2026-02-08,CMP1002,Premium_Upgrade_Q1,Video,Ontario,0.685,28761,563.0,219.93,25.11,1576.05,7.65,0.391,7.166
2025-12-10,CMP1000,Winter_Storm_Alert_Promo,Search,Quebec,0.987,76218,1173.1,1013.87,40.79,2965.04,13.3,0.864,2.924
2025-12-16,CMP1007,B2B_Partner_Coop,Display,British Columbia,0.729,51196,1105.0,479.94,27.32,1669.74,9.37,0.434,3.479
2026-03-06,CMP1007,B2B_Partner_Coop,Native,Atlantic,0.632,64797,1187.9,634.91,59.62,5649.63,9.8,0.534,8.898
2026-01-02,CMP1002,Premium_Upgrade_Q1,display,Atlantic,0.632,41219,622.6,222.45,23.78,1547.06,5.4,0.357,6.955
2025-11-30,CMP1000,Winter_Storm_Alert_Promo,Connected TV,Ontario,0.151,120576,1788.1,1607.85,49.62,4108.85,13.33,0.899,2.555
2026-01-08,CMP1006,Spring_Forecast_Launch,Connected TV,Alberta,0.789,41949,1025.9,207.61,11.37,945.4,4.95,0.202,4.554
2026-03-26,CMP1004,Brand_Lift_National,Video,Atlantic,0.595,48744,907.8,545.38,50.09,3235.86,11.19,0.601,5.933
2026-02-20,CMP1001,App_Download_Push,Native,Quebec,0.916,47097,845.1,312.07,23.72,2663.81,6.63,0.369,8.536
2026-02-01,CMP1006,Spring_Forecast_Launch,Search,Alberta,0.705,49415,1154.3,420.33,80.28,5655.16,8.51,0.364,13.454
2026-03-25,CMP1002,Premium_Upgrade_Q1,Native,Ontario,0.47,49489,740.9,365.75,26.89,2675.15,7.39,0.494,7.314
2025-11-14,CMP1005,Local_News_Sponsorship,Connected TV,Alberta,0.127,80336,948.3,486.86,10.67,424.78,6.06,0.513,0.872
2025-12-29,CMP1003,Severe_Weather_Awareness,Native,Quebec,0.631,57457,1791.2,429.1,83.73,4159.34,7.47,0.24,9.693
2026-03-12,CMP1003,Severe_Weather_Awareness,Connected TV,Ontario,0.555,85232,1152.6,1081.33,50.04,4239.34,12.69,0.938,3.921
2026-03-30,CMP1001,App_Download_Push,Search,Ontario,0.522,43355,401.6,364.69,12.36,986.84,8.41,0.908,2.706
2025-12-12,CMP1005,Local_News_Sponsorship,video,Atlantic,0.819,44230,504.5,314.57,19.28,1236.2,7.11,0.623,3.93
2026-03-20,CMP1001,App_Download_Push,Connected TV,British Columbia,0.502,111294,2047.2,1661.78,107.46,6211.14,14.93,0.812,3.738
2026-01-08,CMP1000,Winter_Storm_Alert_Promo,Display,Quebec,0.789,52285,141.0,426.21,4.79,222.03,8.15,3.023,0.521
2025-12-04,CMP1005,Local_News_Sponsorship,Connected TV,Ontario,0.786,129452,975.7,2954.57,0.98,87.32,22.82,3.028,0.03
2026-04-11,CMP1007,B2B_Partner_Coop,Search,Alberta,0.61,74209,1397.7,790.39,51.45,852.01,10.65,0.565,1.078
2026-02-10,CMP1006,Spring_Forecast_Launch,Native,Ontario,0.709,114719,2217.2,2041.58,30.91,1999.62,17.8,0.921,0.979
2026-01-31,CMP1001,App_Download_Push,Display,Ontario,0.712,48092,48.1,367.09,1.28,77.53,7.63,7.633,0.211
2025-11-25,CMP1001,App_Download_Push,Connected TV,Quebec,0.388,45695,1036.9,516.6,36.13,2373.23,11.31,0.498,4.594
2026-04-01,CMP1004,Brand_Lift_National,Search,Ontario,0.668,78913,1019.2,933.48,43.66,3293.43,11.83,0.916,3.528
2026-02-13,CMP1004,Brand_Lift_National,Native,Alberta,0.8,81256,1288.5,725.18,94.37,1996.44,8.92,0.563,2.753
2026-01-13,CMP1000,Winter_Storm_Alert_Promo,Search,Ontario,0.709,72114,1118.9,810.38,38.46,1389.25,11.24,0.724,1.714
2026-02-25,CMP1003,Severe_Weather_Awareness,Connected TV,British Columbia,0.861,71837,472.5,420.69,16.31,1372.91,5.86,0.89,3.263
2026-03-31,CMP1003,Severe_Weather_Awareness,Native,Alberta,0.39,37565,495.3,293.96,17.59,1766.94,7.83,0.593,6.011
2026-02-02,CMP1005,Local_News_Sponsorship,Video,Ontario,0.952,71668,1019.1,886.84,32.97,1932.59,12.37,0.87,2.179
2026-03-24,CMP1002,Premium_Upgrade_Q1,Display,Alberta,0.333,55603,1419.4,458.89,60.9,3152.28,8.25,0.323,6.869
2025-12-31,CMP1006,Spring_Forecast_Launch,Connected TV,Ontario,0.82,66992,267.2,586.32,12.45,1048.91,8.75,2.194,1.789
2026-01-06,CMP1002,Premium_Upgrade_Q1,Search,British Columbia,0.77,66553,661.7,577.77,47.37,2745.3,8.68,0.873,4.752
2026-01-02,CMP1002,Premium_Upgrade_Q1,Video,Alberta,0.632,68819,672.1,916.2,35.51,1984.07,13.31,1.363,2.166
2025-11-29,CMP1001,App_Download_Push,Video,British Columbia,0.374,19649,297.8,176.01,21.32,1914.76,8.96,0.591,10.879
2025-12-29,CMP1006,Spring_Forecast_Launch,Native,Ontario,0.631,41016,546.2,489.38,36.46,1831.24,11.93,0.896,3.742
2026-01-09,CMP1003,Severe_Weather_Awareness,Video,Ontario,0.879,75078,1235.2,532.25,38.9,3713.76,7.09,0.431,6.978
2025-12-23,CMP1000,Winter_Storm_Alert_Promo,Search,British Columbia,0.976,42336,740.1,352.44,20.48,1494.45,8.32,0.476,4.24
2026-03-10,CMP1001,App_Download_Push,Search,Ontario,0.348,50798,234.7,216.47,9.93,678.97,4.26,0.922,3.136
2026-03-16,CMP1007,B2B_Partner_Coop,Native,Alberta,0.303,96062,1829.8,2542.11,89.83,5466.65,26.46,1.389,2.15
2025-11-05,CMP1001,App_Download_Push,Native,Alberta,0.105,10018,244.1,56.91,8.37,418.26,5.68,0.233,7.349
2026-03-04,CMP1006,Spring_Forecast_Launch,Video,British Columbia,0.424,61370,659.7,518.61,38.29,2565.4,8.45,0.786,4.947
2025-12-12,CMP1005,Local_News_Sponsorship,Search,Quebec,0.819,57934,963.0,459.87,34.98,2307.89,7.94,0.478,5.019
2026-01-19,CMP1007,B2B_Partner_Coop,Video,Quebec,0.774,27958,264.5,149.33,11.64,375.37,5.34,0.565,2.514
2026-01-14,CMP1004,Brand_Lift_National,Connected TV,Atlantic,0.737,54469,894.6,283.8,26.98,1957.16,5.21,0.317,6.896
2026-02-16,CMP1007,B2B_Partner_Coop,Search,Quebec,0.765,57756,1490.3,642.39,100.45,9987.6,11.12,0.431,15.548
2025-12-28,CMP1007,B2B_Partner_Coop,Connected TV,Alberta,0.826,37494,990.5,284.33,27.71,2244.31,7.58,0.287,7.893
2026-01-19,CMP1004,Brand_Lift_National,Connected TV,Ontario,0.774,70059,1990.8,683.02,57.31,2771.38,9.75,0.343,4.058
2026-03-10,CMP1003,Severe_Weather_Awareness,Display,Quebec,0.348,42443,963.5,290.68,64.77,4245.36,6.85,0.302,14.605
2026-02-19,CMP1000,Winter_Storm_Alert_Promo,Display,Ontario,0.729,62045,1081.8,610.4,42.83,2108.67,9.84,0.564,3.455
2026-03-30,CMP1002,Premium_Upgrade_Q1,Display,Ontario,0.522,33795,358.3,410.71,19.14,1196.98,12.15,1.146,2.914
2026-04-14,CMP1003,Severe_Weather_Awareness,Search,British Columbia,0.669,59974,979.5,538.31,66.63,4838.79,8.98,0.55,8.989
2025-11-06,CMP1003,Severe_Weather_Awareness,Search,Quebec,0.253,48923,666.5,221.04,17.53,1219.28,4.52,0.332,5.516
2025-12-02,CMP1003,Severe_Weather_Awareness,Connected TV,Ontario,0.662,81572,1114.3,813.68,56.66,2812.11,9.97,0.73,3.456
2026-02-18,CMP1002,Premium_Upgrade_Q1,Video,Atlantic,0.616,34217,362.4,321.14,13.4,828.48,9.39,0.886,2.58
2025-11-13,CMP1005,Local_News_Sponsorship,Connected TV,Ontario,0.34,52144,1615.5,479.37,76.37,3318.33,9.19,0.297,6.922
2026-02-25,CMP1001,App_Download_Push,Search,Alberta,0.861,75838,1101.7,721.45,45.72,2815.06,9.51,0.655,3.902
2025-12-06,CMP1006,Spring_Forecast_Launch,Native,Ontario,0.682,74722,1011.4,477.51,49.89,2440.34,6.39,0.472,5.111
2026-03-12,CMP1001,App_Download_Push,Display,Quebec,0.555,71743,319.9,219.23,18.37,1635.82,3.06,0.685,7.462
2026-02-11,CMP1000,Winter_Storm_Alert_Promo,Search,Ontario,0.956,63064,338.9,441.89,13.3,1003.25,7.01,1.304,2.27
2026-02-19,CMP1006,Spring_Forecast_Launch,Native,British Columbia,0.729,32077,626.1,170.19,23.93,2839.14,5.31,0.272,16.682
2026-02-22,CMP1006,Spring_Forecast_Launch,Display,Quebec,0.625,44672,44.7,555.76,2.49,130.76,12.44,12.441,0.235
2026-01-20,CMP1004,Brand_Lift_National,Video,Alberta,0.941,60903,1133.2,370.61,59.24,4633.07,6.09,0.327,12.501
2026-04-20,CMP1005,Local_News_Sponsorship,Video,Quebec,0.615,46099,446.1,367.93,26.12,1446.16,7.98,0.825,3.93
2025-12-19,CMP1003,Severe_Weather_Awareness,Connected TV,Atlantic,0.843,60945,1240.2,555.54,43.93,3683.25,9.12,0.448,6.63
2026-03-21,CMP1003,Severe_Weather_Awareness,Display,British Columbia,0.352,89373,1602.4,973.04,58.9,4921.91,10.89,0.607,5.058
2026-04-02,CMP1000,Winter_Storm_Alert_Promo,Native,British Columbia,0.656,56132,1218.5,477.4,53.86,6851.46,8.5,0.392,14.352
2026-03-26,CMP1003,Severe_Weather_Awareness,Display,Atlantic,0.595,56027,1137.9,229.41,33.1,1280.52,4.09,0.202,5.582
2026-04-16,CMP1005,Local_News_Sponsorship,Native,Quebec,0.544,55393,1003.5,404.8,54.55,2115.15,7.31,0.403,5.225
2025-12-24,CMP1006,Spring_Forecast_Launch,Native,Alberta,0.631,76150,1252.3,483.25,39.49,1915.08,6.35,0.386,3.963
2026-04-16,CMP1000,Winter_Storm_Alert_Promo,Search,Ontario,0.544,78515,1436.4,602.99,40.85,1839.4,7.68,0.42,3.05
2026-04-02,CMP1003,Severe_Weather_Awareness,Video,Atlantic,0.656,70743,485.0,771.49,17.51,1742.4,10.91,1.591,2.259
2026-04-06,CMP1000,Winter_Storm_Alert_Promo,Connected TV,Ontario,0.315,16763,275.9,188.87,13.6,1185.26,11.27,0.685,6.276
2026-02-15,CMP1004,Brand_Lift_National,Connected TV,British Columbia,0.683,33260,504.3,269.82,16.12,1500.82,8.11,0.535,5.562
2026-04-21,CMP1007,B2B_Partner_Coop,Search,Atlantic,0.505,60481,774.5,645.05,38.48,1319.05,10.67,0.833,2.045
2026-02-16,CMP1001,App_Download_Push,Search,Quebec,0.765,51667,1074.2,405.94,42.41,2709.39,7.86,0.378,6.674
2025-11-24,CMP1003,Severe_Weather_Awareness,Display,Ontario,0.166,54880,608.5,380.26,26.0,1905.61,6.93,0.625,5.011
2025-11-21,CMP1004,Brand_Lift_National,Connected TV,Alberta,0.139,46300,461.0,394.05,18.54,1354.58,8.51,0.855,3.438
2026-03-26,CMP1001,App_Download_Push,Connected TV,Atlantic,0.595,33189,487.8,423.4,27.83,1594.01,12.76,0.868,3.765
2026-02-02,CMP1001,App_Download_Push,Native,Alberta,0.952,62176,1415.1,608.36,97.22,7619.39,9.78,0.43,12.524
2026-01-17,CMP1006,Spring_Forecast_Launch,Search,Atlantic,0.604,49002,774.2,365.49,44.95,4608.38,7.46,0.472,12.609
2025-11-23,CMP1002,Premium_Upgrade_Q1,Display,Quebec,0.383,28821,851.2,210.7,17.19,348.28,7.31,0.248,1.653
2026-04-05,CMP1002,Premium_Upgrade_Q1,Search,Alberta,0.569,43051,132.8,368.87,8.65,1043.07,8.57,2.777,2.828
2026-04-26,CMP1004,Brand_Lift_National,Native,Alberta,0.419,63710,1053.5,619.26,44.81,2550.0,9.72,0.588,4.118
2026-04-18,CMP1007,B2B_Partner_Coop,Video,Atlantic,0.601,85454,1264.9,709.72,55.11,5492.24,8.31,0.561,7.739
2025-12-24,CMP1006,Spring_Forecast_Launch,Native,British Columbia,0.631,69063,994.6,339.61,22.74,896.56,4.92,0.341,2.64
2025-11-18,CMP1004,Brand_Lift_National,Native,Quebec,0.198,53683,1474.2,342.86,77.96,5391.46,6.39,0.233,15.725
2026-01-03,CMP1001,App_Download_Push,Display,British Columbia,0.611,60120,787.3,477.22,45.94,2521.03,7.94,0.606,5.283
2025-11-23,CMP1006,Spring_Forecast_Launch,Native,Atlantic,0.383,55570,714.3,282.33,19.94,1047.95,5.08,0.395,3.712
2026-01-22,CMP1000,Winter_Storm_Alert_Promo,Search,British Columbia,0.923,70065,1549.5,938.1,98.17,2973.4,13.39,0.605,3.17
2026-01-28,CMP1002,Premium_Upgrade_Q1,Search,Alberta,0.886,27122,302.5,249.75,16.84,1267.62,9.21,0.826,5.076
2026-01-12,CMP1005,Local_News_Sponsorship,Display,British Columbia,0.694,71579,1025.8,747.0,15.44,1019.55,10.44,0.728,1.365
2026-03-28,CMP1004,Brand_Lift_National,Connected TV,Alberta,0.634,59425,973.7,446.75,42.83,2393.25,7.52,0.459,5.357
2025-12-10,CMP1002,Premium_Upgrade_Q1,Video,British Columbia,0.987,59538,1281.4,490.54,73.53,4483.68,8.24,0.383,9.14
2026-04-21,CMP1007,B2B_Partner_Coop,Native,Atlantic,0.505,52091,558.5,428.93,26.81,2090.51,8.23,0.768,4.874
2026-01-09,CMP1006,Spring_Forecast_Launch,Connected TV,Quebec,0.879,46693,975.5,450.3,54.51,5078.01,9.64,0.462,11.277
2025-12-26,CMP1005,Local_News_Sponsorship,Display,British Columbia,0.931,52404,1013.5,529.91,21.85,2162.83,10.11,0.523,4.082
2026-01-21,CMP1000,Winter_Storm_Alert_Promo,Search,British Columbia,0.92,46567,439.5,317.68,12.65,1070.13,6.82,0.723,3.369
2026-02-21,CMP1003,Severe_Weather_Awareness,Native,Quebec,0.763,75534,1957.3,684.36,118.0,6540.5,9.06,0.35,9.557
2025-12-09,CMP1006,Spring_Forecast_Launch,Video,Atlantic,0.866,82252,1669.9,619.4,59.28,5491.64,7.53,0.371,8.866
2026-02-17,CMP1000,Winter_Storm_Alert_Promo,Display,Atlantic,0.614,66553,66.6,522.33,3.4,216.55,7.85,7.848,0.415
2026-03-09,CMP1000,Winter_Storm_Alert_Promo,Video,Alberta,0.405,22438,373.3,202.44,11.61,992.3,9.02,0.542,4.902
2026-02-11,CMP1005,Local_News_Sponsorship,Search,British Columbia,0.956,58929,525.4,632.96,19.71,1657.38,10.74,1.205,2.618
2026-01-02,CMP1002,Premium_Upgrade_Q1,Video,Quebec,0.632,73017,1713.3,890.5,44.85,3437.11,12.2,0.52,3.86
2025-11-01,CMP1003,Severe_Weather_Awareness,Native,Alberta,0.332,38819,361.0,297.06,18.99,578.34,7.65,0.823,1.947
2025-11-21,CMP1006,Spring_Forecast_Launch,Display,Quebec,0.139,61143,1084.2,562.66,44.12,3482.24,9.2,0.519,6.189
2026-02-01,CMP1000,Winter_Storm_Alert_Promo,Display,Atlantic,0.705,70535,423.5,316.19,23.21,1128.81,4.48,0.747,3.57
2026-03-14,CMP1007,B2B_Partner_Coop,Display,Ontario,0.557,57320,843.5,754.81,53.6,2750.23,13.17,0.895,3.644
2026-01-14,CMP1005,Local_News_Sponsorship,Video,Atlantic  ,0.737,73235,965.6,935.55,47.79,985.23,12.77,0.969,1.053
2026-03-22,CMP1006,Spring_Forecast_Launch,Video,Ontario,0.353,41655,570.9,357.48,24.91,1353.37,8.58,0.626,3.786
2026-04-03,CMP1002,Premium_Upgrade_Q1,Native,Quebec,0.601,57682,695.3,578.96,28.16,2314.09,10.04,0.833,3.997
2025-11-17,CMP1006,Spring_Forecast_Launch,Connected TV,Alberta,0.137,73267,677.5,789.86,19.76,1373.23,10.78,1.166,1.739
2025-11-23,CMP1002,Premium_Upgrade_Q1,Connected TV,British Columbia,0.383,27499,789.4,189.99,35.38,2754.02,6.91,0.241,14.496
2026-02-08,CMP1005,Local_News_Sponsorship,Connected TV,Alberta,0.685,43053,1289.5,355.28,74.23,7275.51,8.25,0.276,20.478
2026-03-11,CMP1003,Severe_Weather_Awareness,Search,Ontario,0.66,64762,831.0,475.23,38.38,3285.1,7.34,0.572,6.913
2025-12-08,CMP1006,Spring_Forecast_Launch,Video,Quebec,0.915,55439,384.4,451.05,15.04,1165.38,8.14,1.173,2.584
2025-11-23,CMP1002,Premium_Upgrade_Q1,Connected TV,Quebec,0.383,40105,291.5,106.3,7.04,546.05,2.65,0.365,5.137
2025-12-17,CMP1007,B2B_Partner_Coop,Native,Ontario,0.82,42666,335.8,602.19,24.7,2412.3,14.11,1.793,4.006
2025-11-02,CMP1005,Local_News_Sponsorship,Display,Alberta,0.14,47663,824.6,524.28,19.89,1243.18,11.0,0.636,2.371
2026-02-07,CMP1002,Premium_Upgrade_Q1,Search,Quebec,0.895,87942,1229.1,563.52,60.84,5814.29,6.41,0.458,10.318
2026-01-29,CMP1005,Local_News_Sponsorship,Video,British Columbia,0.875,57874,1451.1,457.2,39.2,1829.0,7.9,0.315,4.0
2025-11-12,CMP1004,Brand_Lift_National,Video,Ontario,0.243,28420,472.8,268.55,16.72,1029.1,9.45,0.568,3.832
2026-02-17,CMP1001,App_Download_Push,Search,Ontario,0.614,63748,617.0,707.79,25.69,922.56,11.1,1.147,1.303
2026-04-18,CMP1004,Brand_Lift_National,Display,Quebec,0.601,80294,1661.3,650.64,20.56,1225.37,8.1,0.392,1.883
2025-12-10,CMP1006,Spring_Forecast_Launch,Video,British Columbia,0.987,60935,983.4,737.48,32.88,1659.87,12.1,0.75,2.251
2025-12-15,CMP1005,Local_News_Sponsorship,Search,British Columbia,0.976,57517,1124.7,405.51,59.36,3930.61,7.05,0.361,9.693
2025-11-11,CMP1001,App_Download_Push,Display,Ontario,0.281,44271,781.6,342.61,26.46,1768.85,7.74,0.438,5.163
2026-04-03,CMP1006,Spring_Forecast_Launch,Native,Atlantic,0.601,50665,760.6,649.73,15.4,1266.58,12.82,0.854,1.949
2026-04-13,CMP1005,Local_News_Sponsorship,Native,Ontario,0.602,48334,736.8,523.05,26.13,2531.86,10.82,0.71,4.841
2026-04-18,CMP1006,Spring_Forecast_Launch,Video,British Columbia,0.601,26946,545.0,94.25,21.27,1262.09,3.5,0.173,13.391
2026-04-26,CMP1000,Winter_Storm_Alert_Promo,Connected TV,Alberta,0.419,76509,1442.7,559.42,32.56,3547.04,7.31,0.388,6.341
2026-02-09,CMP1003,Severe_Weather_Awareness,Native,Quebec,0.796,78701,1025.6,716.81,37.74,3553.8,9.11,0.699,4.958
2025-12-23,CMP1003,Severe_Weather_Awareness,Video,Quebec,0.976,75174,1664.7,570.35,91.75,2903.35,7.59,0.343,5.091
2026-04-02,CMP1002,Premium_Upgrade_Q1,Search,Alberta,0.656,41280,656.6,381.75,23.24,1411.06,9.25,0.581,3.696
2026-01-08,CMP1005,Local_News_Sponsorship,Connected TV,Quebec,0.789,56102,1198.5,648.04,35.89,1742.21,11.55,0.541,2.688
2026-02-20,CMP1004,Brand_Lift_National,Search,Alberta,0.916,47281,340.5,633.7,11.06,792.23,13.4,1.861,1.25
2025-11-01,CMP1001,App_Download_Push,Video,British Columbia,0.332,37340,705.9,386.78,33.99,1756.7,10.36,0.548,4.542
2026-02-06,CMP1001,App_Download_Push,Native,Quebec,0.755,55605,352.9,481.17,13.82,615.06,8.65,1.364,1.278
2026-03-09,CMP1003,Severe_Weather_Awareness,Display,Atlantic,0.405,49485,1096.2,503.24,52.63,3884.8,10.17,0.459,7.72
2025-11-08,CMP1001,App_Download_Push,Connected TV,Ontario,0.364,62573,952.0,407.06,44.19,3260.16,6.51,0.428,8.009
2025-12-22,CMP1001,App_Download_Push,Video,Quebec,0.871,26761,225.3,459.47,0.23,12.62,17.17,2.04,0.027
2025-11-09,CMP1006,Spring_Forecast_Launch,Video,Alberta,0.317,68999,1262.8,465.22,48.25,1572.07,6.74,0.368,3.379
2026-03-09,CMP1000,Winter_Storm_Alert_Promo,Display,Atlantic,0.405,67146,1856.7,803.59,65.58,4083.21,11.97,0.433,5.081
2026-02-24,CMP1001,App_Download_Push,Video,Ontario,0.857,49928,633.9,453.37,17.9,1079.24,9.08,0.715,2.38
2026-02-14,CMP1002,Premium_Upgrade_Q1,Video,British Columbia,0.844,73108,1454.9,624.66,79.26,3914.78,8.54,0.429,6.267
2025-12-22,CMP1006,Spring_Forecast_Launch,Display,Ontario,0.871,78150,2051.0,974.96,92.63,4952.19,12.48,0.475,5.079
2026-04-14,CMP1007,B2B_Partner_Coop,Native,Ontario,0.669,55676,1124.2,650.23,53.79,4138.93,11.68,0.578,6.365
2026-03-19,CMP1001,App_Download_Push,Search,Alberta,0.363,49050,829.4,328.49,42.68,3220.32,6.7,0.396,9.803
2025-12-22,CMP1000,Winter_Storm_Alert_Promo,Connected TV,British Columbia,0.871,153798,2566.2,2399.79,59.17,4227.61,15.6,0.935,1.762
2025-11-29,CMP1000,Winter_Storm_Alert_Promo,Native,Quebec,0.374,42703,410.1,327.47,29.65,1984.03,7.67,0.799,6.059
2025-11-30,CMP1006,Spring_Forecast_Launch,Video,Quebec,0.151,49150,371.2,364.75,16.18,1220.86,7.42,0.983,3.347
2026-01-08,CMP1006,Spring_Forecast_Launch,Search,Alberta,0.789,79242,1617.2,810.91,72.13,4957.79,10.23,0.501,6.114
2025-12-14,CMP1002,Premium_Upgrade_Q1,Search,Quebec,0.816,58986,886.4,546.89,13.03,797.37,9.27,0.617,1.458
2026-03-18,CMP1002,Premium_Upgrade_Q1,search,Quebec,0.677,65423,1277.7,789.7,52.88,2988.45,12.07,0.618,3.784
2026-01-19,CMP1002,Premium_Upgrade_Q1,Connected TV,Ontario,0.774,39045,123.8,323.08,7.09,341.05,8.27,2.609,1.056
2026-04-27,CMP1005,Local_News_Sponsorship,Search,British Columbia,0.511,49248,599.9,356.67,18.93,2193.18,7.24,0.595,6.149
2026-02-24,CMP1001,App_Download_Push,Video,Atlantic,0.857,46154,202.5,459.65,11.82,707.26,9.96,2.27,1.539
2026-03-30,CMP1006,Spring_Forecast_Launch,video,Quebec,0.522,44567,853.9,277.1,45.03,3018.5,6.22,0.325,10.893
2026-01-08,CMP1007,B2B_Partner_Coop,Display,British Columbia,0.789,33567,247.2,311.09,8.17,561.61,9.27,1.258,1.805
2026-02-08,CMP1007,B2B_Partner_Coop,Display,Quebec,0.685,59136,1143.2,485.57,40.15,2536.84,8.21,0.425,5.225
2025-11-28,CMP1004,Brand_Lift_National,Connected TV,Quebec  ,0.382,3397,54.6,38.58,1.46,105.37,11.35,0.706,2.731
2026-02-16,CMP1001,App_Download_Push,Video,Alberta,0.765,63381,323.9,754.95,14.46,1054.13,11.91,2.331,1.396
2026-01-27,CMP1001,App_Download_Push,Connected TV,Alberta,0.948,120740,2944.5,1077.42,66.14,1023.53,8.92,0.366,0.95
2026-03-26,CMP1004,Brand_Lift_National,Search,Atlantic,0.595,59694,459.8,517.48,22.72,1431.05,8.67,1.125,2.765
2025-11-17,CMP1001,App_Download_Push,Video,Ontario,0.137,59905,901.9,491.79,61.0,6312.53,8.21,0.545,12.836
2026-01-21,CMP1005,Local_News_Sponsorship,Video,Alberta,0.92,46688,932.3,605.06,28.85,2259.81,12.96,0.649,3.735
2026-02-14,CMP1007,B2B_Partner_Coop,Search,Ontario,0.844,71298,1266.5,604.89,31.51,1860.69,8.48,0.478,3.076
2026-03-03,CMP1005,Local_News_Sponsorship,Video,Alberta,0.369,62154,1571.3,477.04,49.91,2891.33,7.68,0.304,6.061
2025-12-27,CMP1007,B2B_Partner_Coop,Native,Atlantic,0.815,125436,1625.7,2782.15,95.75,8299.22,22.18,1.711,2.983
2026-01-21,CMP1003,Severe_Weather_Awareness,Video,Atlantic,0.92,60409,442.2,677.25,16.73,1916.6,11.21,1.532,2.83
2025-12-19,CMP1002,Premium_Upgrade_Q1,Native,Quebec,0.843,76738,1126.6,1127.18,41.77,3179.84,14.69,1.001,2.821
2026-02-18,CMP1000,Winter_Storm_Alert_Promo,Video,,0.616,49952,,,24.32,2447.89,5.72,,8.563
2026-02-21,CMP1004,Brand_Lift_National,Native,British Columbia,0.763,56984,967.4,439.93,9.85,550.34,7.72,0.455,1.251
2026-03-24,CMP1005,Local_News_Sponsorship,Video,Ontario,0.333,71029,974.3,303.56,41.7,2995.42,4.27,0.312,9.868
2025-11-06,CMP1001,App_Download_Push,Connected TV,British Columbia,0.253,50847,710.0,510.98,32.02,2283.58,10.05,0.72,4.469
2026-02-06,CMP1006,Spring_Forecast_Launch,Display,Atlantic,0.755,62922,969.4,813.14,24.17,1251.35,12.92,0.839,1.539
2025-12-20,CMP1001,App_Download_Push,Display,Alberta,0.912,58340,887.8,605.38,36.59,3481.73,10.38,0.682,5.751
2025-12-16,CMP1001,App_Download_Push,Display,Quebec,0.729,47116,746.3,324.64,59.59,2193.78,6.89,0.435,6.758
2025-11-29,CMP1003,Severe_Weather_Awareness,Connected TV,Atlantic,0.374,64977,471.1,712.98,0.47,26.42,10.97,1.513,0.037
2026-01-10,CMP1006,Spring_Forecast_Launch,Video,Ontario,0.617,47963,,373.56,9.77,343.91,7.79,,0.921
2025-12-04,CMP1007,B2B_Partner_Coop,Display,Ontario,0.786,69876,1025.8,1673.67,50.37,266.12,23.95,1.632,0.159
2025-12-04,CMP1000,Winter_Storm_Alert_Promo,Video,Alberta,0.786,140878,1789.7,1638.62,75.51,4599.96,11.63,0.916,2.807
2026-02-02,CMP1005,Local_News_Sponsorship,Search,Quebec,0.952,58330,1269.1,624.99,71.48,4909.9,10.71,0.492,7.856
2026-03-18,CMP1002,Premium_Upgrade_Q1,Search,Atlantic,0.677,39223,381.7,299.1,9.73,731.21,7.63,0.784,2.445
2026-01-29,CMP1003,Severe_Weather_Awareness,Display,Alberta  ,0.875,55474,330.1,429.23,3.6,203.43,7.74,1.3,0.474
2026-01-28,CMP1001,App_Download_Push,Search,British Columbia,0.886,46512,578.6,478.32,23.44,2022.12,10.28,0.827,4.228
2025-11-10,CMP1003,Severe_Weather_Awareness,Search,Atlantic,0.221,16339,431.7,120.36,18.95,1620.04,7.37,0.279,13.46
2026-03-17,CMP1002,Premium_Upgrade_Q1,Display,Ontario,0.511,84788,1061.6,707.15,40.65,2310.71,8.34,0.666,3.268
2026-03-07,CMP1002,Premium_Upgrade_Q1,Connected TV,Ontario,0.496,39369,623.7,310.05,25.44,1074.24,7.88,0.497,3.465
2026-03-02,CMP1001,App_Download_Push,Native,Atlantic,0.593,64459,724.0,540.25,47.73,3321.21,8.38,0.746,6.148
2026-02-02,CMP1001,App_Download_Push,Display,Quebec,0.952,49101,505.8,442.6,10.55,1075.13,9.01,0.875,2.429
2026-04-19,CMP1001,App_Download_Push,Video,British Columbia,0.531,33102,302.8,193.19,19.23,1765.42,5.84,0.638,9.138
2026-01-31,CMP1001,App_Download_Push,Search,Atlantic,0.712,56631,1017.9,604.8,47.65,3365.83,10.68,0.594,5.565
2026-04-15,CMP1000,Winter_Storm_Alert_Promo,Connected TV,Atlantic,0.56,95127,1010.7,806.97,35.84,1591.0,8.48,0.798,1.972
2025-11-05,CMP1004,Brand_Lift_National,Video,Quebec,0.105,47744,537.9,651.75,19.7,777.28,13.65,1.212,1.193
2025-11-02,CMP1003,Severe_Weather_Awareness,Native,British Columbia,0.14,35392,807.0,352.39,53.25,4714.91,9.96,0.437,13.38
2025-12-23,CMP1004,Brand_Lift_National,Native,Quebec,0.976,35137,324.6,271.5,21.76,1211.54,7.73,0.836,4.462
2026-04-06,CMP1007,B2B_Partner_Coop,Video,British Columbia,0.315,69547,946.7,1013.19,33.58,1804.11,14.57,1.07,1.781
2026-02-16,CMP1005,Local_News_Sponsorship,Search,British Columbia,0.765,52227,1029.6,614.45,61.8,4018.99,11.76,0.597,6.541
2025-11-26,CMP1001,App_Download_Push,Native,Atlantic,0.145,27865,292.5,295.64,10.11,566.47,10.61,1.011,1.916
2025-12-02,CMP1006,Spring_Forecast_Launch,Display,British Columbia,0.662,48347,905.4,546.91,35.09,2565.6,11.31,0.604,4.691
2026-01-01,CMP1007,B2B_Partner_Coop,Video,British Columbia,0.954,54794,715.5,396.0,33.9,3547.53,7.23,0.553,8.958
2025-11-22,CMP1003,Severe_Weather_Awareness,Search,Atlantic,0.317,59889,721.2,437.66,45.6,2622.45,7.31,0.607,5.992
2025-12-17,CMP1003,Severe_Weather_Awareness,Native,British Columbia,0.82,78633,985.3,712.48,22.61,2061.53,9.06,0.723,2.893
2026-02-19,CMP1007,B2B_Partner_Coop,Connected TV,Atlantic,0.729,32672,1056.2,272.23,46.74,4091.56,8.33,0.258,15.03
2026-02-25,CMP1001,App_Download_Push,Search,British Columbia,0.861,67668,742.2,305.79,28.13,1701.35,4.52,0.412,5.564
2026-03-10,CMP1003,Severe_Weather_Awareness,Display,Alberta,0.348,71944,928.6,870.8,21.72,672.18,12.1,0.938,0.772
2025-11-24,CMP1002,Premium_Upgrade_Q1,Video,British Columbia,0.166,53261,793.3,360.42,29.66,1982.86,6.77,0.454,5.502
2026-03-06,CMP1002,Premium_Upgrade_Q1,Search,Quebec,0.632,66498,1270.7,497.75,16.01,310.95,7.49,0.392,0.625
2026-03-12,CMP1001,App_Download_Push,Video,Atlantic,0.555,74232,801.6,694.5,20.94,1469.39,9.36,0.866,2.116
2026-03-14,CMP1004,Brand_Lift_National,Connected TV,Atlantic,0.557,57034,691.7,426.21,37.29,2018.87,7.47,0.616,4.737
2026-03-13,CMP1004,Brand_Lift_National,Display,Ontario,0.33,35588,35.6,130.82,1.72,97.7,3.68,3.676,0.747
2026-04-04,CMP1000,Winter_Storm_Alert_Promo,Video,Quebec,0.634,30434,169.9,316.68,6.74,438.77,10.41,1.864,1.386
2026-02-25,CMP1003,Severe_Weather_Awareness,Connected TV,Alberta,0.861,71831,960.9,641.29,18.61,842.56,8.93,0.667,1.314
2026-04-11,CMP1001,App_Download_Push,Display,Ontario,0.61,69862,1048.9,861.27,21.59,1204.72,12.33,0.821,1.399
2026-04-21,CMP1007,B2B_Partner_Coop,Display,Ontario,0.505,58004,1262.3,413.76,55.0,6265.56,7.13,0.328,15.143
2025-11-26,CMP1005,Local_News_Sponsorship,Connected TV,Alberta,0.145,56831,1768.2,394.72,63.63,3403.06,6.95,0.223,8.622
2026-01-10,CMP1006,Spring_Forecast_Launch,Search,British Columbia,0.617,52355,571.7,281.27,16.78,1017.14,5.37,0.492,3.616
2026-01-22,CMP1007,B2B_Partner_Coop,Video,British Columbia,0.923,17766,207.1,191.22,9.49,732.19,10.76,0.923,3.829
2026-04-17,CMP1006,Spring_Forecast_Launch,Display,British Columbia,0.65,45893,689.4,457.83,37.15,3106.2,9.98,0.664,6.785
2026-04-12,CMP1005,Local_News_Sponsorship,Connected TV,Atlantic,0.306,35313,927.7,310.41,42.73,3447.13,8.79,0.335,11.105
2026-01-10,CMP1001,App_Download_Push,Native,British Columbia,0.617,46782,651.7,302.21,23.94,2955.74,6.46,0.464,9.78
2025-12-27,CMP1000,Winter_Storm_Alert_Promo,Video,Quebec,0.815,85917,554.8,1293.67,19.3,1580.98,15.06,2.332,1.222
2026-01-17,CMP1003,Severe_Weather_Awareness,Display,Alberta,0.604,90348,1151.1,857.97,12.32,870.01,9.5,0.745,1.014
2025-12-04,CMP1001,App_Download_Push,Video,Quebec,0.786,99727,832.1,2021.5,35.81,1746.5,20.27,2.429,0.864
2025-12-29,CMP1004,Brand_Lift_National,Connected TV,British Columbia,0.631,53640,1031.6,617.82,49.47,3955.5,11.52,0.599,6.402
2025-11-29,CMP1002,Premium_Upgrade_Q1,Connected TV,Quebec,0.374,61645,1740.8,606.64,59.56,3075.2,9.84,0.348,5.069
2026-03-19,CMP1006,Spring_Forecast_Launch,Display,Ontario,0.363,21801,230.9,152.58,5.53,364.27,7.0,0.661,2.387
2025-11-02,CMP1004,Brand_Lift_National,Search,Alberta,0.14,50970,559.3,473.01,32.07,2474.64,9.28,0.846,5.232
2025-11-01,CMP1001,App_Download_Push,Native,Alberta,0.332,74437,1549.0,319.55,54.18,3698.03,4.29,0.206,11.573
2026-03-29,CMP1000,Winter_Storm_Alert_Promo,Display,Ontario,0.305,81644,1760.9,733.96,34.09,2273.68,8.99,0.417,3.098
2026-04-10,CMP1005,Local_News_Sponsorship,Connected TV,Atlantic,0.456,56909,761.5,365.63,12.95,487.56,6.42,0.48,1.333
2025-11-21,CMP1004,Brand_Lift_National,Search,Alberta,0.139,49573,662.1,238.29,40.62,2320.85,4.81,0.36,9.74
2025-11-19,CMP1004,Brand_Lift_National,Connected TV,Quebec,0.142,75380,1365.1,122.6,53.81,3160.55,1.63,0.09,25.779
2026-02-26,CMP1003,Severe_Weather_Awareness,Display,Quebec,0.957,146507,2207.2,3096.88,89.73,2443.81,21.14,1.403,0.789
2025-11-29,CMP1006,Spring_Forecast_Launch,Native,Alberta,0.374,18765,383.2,110.28,15.31,1307.54,5.88,0.288,11.856
2026-02-01,CMP1004,Brand_Lift_National,Video,Quebec,0.705,43005,709.1,346.91,40.19,2687.32,8.07,0.489,7.746
2026-04-03,CMP1001,App_Download_Push,Display,Alberta,0.601,67705,827.0,593.86,25.92,2998.07,8.77,0.718,5.048
2026-03-30,CMP1005,Local_News_Sponsorship,Search,British Columbia,0.522,56852,678.9,264.76,29.71,2336.78,4.66,0.39,8.826
2025-11-21,CMP1002,Premium_Upgrade_Q1,Video,Alberta,0.139,70837,1253.0,535.43,96.97,5474.05,7.56,0.427,10.224
2026-02-03,CMP1003,Severe_Weather_Awareness,Video,Ontario,0.628,83770,1967.7,790.08,118.63,6723.79,9.43,0.402,8.51
2026-01-12,CMP1003,Severe_Weather_Awareness,Display,Ontario,0.694,55277,856.5,479.06,23.72,1811.54,8.67,0.559,3.781
2025-12-16,CMP1001,App_Download_Push,Search,Atlantic,0.729,49352,497.4,615.94,20.46,1518.59,12.48,1.238,2.465
2026-03-22,CMP1002,Premium_Upgrade_Q1,Video,British Columbia,0.353,45223,1031.9,326.63,48.88,1733.11,7.22,0.317,5.306
2026-04-28,CMP1007,B2B_Partner_Coop,Connected TV,Ontario,0.676,53937,991.3,521.32,29.69,1550.76,9.67,0.526,2.975
2025-11-03,CMP1004,Brand_Lift_National,Native,Ontario,0.147,27554,323.5,400.95,15.05,809.75,14.55,1.24,2.02
2026-02-13,CMP1003,Severe_Weather_Awareness,Display,British Columbia,0.8,50717,972.4,562.02,36.74,1705.37,11.08,0.578,3.034
2026-01-02,CMP1002,Premium_Upgrade_Q1,Display,British Columbia,0.632,37174,771.2,338.12,24.58,1524.8,9.1,0.438,4.51
2026-02-16,CMP1005,Local_News_Sponsorship,Display,Alberta,0.765,31473,555.1,260.0,36.54,1423.39,8.26,0.468,5.475
2025-12-14,CMP1004,Brand_Lift_National,Video,Quebec,0.816,90071,2017.9,998.91,62.38,4088.15,11.09,0.495,4.093
2026-04-09,CMP1001,App_Download_Push,Connected TV,Atlantic,0.673,65937,1157.3,892.09,75.64,5996.81,13.53,0.771,6.722
2026-03-09,CMP1004,Brand_Lift_National,Connected TV,Ontario,0.405,59534,1440.5,482.66,45.79,1475.31,8.11,0.335,3.057
2026-01-16,CMP1000,Winter_Storm_Alert_Promo,Native,Quebec,0.809,63950,412.4,323.18,24.73,1121.48,5.05,0.784,3.47
2026-01-30,CMP1000,Winter_Storm_Alert_Promo,Connected TV,Atlantic,0.87,67852,1374.6,421.53,56.38,1717.43,6.21,0.307,4.074
2026-03-25,CMP1000,Winter_Storm_Alert_Promo,Search,Atlantic,0.47,57989,1022.7,870.88,26.78,3468.82,15.02,0.852,3.983
2025-11-05,CMP1007,B2B_Partner_Coop,Video,Quebec,0.105,72366,1656.4,595.26,75.02,6026.74,8.23,0.359,10.125
2026-03-29,CMP1003,Severe_Weather_Awareness,Display,Quebec,0.305,44762,675.0,262.21,43.42,3337.84,5.86,0.388,12.73
2025-12-08,CMP1002,Premium_Upgrade_Q1,Native,Quebec,0.915,26172,499.3,291.43,16.72,1073.86,11.14,0.584,3.685
2026-02-03,CMP1003,Severe_Weather_Awareness,Display,British Columbia,0.628,57392,1078.6,528.2,50.19,3192.28,9.2,0.49,6.044
2026-03-11,CMP1001,App_Download_Push,Display,Atlantic,0.66,49152,732.7,328.66,14.29,1016.96,6.69,0.449,3.094
2026-04-28,CMP1006,Spring_Forecast_Launch,Connected TV,Alberta,0.676,40511,525.5,287.23,15.12,1186.66,7.09,0.547,4.131
2026-02-02,CMP1004,Brand_Lift_National,Display,Alberta,0.952,53048,515.2,394.24,35.09,3061.45,7.43,0.765,7.765
2026-03-30,CMP1003,Severe_Weather_Awareness,Native,British Columbia,0.522,59865,1164.4,518.88,83.15,6163.4,8.67,0.446,11.878
2026-04-23,CMP1001,App_Download_Push,Search,British Columbia,0.419,35652,140.9,291.47,5.05,293.75,8.18,2.069,1.008
2026-01-21,CMP1001,App_Download_Push,Display,Atlantic,0.92,78716,1071.1,762.28,62.78,4006.42,9.68,0.712,5.256
2026-04-18,CMP1000,Winter_Storm_Alert_Promo,Video,Ontario,0.601,81355,1622.0,802.26,29.89,2254.09,9.86,0.495,2.81
2026-02-27,CMP1007,B2B_Partner_Coop,Search,Quebec,0.742,60282,794.8,742.68,42.88,2358.8,12.32,0.934,3.176
2026-04-24,CMP1002,Premium_Upgrade_Q1,Video,Alberta,0.658,44838,703.1,219.24,15.35,492.77,4.89,0.312,2.248
2026-01-28,CMP1005,Local_News_Sponsorship,Video,Atlantic,0.886,57755,977.9,-542.14,46.62,3995.93,9.39,0.554,7.371
2026-02-16,CMP1001,App_Download_Push,Connected TV,Atlantic,0.765,56311,1192.9,430.38,19.38,1343.16,7.64,0.361,3.121
2026-04-13,CMP1005,Local_News_Sponsorship,Connected TV,Atlantic,0.602,44003,552.8,231.28,14.61,638.55,5.26,0.418,2.761
2026-02-26,CMP1006,Spring_Forecast_Launch,Display,Alberta,0.957,175286,2519.1,2479.17,34.76,2488.41,14.14,0.984,1.004
2026-01-04,CMP1000,Winter_Storm_Alert_Promo,Search,Alberta,0.762,23635,371.6,294.17,17.95,863.01,12.45,0.792,2.934
2026-03-14,CMP1001,App_Download_Push,Search,British Columbia,0.557,62723,351.2,248.02,22.0,270.71,3.95,0.706,1.091
2025-11-18,CMP1000,Winter_Storm_Alert_Promo,Video,Ontario,0.198,55994,849.4,251.98,51.94,2668.11,4.5,0.297,10.589
2026-04-20,CMP1003,Severe_Weather_Awareness,Display,Ontario,0.615,80012,1268.7,745.0,45.23,1154.95,9.31,0.587,1.55
2026-03-27,CMP1007,B2B_Partner_Coop,Connected TV,British Columbia,0.462,150042,2146.6,957.85,56.93,4572.88,6.38,0.446,4.774
2026-04-25,CMP1007,B2B_Partner_Coop,Connected TV,Alberta,0.536,37917,731.6,264.18,8.26,951.6,6.97,0.361,3.602
2026-03-24,CMP1007,B2B_Partner_Coop,Video,Ontario,0.333,48291,1028.7,472.27,40.95,857.88,9.78,0.459,1.817
2025-11-26,CMP1000,Winter_Storm_Alert_Promo,Connected TV,Ontario,0.145,51014,625.4,312.76,53.38,2705.57,6.13,0.5,8.651
2025-12-07,CMP1005,Local_News_Sponsorship,Search,Quebec,0.618,37081,511.1,457.82,23.06,1593.46,12.35,0.896,3.481
2025-11-02,CMP1000,Winter_Storm_Alert_Promo,Video,Ontario,0.14,47816,547.8,444.17,31.82,1604.27,9.29,0.811,3.612
2025-11-21,CMP1001,App_Download_Push,Connected TV,Quebec,0.139,51361,901.8,697.54,22.22,1534.87,13.58,0.774,2.2
2026-02-19,CMP1004,Brand_Lift_National,Connected TV,Atlantic,0.729,80604,814.7,758.86,37.02,2656.63,9.41,,3.501
2026-04-21,CMP1000,Winter_Storm_Alert_Promo,Native,Atlantic,0.505,96036,682.8,1354.19,19.87,647.16,14.1,1.983,0.478
2026-01-17,CMP1005,Local_News_Sponsorship,Search,Alberta,0.604,40315,249.0,391.51,6.95,377.07,9.71,1.573,0.963
2026-04-19,CMP1005,Local_News_Sponsorship,Search,Quebec,0.531,46976,658.0,331.24,26.73,2423.6,7.05,0.503,7.317
2026-04-12,CMP1000,Winter_Storm_Alert_Promo,Native,British Columbia,0.306,43168,500.7,394.5,6.53,366.37,9.14,0.788,0.929
2026-02-11,CMP1004,Brand_Lift_National,Connected TV,Alberta,0.956,44371,453.3,404.09,18.31,1602.03,9.11,0.891,3.964
2026-03-19,CMP1006,Spring_Forecast_Launch,Display,British Columbia,0.363,95938,1878.0,693.68,80.46,5522.09,7.23,0.369,7.961
2025-11-24,CMP1000,Winter_Storm_Alert_Promo,Native,Alberta,0.166,77992,1021.1,754.51,28.01,2473.77,9.67,0.739,3.279
2026-01-31,CMP1001,App_Download_Push,Video,Quebec,0.712,63045,1787.9,308.57,73.36,1654.83,4.89,0.173,5.363
2026-01-19,CMP1002,Premium_Upgrade_Q1,Native,Quebec,0.774,34516,480.9,280.43,22.67,1786.64,8.12,0.583,6.371
2026-02-05,CMP1005,Local_News_Sponsorship,Connected TV,Atlantic,0.851,61975,909.2,719.43,25.55,1451.64,11.61,0.791,2.018
2025-11-27,CMP1003,Severe_Weather_Awareness,Search,Quebec,0.377,60113,1215.0,456.91,54.62,4840.0,7.6,0.376,10.593
2025-11-21,CMP1003,Severe_Weather_Awareness,Native,Ontario,0.139,85660,808.9,990.86,40.01,3182.41,11.57,1.225,3.212
2026-04-13,CMP1007,B2B_Partner_Coop,Search,British Columbia,0.602,69188,1036.8,357.49,41.4,2380.18,5.17,0.345,6.658
2026-04-28,CMP1003,Severe_Weather_Awareness,Video,Alberta,0.676,67676,879.4,465.69,31.25,2738.68,6.88,0.53,5.881
2026-02-26,CMP1000,Winter_Storm_Alert_Promo,Search,Quebec,0.957,145050,2020.0,2888.74,98.63,3608.91,19.92,,1.249
2026-01-06,CMP1006,Spring_Forecast_Launch,Connected TV,Ontario,0.77,51853,1120.1,582.63,45.75,2226.41,11.24,0.52,3.821
2025-11-04,CMP1005,Local_News_Sponsorship,Native,British Columbia,0.314,21762,448.0,282.78,21.39,1231.23,12.99,0.631,4.354
2026-02-27,CMP1007,B2B_Partner_Coop,Search,Ontario,0.742,43263,1157.3,310.29,62.88,4438.65,7.17,0.268,14.305
2026-01-27,CMP1003,Severe_Weather_Awareness,Native,British Columbia,0.948,81734,1122.4,1223.96,50.5,2783.67,14.97,1.091,2.274
2025-11-20,CMP1004,Brand_Lift_National,Connected TV,Ontario,0.355,37479,814.2,328.11,15.32,592.71,8.75,0.403,1.806
2026-04-26,CMP1004,Brand_Lift_National,Native,Atlantic,0.419,57449,576.6,400.75,20.25,1459.85,6.98,0.695,3.643
2026-01-14,CMP1002,Premium_Upgrade_Q1,Connected TV,Alberta,0.737,18944,96.0,190.96,2.84,156.98,10.08,1.989,0.822
2026-01-20,CMP1002,Premium_Upgrade_Q1,Display,Quebec,0.941,76123,1317.5,480.67,52.51,4112.69,6.31,0.365,8.556
2026-03-23,CMP1000,Winter_Storm_Alert_Promo,Search,British Columbia,0.372,56600,302.1,721.81,16.53,861.42,12.75,2.389,1.193
2026-04-09,CMP1007,B2B_Partner_Coop,Search,Atlantic,0.673,58228,959.5,546.44,17.31,959.11,9.38,0.57,1.755
2026-03-03,CMP1002,Premium_Upgrade_Q1,Search,British Columbia,0.369,19061,234.1,173.45,16.19,1069.78,9.1,0.741,6.168
2026-02-07,CMP1007,B2B_Partner_Coop,Video,Alberta,0.895,52026,377.2,486.19,19.89,1687.24,9.35,1.289,3.47
2026-03-15,CMP1002,Premium_Upgrade_Q1,Video,Quebec,0.615,54323,872.2,623.21,9.33,524.13,11.47,0.715,0.841
2026-03-16,CMP1005,Local_News_Sponsorship,Search,Alberta,0.303,104285,1442.2,2997.02,39.01,2182.53,28.74,2.078,0.728
2026-04-02,CMP1005,Local_News_Sponsorship,Display,Quebec,0.656,98517,2300.7,987.25,99.12,8217.48,10.02,0.429,8.324
2026-01-29,CMP1005,Local_News_Sponsorship,Connected TV,Ontario,0.875,55808,1302.6,586.33,45.7,2020.17,10.51,0.45,3.445
2026-04-08,CMP1004,Brand_Lift_National,Native,Quebec,0.4,56570,855.7,755.96,34.68,2476.81,13.36,0.883,3.276
2026-03-31,CMP1002,Premium_Upgrade_Q1,Display,Atlantic,0.39,65421,1987.2,461.66,76.9,2767.71,7.06,0.232,5.995
2026-02-09,CMP1004,Brand_Lift_National,Connected TV,Alberta  ,0.796,66456,1297.5,595.48,58.88,1816.33,8.96,0.459,3.05
2025-11-13,CMP1004,Brand_Lift_National,Video,Ontario,0.34,51047,566.9,244.32,23.46,1164.5,4.79,0.431,4.766
2026-04-25,CMP1006,Spring_Forecast_Launch,Search,Atlantic,0.536,60157,321.2,433.73,18.07,1590.44,7.21,1.35,3.667
2025-12-04,CMP1007,B2B_Partner_Coop,Display,British Columbia,0.786,140400,908.3,2532.77,41.93,1349.63,18.04,2.788,0.533
2026-04-12,CMP1002,Premium_Upgrade_Q1,Display,Quebec,0.306,53603,1529.7,400.17,76.14,4317.95,7.47,0.262,10.79
2026-04-23,CMP1006,Spring_Forecast_Launch,Native,Ontario,0.419,28788,609.2,311.19,18.03,1525.91,10.81,0.511,4.904
2026-01-26,CMP1005,Local_News_Sponsorship,Display,Atlantic,0.704,65249,669.2,641.14,11.9,514.36,9.83,0.958,0.802
2025-11-19,CMP1006,Spring_Forecast_Launch,Video,Ontario,0.142,62551,686.8,709.22,35.45,1165.27,11.34,1.033,1.643
2026-02-10,CMP1001,App_Download_Push,Search,Alberta,0.709,86109,1059.7,1326.84,32.4,1457.38,15.41,1.252,1.098
2026-01-03,CMP1004,Brand_Lift_National,Search,Atlantic,0.611,33324,591.1,325.02,18.03,1235.24,9.75,0.55,3.801
2026-03-11,CMP1007,B2B_Partner_Coop,Native,Alberta,0.66,76058,840.3,408.22,23.18,1571.08,5.37,0.486,3.849
2026-04-03,CMP1004,Brand_Lift_National,Connected TV,Atlantic,0.601,46578,447.7,248.77,17.8,932.02,5.34,0.556,3.747
2026-04-22,CMP1000,Winter_Storm_Alert_Promo,Connected TV,British Columbia,0.651,64310,1102.0,359.38,76.42,6734.02,5.59,0.326,18.738
2025-11-16,CMP1003,Severe_Weather_Awareness,Connected TV,Atlantic,0.307,69461,618.9,565.87,25.38,1708.13,8.15,0.914,3.019
2026-04-10,CMP1007,B2B_Partner_Coop,Connected TV,Alberta,0.456,63768,72.3,516.77,5.1,147.29,8.1,7.144,0.285
2025-11-30,CMP1000,Winter_Storm_Alert_Promo,Display,Ontario,0.151,92790,1990.7,2056.52,51.35,2288.03,22.16,1.033,1.113
2026-03-23,CMP1007,B2B_Partner_Coop,Video,Alberta,0.372,50527,307.5,462.97,13.32,745.4,9.16,1.506,1.61
2026-03-31,CMP1002,Premium_Upgrade_Q1,Search,Quebec,0.39,45619,923.0,432.15,48.42,2859.56,9.47,0.468,6.617
2025-11-18,CMP1000,Winter_Storm_Alert_Promo,Search,Atlantic,0.198,70828,1049.4,498.63,43.85,3129.09,7.04,0.475,6.275
2026-02-04,CMP1000,Winter_Storm_Alert_Promo,Video,Atlantic,0.654,82248,1640.4,620.14,102.73,8059.75,7.54,0.378,12.997
2025-11-21,CMP1002,Premium_Upgrade_Q1,Video,Atlantic,0.139,41706,974.9,455.46,74.36,2766.75,10.92,0.467,6.075
2025-12-20,CMP1002,Premium_Upgrade_Q1,Search,Alberta,0.912,69255,1171.2,383.35,58.55,3779.05,5.54,0.327,9.858
2025-11-14,CMP1000,Winter_Storm_Alert_Promo,Connected TV,Alberta,0.127,135913,2471.3,2463.05,141.12,9205.74,18.12,0.997,3.738
2026-01-09,CMP1003,Severe_Weather_Awareness,Video,British Columbia,0.879,41301,1048.6,421.84,21.01,826.98,10.21,0.402,1.96
2026-02-25,CMP1004,Brand_Lift_National,Display,Atlantic,0.861,43240,762.2,412.82,39.27,3428.74,9.55,0.542,8.306
2026-04-25,CMP1003,Severe_Weather_Awareness,Search,British Columbia,0.536,27896,806.2,255.09,45.0,1648.63,9.14,0.316,6.463
2026-02-18,CMP1006,Spring_Forecast_Launch,Video,Atlantic,0.616,62594,1483.3,675.26,45.41,4083.47,10.79,,6.047
2026-01-21,CMP1007,B2B_Partner_Coop,Display,Alberta,0.92,74454,701.2,545.81,46.44,1729.32,7.33,0.778,3.168
2026-04-22,CMP1007,B2B_Partner_Coop,Native,Alberta  ,0.651,78813,2265.0,758.69,112.5,6964.11,9.63,0.335,9.179
2026-03-31,CMP1006,Spring_Forecast_Launch,search,Quebec,0.39,38594,596.1,315.45,12.41,767.84,8.17,0.529,2.434
2026-04-20,CMP1000,Winter_Storm_Alert_Promo,Search,Atlantic,0.615,114413,2049.7,679.67,59.22,3254.31,5.94,0.332,4.788
2025-12-16,CMP1004,Brand_Lift_National,Video,Alberta,0.729,49982,934.8,734.76,27.12,1225.78,14.7,0.786,1.668
2026-04-24,CMP1000,Winter_Storm_Alert_Promo,Connected TV,Atlantic,0.658,83975,2106.5,253.31,101.09,5592.92,3.02,0.12,22.079
2026-03-10,CMP1001,App_Download_Push,Search,Alberta,0.348,22723,489.0,180.75,20.0,1528.6,7.95,0.37,8.457
2026-01-05,CMP1005,Local_News_Sponsorship,Display,Alberta,0.64,47956,1023.0,334.31,32.09,1542.96,6.97,0.327,4.615
2026-04-07,CMP1000,Winter_Storm_Alert_Promo,Video,Alberta,0.421,74456,561.7,822.95,16.35,1346.53,11.05,1.465,1.636
2025-12-08,CMP1001,App_Download_Push,Search,Quebec,0.915,62760,1342.6,651.58,75.29,5809.85,10.38,,8.917
2025-11-11,CMP1007,B2B_Partner_Coop,Native,Alberta,0.281,17198,71.9,113.84,1.9,90.23,6.62,1.583,0.793
2026-03-11,CMP1006,Spring_Forecast_Launch,Video,British Columbia,0.66,56091,580.1,482.72,24.27,1924.9,8.61,0.832,3.988
2026-04-02,CMP1003,Severe_Weather_Awareness,Connected TV,Ontario,0.656,65770,897.8,997.97,40.14,1586.74,15.17,1.112,1.59
2025-12-06,CMP1001,App_Download_Push,Display,Ontario,0.682,43186,616.2,299.55,35.86,3043.57,6.94,0.486,10.16
2026-01-06,CMP1006,Spring_Forecast_Launch,Search,Ontario,0.77,55865,1797.4,496.62,55.82,2089.45,8.89,0.276,4.207
2026-03-30,CMP1000,Winter_Storm_Alert_Promo,Native,Quebec,0.522,69999,1572.4,507.48,60.86,3861.37,7.25,0.323,7.609
2025-12-02,CMP1004,Brand_Lift_National,Search,Ontario,0.662,52444,1042.2,316.31,52.29,4068.81,6.03,0.303,12.864
2026-04-02,CMP1001,App_Download_Push,Native,Atlantic,0.656,44633,1191.8,222.49,39.7,1479.38,4.98,0.187,6.649
2026-04-23,CMP1000,Winter_Storm_Alert_Promo,Video,Ontario,0.419,35508,259.5,450.18,11.96,919.78,12.68,1.735,2.043
2026-03-31,CMP1004,Brand_Lift_National,Connected TV,Quebec,0.39,30093,463.0,318.48,26.9,1462.21,10.58,0.688,4.591
2026-03-19,CMP1001,App_Download_Push,Search,Quebec,0.363,40409,449.0,194.81,19.36,1716.72,4.82,0.434,8.812
2025-12-16,CMP1003,Severe_Weather_Awareness,Search,Alberta,0.729,7892,170.5,86.88,7.78,642.83,11.01,0.509,7.399
2026-01-25,CMP1004,Brand_Lift_National,Native,Atlantic,0.644,57841,550.2,475.25,32.04,1047.96,8.22,0.864,2.205
2026-01-15,CMP1002,Premium_Upgrade_Q1,Connected TV,Atlantic,0.822,63351,983.6,699.73,41.48,2976.69,11.05,0.711,4.254
2026-01-30,CMP1001,App_Download_Push,Connected TV,Atlantic,0.87,64412,1271.0,584.09,23.33,1471.08,9.07,0.46,2.519
2026-03-31,CMP1004,Brand_Lift_National,Connected TV,Ontario,0.39,8239,161.8,108.63,2.44,138.21,13.18,0.671,1.272
2026-04-23,CMP1007,B2B_Partner_Coop,Video,British Columbia,0.419,36565,483.0,248.07,13.69,1036.65,6.78,0.514,4.179
2026-02-17,CMP1006,Spring_Forecast_Launch,Video,Ontario,0.614,63418,875.1,550.2,30.6,1030.33,8.68,0.629,1.873
2025-11-15,CMP1002,Premium_Upgrade_Q1,Display,Alberta,0.186,44701,895.7,540.32,55.85,4031.07,12.09,0.603,7.46
2026-04-02,CMP1000,Winter_Storm_Alert_Promo,Search,Atlantic,0.656,47376,919.3,438.35,38.94,3685.15,9.25,0.477,8.407
2026-04-18,CMP1007,B2B_Partner_Coop,Video,Ontario,0.601,56065,385.1,363.56,16.99,1271.91,6.48,0.944,3.498
2026-01-05,CMP1001,App_Download_Push,Native,Atlantic,0.64,63759,1494.8,520.17,58.68,3869.22,8.16,0.348,7.438
2025-12-09,CMP1000,Winter_Storm_Alert_Promo,Search,British Columbia,0.866,86405,1171.3,611.97,28.51,1515.0,7.08,0.522,2.476
2025-12-23,CMP1007,B2B_Partner_Coop,Video,Ontario,0.976,45669,1040.5,757.37,60.66,3257.08,16.58,0.728,4.301
2025-12-19,CMP1003,Severe_Weather_Awareness,Video,British Columbia,0.843,48345,374.6,302.7,15.68,1029.25,6.26,0.808,3.4
2025-11-15,CMP1001,App_Download_Push,Native,Alberta,0.186,47154,461.2,298.8,7.23,558.59,6.34,0.648,1.869
2025-12-18,CMP1001,App_Download_Push,Search,Ontario,0.95,75073,1030.2,700.39,44.06,4243.73,9.33,0.68,6.059
2026-02-14,CMP1003,Severe_Weather_Awareness,Search,Alberta,0.844,60474,1464.0,409.0,53.26,3227.03,6.76,0.279,7.89
2025-11-01,CMP1001,App_Download_Push,Connected TV,Ontario,0.332,58318,805.6,421.02,22.39,1731.15,7.22,0.523,4.112
2026-03-20,CMP1005,Local_News_Sponsorship,Display,Alberta,0.502,133014,2377.2,1945.97,27.15,1235.62,14.63,0.819,0.635
2026-01-04,CMP1003,Severe_Weather_Awareness,Video,British Columbia,0.762,39737,833.9,387.7,44.04,3191.97,9.76,0.465,8.233
2026-04-11,CMP1000,Winter_Storm_Alert_Promo,Display,Quebec,0.61,72607,1069.7,701.28,36.03,1974.94,9.66,0.656,2.816
2025-11-25,CMP1004,Brand_Lift_National,Search,Ontario,0.388,40268,597.5,363.97,28.39,1489.13,9.04,0.609,4.091
2025-11-25,CMP1007,B2B_Partner_Coop,Search,Alberta,0.388,73819,910.9,829.76,26.57,1410.83,11.24,0.911,1.7
2026-02-01,CMP1007,B2B_Partner_Coop,Display,Ontario,0.705,54060,1511.2,671.56,70.03,8201.56,12.42,0.444,12.213
2026-01-04,CMP1001,App_Download_Push,Connected TV,Alberta,0.762,41907,596.5,573.93,16.14,792.54,13.7,0.962,1.381
2025-11-12,CMP1004,Brand_Lift_National,Connected TV,British Columbia,0.243,59801,1001.7,340.43,51.59,2089.65,5.69,0.34,6.138
2026-01-03,CMP1005,Local_News_Sponsorship,Display,British Columbia,0.611,47691,463.7,401.91,9.0,603.24,8.43,0.867,1.501
2025-12-25,CMP1003,Severe_Weather_Awareness,Video,Alberta,0.638,61946,899.8,448.46,38.67,1462.27,7.24,0.498,3.261
2025-12-21,CMP1004,Brand_Lift_National,Video,Ontario,0.786,28055,516.0,352.45,22.11,1878.67,12.56,0.683,5.33
2026-01-01,CMP1003,Severe_Weather_Awareness,Native,British Columbia,0.954,51700,695.2,393.02,19.91,1355.69,7.6,0.565,3.449
2026-04-27,CMP1001,App_Download_Push,Video,British Columbia,0.511,31711,348.0,209.89,16.39,1249.47,6.62,0.603,5.953
2025-12-11,CMP1003,Severe_Weather_Awareness,Display,Alberta,0.982,66028,629.0,616.8,36.74,3151.72,9.34,0.981,5.11
2026-04-17,CMP1000,Winter_Storm_Alert_Promo,Connected TV,Ontario,0.65,62081,682.0,447.07,34.59,2849.2,7.2,0.656,6.373
2025-12-17,CMP1000,Winter_Storm_Alert_Promo,Connected TV,Alberta,0.82,44450,953.0,188.65,45.23,2198.58,4.24,0.198,11.654
2026-03-19,CMP1005,Local_News_Sponsorship,Search,Alberta,0.363,58749,1159.5,252.84,40.81,1720.45,4.3,0.218,6.805
2026-01-05,CMP1000,Winter_Storm_Alert_Promo,Video,Alberta,0.64,58245,1055.6,435.18,32.3,1609.41,7.47,0.412,3.698
2026-01-17,CMP1004,Brand_Lift_National,Connected TV,British Columbia,0.604,62581,678.5,586.95,29.55,2488.7,9.38,0.865,4.24
2025-11-21,CMP1003,Severe_Weather_Awareness,Video,Quebec,0.139,44933,709.8,173.81,37.57,3337.17,3.87,0.245,19.2
2025-11-16,CMP1001,App_Download_Push,Connected TV,Quebec,0.307,45741,743.3,313.82,37.44,3508.47,6.86,0.422,11.18
2026-04-27,CMP1003,Severe_Weather_Awareness,Connected TV,Quebec,0.511,54259,959.1,556.03,26.05,2404.13,10.25,0.58,4.324
2026-03-11,CMP1004,Brand_Lift_National,Video,Ontario,0.66,19136,388.2,137.49,16.61,1780.78,7.18,0.354,12.952
2026-03-15,CMP1004,Brand_Lift_National,Search,Atlantic,0.615,59871,1619.7,493.57,64.6,3332.35,8.24,0.305,6.752
2026-03-04,CMP1001,App_Download_Push,Video,Alberta,0.424,47634,504.8,493.72,19.56,1449.03,10.36,0.978,2.935
2026-01-01,CMP1007,B2B_Partner_Coop,Connected TV,Quebec,0.954,62368,1221.6,555.81,56.19,4477.83,8.91,0.455,8.056
2026-03-16,CMP1004,Brand_Lift_National,Display,Alberta,0.303,97149,470.3,2140.83,29.18,1288.76,22.04,4.552,0.602
2026-03-24,CMP1000,Winter_Storm_Alert_Promo,Search,Alberta,0.333,48360,513.6,539.02,29.01,1315.21,11.15,1.049,2.44
2026-01-02,CMP1005,Local_News_Sponsorship,Native,Atlantic,0.632,38302,222.3,302.22,4.4,308.49,7.89,1.359,1.021
2026-03-25,CMP1006,Spring_Forecast_Launch,Search,Alberta,0.47,59309,1223.6,561.08,40.38,2949.76,9.46,0.459,5.257
2026-03-04,CMP1007,B2B_Partner_Coop,Connected TV,Alberta,0.424,58696,1199.0,826.96,21.16,1581.9,14.09,0.69,1.913
2026-01-19,CMP1007,B2B_Partner_Coop,Connected TV,Alberta,0.774,42169,921.2,447.6,44.99,3728.91,10.61,0.486,8.331
2026-03-28,CMP1001,App_Download_Push,Connected TV,Alberta,0.634,66643,1069.8,960.21,59.04,1846.67,14.41,0.898,1.923
2026-04-15,CMP1000,Winter_Storm_Alert_Promo,Search,Ontario,0.56,81840,785.5,713.51,30.47,1766.73,8.72,0.908,2.476
2026-03-30,CMP1005,Local_News_Sponsorship,Search,,0.522,51703,,612.91,42.57,2741.65,11.85,,4.473
2026-01-25,CMP1005,Local_News_Sponsorship,Search,Alberta,0.644,43205,642.1,569.59,10.05,911.55,13.18,0.887,1.6
2026-02-18,CMP1004,Brand_Lift_National,Display,Quebec,0.616,51437,1375.9,544.63,34.46,1385.91,10.59,0.396,2.545
2025-11-01,CMP1006,Spring_Forecast_Launch,Native,Ontario,0.332,56756,837.5,389.52,39.1,2185.82,6.86,0.465,5.612
2026-04-03,CMP1005,Local_News_Sponsorship,Video,Ontario,0.601,81164,1141.3,791.18,81.82,5731.92,9.75,0.693,7.245
2025-12-17,CMP1006,Spring_Forecast_Launch,Video,Quebec,0.82,71012,806.5,684.32,38.06,621.03,9.64,0.849,0.908
2026-02-21,CMP1006,Spring_Forecast_Launch,Search,Alberta,0.763,52577,196.8,503.79,7.36,373.34,9.58,2.56,0.741
2026-02-18,CMP1007,B2B_Partner_Coop,Display,Quebec,0.616,46536,989.2,431.4,62.59,3035.72,9.27,0.436,7.037
2025-12-16,CMP1004,Brand_Lift_National,Video,Atlantic,0.729,75544,506.7,679.4,36.53,1740.02,8.99,1.341,2.561
2026-04-25,CMP1006,Spring_Forecast_Launch,Search,British Columbia,0.536,69208,1498.0,500.26,68.29,3966.39,7.23,0.334,7.929
2026-03-31,CMP1002,Premium_Upgrade_Q1,Search,Alberta,0.39,35962,659.2,299.18,30.2,1638.87,8.32,0.454,5.478
2026-01-23,CMP1005,Local_News_Sponsorship,Native,Ontario,0.64,39354,452.9,574.04,16.49,948.35,14.59,1.267,1.652
2026-02-08,CMP1005,Local_News_Sponsorship,Video,Atlantic,0.685,62989,986.5,872.85,32.06,2631.35,13.86,0.885,3.015
2025-12-06,CMP1002,Premium_Upgrade_Q1,Display,British Columbia,0.682,34031,742.4,286.45,24.3,2175.49,8.42,0.386,7.595
2026-04-27,CMP1000,Winter_Storm_Alert_Promo,Display,Atlantic,0.511,54290,1188.3,160.41,23.91,1159.38,2.95,0.135,7.228
2026-03-17,CMP1002,Premium_Upgrade_Q1,Connected TV,Ontario,0.511,59650,565.2,437.79,25.61,2321.64,7.34,0.775,5.303
2026-04-28,CMP1006,Spring_Forecast_Launch,Connected TV,,0.676,76428,,,85.24,8143.69,10.23,,10.413
2025-12-30,CMP1007,B2B_Partner_Coop,Display,British Columbia,0.769,66021,577.9,347.58,14.86,1128.23,5.26,0.601,3.246
2026-02-18,CMP1003,Severe_Weather_Awareness,Search,Alberta,0.616,60033,659.1,435.33,42.81,3391.82,7.25,0.66,7.791
2026-01-05,CMP1002,Premium_Upgrade_Q1,Video,British Columbia,0.64,42198,540.0,349.66,9.79,1092.2,8.29,0.647,3.124
2026-04-15,CMP1007,B2B_Partner_Coop,Native,Quebec,0.56,48960,497.1,254.14,17.81,1621.44,5.19,0.511,6.38
2025-12-12,CMP1001,App_Download_Push,Display,Quebec,0.819,30572,390.5,253.36,10.49,818.51,8.29,0.649,3.231
2025-12-24,CMP1000,Winter_Storm_Alert_Promo,Search,Alberta,0.631,41566,607.0,287.94,24.66,1539.25,6.93,0.474,5.346
2025-12-23,CMP1007,B2B_Partner_Coop,Connected TV,Ontario,0.976,51396,924.9,312.92,13.58,836.04,6.09,0.338,2.672
2026-02-25,CMP1006,Spring_Forecast_Launch,Display,British Columbia,0.861,60616,421.4,60.62,14.23,787.19,1.0,0.144,12.986
2025-11-06,CMP1000,Winter_Storm_Alert_Promo,Native,Alberta,0.253,42061,790.9,357.84,35.67,2796.78,8.51,0.452,7.816
2025-11-24,CMP1002,Premium_Upgrade_Q1,Video,Alberta,0.166,54256,663.6,540.84,32.46,1639.73,9.97,0.815,3.032
2025-12-13,CMP1000,Winter_Storm_Alert_Promo,Display,Atlantic,0.669,67295,831.5,649.89,50.09,3904.91,9.66,0.782,6.009
2025-12-11,CMP1002,Premium_Upgrade_Q1,Native,Quebec,0.982,72549,1143.6,825.29,8.82,929.8,11.38,0.722,1.127
2025-12-08,CMP1007,B2B_Partner_Coop,Native,British Columbia  ,0.915,44976,380.7,541.84,17.47,888.31,12.05,1.423,1.639
2026-01-25,CMP1007,B2B_Partner_Coop,Connected TV,Atlantic,0.644,51855,740.6,351.92,14.93,1231.53,6.79,0.475,3.499
2026-01-10,CMP1006,Spring_Forecast_Launch,Search,Atlantic,0.617,91378,899.4,571.47,51.35,4362.27,6.25,0.635,7.633
2025-12-29,CMP1000,Winter_Storm_Alert_Promo,Search,British Columbia,0.631,59890,827.8,901.08,35.37,2617.79,15.05,1.089,2.905
2026-01-31,CMP1002,Premium_Upgrade_Q1,Connected TV,Atlantic,0.712,70670,809.0,70.67,37.16,1756.28,1.0,0.087,24.851
2026-01-17,CMP1001,App_Download_Push,Video,Alberta,0.604,60735,596.2,726.53,27.08,2524.43,11.96,1.219,3.475
2026-03-15,CMP1002,Premium_Upgrade_Q1,Display,Quebec,0.615,44858,426.2,298.03,16.23,1394.95,6.64,0.699,4.681
2025-11-28,CMP1005,Local_News_Sponsorship,Native,Alberta,0.382,82495,956.1,687.64,39.21,2245.21,8.34,0.719,3.265
2025-12-01,CMP1000,Winter_Storm_Alert_Promo,Connected TV,Alberta,0.68,81966,868.4,797.52,32.43,2090.55,9.73,0.918,2.621
2026-03-29,CMP1007,B2B_Partner_Coop,Search,Ontario  ,0.305,37722,756.5,295.89,28.31,1205.12,7.84,0.391,4.073
2025-12-30,CMP1007,B2B_Partner_Coop,Native,British Columbia,0.769,80210,1268.0,968.42,33.79,2088.59,12.07,0.764,2.157
2026-03-02,CMP1001,App_Download_Push,Native,British Columbia,0.593,54169,1035.8,455.07,12.97,750.73,8.4,0.439,1.65
2025-11-28,CMP1001,App_Download_Push,Search,British Columbia,0.382,38373,673.8,272.37,38.16,1806.82,7.1,,6.634
2026-02-14,CMP1004,Brand_Lift_National,Video,British Columbia,0.844,69759,685.4,868.45,25.59,1824.16,12.45,1.267,2.1
2025-11-21,CMP1001,App_Download_Push,Display,Ontario,0.139,21925,353.4,216.93,7.04,548.78,9.89,0.614,2.53
2026-01-07,CMP1004,Brand_Lift_National,Connected TV,Alberta,1.0,61690,378.5,471.24,19.24,1361.48,7.64,1.245,2.889
2025-12-05,CMP1005,Local_News_Sponsorship,Video,Atlantic,0.781,55912,1659.2,657.67,48.42,2882.53,11.76,0.396,4.383
2025-11-14,CMP1003,Severe_Weather_Awareness,Search,Atlantic,0.127,82587,1588.6,559.14,70.9,3350.26,6.77,0.352,5.992
2026-04-21,CMP1003,Severe_Weather_Awareness,Search,Quebec,0.505,66871,371.0,514.88,24.56,2609.77,7.7,1.388,5.069
2025-11-26,CMP1006,Spring_Forecast_Launch,Video,Ontario,0.145,58594,697.3,609.11,31.96,2215.52,10.4,0.874,3.637
2025-11-05,CMP1000,Winter_Storm_Alert_Promo,Video,Alberta,0.105,51012,667.5,461.31,24.68,1318.81,9.04,0.691,2.859
2026-01-13,CMP1000,Winter_Storm_Alert_Promo,Display,British Columbia,0.709,50406,800.9,446.89,27.65,1211.64,8.87,0.558,2.711
2026-04-25,CMP1002,Premium_Upgrade_Q1,Native,Atlantic,0.536,29058,248.8,266.56,10.81,578.73,9.17,,2.171
2025-12-15,CMP1002,Premium_Upgrade_Q1,Display,British Columbia,0.976,67391,1594.2,426.35,77.21,6516.94,6.33,0.267,15.285
2025-12-16,CMP1001,App_Download_Push,Native,British Columbia,0.729,75217,1908.9,524.34,98.23,7346.17,6.97,0.275,14.01
2026-04-23,CMP1002,Premium_Upgrade_Q1,Native,Alberta,0.419,77455,788.7,783.7,43.32,3135.3,10.12,0.994,4.001
2025-12-29,CMP1006,Spring_Forecast_Launch,Connected TV,Ontario,0.631,46344,1243.1,236.81,38.58,2231.83,5.11,0.191,9.424
2026-01-26,CMP1000,Winter_Storm_Alert_Promo,Search,Alberta,0.704,38274,342.6,396.7,15.84,1320.33,10.36,1.158,3.328
2026-02-28,CMP1007,B2B_Partner_Coop,Connected TV,Alberta,0.727,46683,438.6,412.07,21.83,2039.04,8.83,0.939,4.948
2026-02-03,CMP1001,App_Download_Push,Native,Ontario,0.628,62856,1585.6,581.36,57.43,2632.2,9.25,0.367,4.528
2026-04-01,CMP1005,Local_News_Sponsorship,Search,Quebec,0.668,48070,519.9,447.23,23.43,1893.21,9.3,0.86,4.233
2026-01-28,CMP1002,Premium_Upgrade_Q1,Video,Quebec,0.886,28372,637.8,273.95,2.43,129.76,9.66,0.43,0.474
2026-03-13,CMP1005,Local_News_Sponsorship,Search,British Columbia,0.33,43369,617.9,373.46,25.58,1434.6,8.61,0.604,3.841
2026-03-15,CMP1003,Severe_Weather_Awareness,Connected TV,Atlantic,0.615,42153,441.1,301.07,18.19,1284.9,7.14,,4.268
2026-04-26,CMP1001,App_Download_Push,Native,Alberta,0.419,36588,310.6,375.12,17.7,976.31,10.25,1.208,2.603
2026-02-10,CMP1001,App_Download_Push,Connected TV,Atlantic,0.709,126536,1555.3,701.41,44.27,1687.23,5.54,0.451,2.405
2026-03-01,CMP1002,Premium_Upgrade_Q1,Connected TV,Atlantic,0.6,41141,428.5,253.67,18.33,1511.37,6.17,0.592,5.958
2025-12-13,CMP1007,B2B_Partner_Coop,Native,Atlantic,0.669,60466,716.6,739.16,23.72,1741.42,12.22,1.032,2.356
2026-01-13,CMP1000,Winter_Storm_Alert_Promo,Search,Atlantic,0.709,63936,1149.7,341.35,76.87,6088.88,5.34,0.297,17.838
2026-02-23,CMP1005,Local_News_Sponsorship,Native,Alberta,0.77,74692,1052.7,514.48,50.69,4369.63,6.89,0.489,8.493
2026-01-17,CMP1003,Severe_Weather_Awareness,Video,Alberta,0.604,33397,293.1,197.38,9.74,756.68,5.91,0.673,3.834
2025-12-22,CMP1004,Brand_Lift_National,Search,Atlantic,0.871,80968,1441.7,1294.5,47.65,4989.01,15.99,0.898,3.854
2025-12-30,CMP1000,Winter_Storm_Alert_Promo,Connected TV,Alberta,0.769,73670,1048.4,495.79,48.39,3065.25,6.73,0.473,6.183
2026-02-24,CMP1003,Severe_Weather_Awareness,Video,British Columbia,0.857,53279,685.1,408.99,39.52,4265.87,7.68,0.597,10.43
2026-02-22,CMP1005,Local_News_Sponsorship,Display,Atlantic,0.625,45343,1018.7,349.14,62.43,3652.29,7.7,0.343,10.461
2026-02-17,CMP1003,Severe_Weather_Awareness,Display,Alberta,0.614,64699,1360.7,486.24,98.97,4263.11,7.52,0.357,8.767
2026-01-05,CMP1000,Winter_Storm_Alert_Promo,Search,Quebec,0.64,29133,374.7,142.66,15.98,1410.58,4.9,0.381,9.888
2026-01-21,CMP1004,Brand_Lift_National,Video,Alberta,0.92,27737,372.9,240.31,11.41,680.84,8.66,0.645,2.833
2026-04-02,CMP1003,Severe_Weather_Awareness,Video,Ontario,0.656,48095,583.0,756.36,30.61,2328.99,15.73,1.297,3.079
2025-11-16,CMP1004,Brand_Lift_National,Display,British Columbia,0.307,49929,466.0,395.05,35.82,3325.99,7.91,0.848,8.419
2025-12-03,CMP1000,Winter_Storm_Alert_Promo,Display,British Columbia,0.811,89641,1952.2,316.46,33.73,1621.6,3.53,0.162,5.124
2026-01-02,CMP1005,Local_News_Sponsorship,Video,Atlantic,0.632,44007,773.5,560.63,24.78,1235.24,12.74,0.725,2.203
2025-12-01,CMP1006,Spring_Forecast_Launch,Native,Quebec,0.68,26803,556.2,210.49,12.15,1018.6,7.85,0.378,4.839
2026-04-10,CMP1004,Brand_Lift_National,Connected TV,Atlantic,0.456,55373,1457.2,423.63,52.38,3183.6,7.65,0.291,7.515
2025-11-07,CMP1006,Spring_Forecast_Launch,Native,Atlantic,0.262,75641,680.2,961.32,21.79,1871.7,12.71,1.413,1.947
2025-12-31,CMP1006,Spring_Forecast_Launch,Connected TV,Quebec,0.82,50014,1677.5,425.95,85.2,4618.87,8.52,0.254,10.844
2025-11-23,CMP1001,App_Download_Push,Connected TV,Atlantic,0.383,31405,440.4,178.76,19.73,768.65,5.69,0.406,4.3
2026-03-23,CMP1002,Premium_Upgrade_Q1,Search,Alberta,0.372,60133,687.8,202.54,24.97,899.06,3.37,0.294,4.439
2026-04-29,CMP1001,App_Download_Push,Search,Alberta,0.619,46987,554.1,587.59,35.42,2469.83,12.51,1.06,4.203
2026-03-15,CMP1001,App_Download_Push,Video,Ontario,0.615,68086,1767.7,434.22,48.14,3952.02,6.38,0.246,9.101
2026-02-16,CMP1005,Local_News_Sponsorship,Video,Alberta,0.765,46253,307.0,624.28,10.66,729.97,13.5,2.033,1.169
2026-02-03,CMP1000,Winter_Storm_Alert_Promo,Display,British Columbia,0.628,55648,690.2,222.61,21.5,767.77,4.0,0.323,3.449
2026-03-15,CMP1003,Severe_Weather_Awareness,Display,Atlantic,0.615,56021,468.5,204.66,11.7,953.59,3.65,0.437,4.659
2025-12-14,CMP1007,B2B_Partner_Coop,Display,Atlantic,0.816,39128,699.4,471.23,27.58,2098.08,12.04,0.674,4.452
2026-01-31,CMP1001,App_Download_Push,Video,Alberta,0.712,50697,1106.4,377.01,63.15,2811.34,7.44,0.341,7.457
2026-01-20,CMP1000,Winter_Storm_Alert_Promo,Native,Atlantic,0.941,72615,1434.8,654.64,60.67,6309.9,9.02,0.456,9.639
2025-12-27,CMP1005,Local_News_Sponsorship,Search,Ontario,0.815,141157,2225.9,1313.94,110.56,6610.67,9.31,0.59,5.031
2025-11-17,CMP1002,Premium_Upgrade_Q1,Native,Ontario,0.137,54326,1328.4,453.49,55.65,3239.27,8.35,0.341,7.143
2026-03-07,CMP1003,Severe_Weather_Awareness,Video,Atlantic,0.496,70739,1133.5,397.27,32.25,2135.2,5.62,0.35,5.375
2025-12-29,CMP1001,App_Download_Push,Video,Quebec,0.631,44821,545.5,357.08,22.14,1287.06,7.97,0.655,3.604
2025-11-22,CMP1004,Brand_Lift_National,Native,Atlantic,0.317,55671,733.2,399.88,26.63,2342.73,7.18,0.545,5.859
2026-01-22,CMP1007,B2B_Partner_Coop,Native,Ontario,0.923,80229,1970.6,517.76,31.5,2038.52,6.45,0.263,3.937
2026-03-14,CMP1001,App_Download_Push,Search,Ontario  ,0.557,55276,882.5,312.32,39.94,2760.74,5.65,0.354,8.84
2025-11-15,CMP1003,Severe_Weather_Awareness,Search,Ontario,0.186,75542,683.9,824.93,26.46,1900.06,10.92,1.206,2.303
2026-01-03,CMP1006,Spring_Forecast_Launch,Search,British Columbia,0.611,34746,326.4,181.21,18.36,1061.12,5.22,0.555,5.856
2026-03-26,CMP1002,Premium_Upgrade_Q1,Search,Ontario,0.595,37766,426.4,485.14,16.83,1357.98,12.85,1.138,2.799
2025-12-20,CMP1006,Spring_Forecast_Launch,Video,Ontario,0.912,29294,135.9,294.26,3.09,219.33,10.04,2.165,0.745
2025-12-24,CMP1006,Spring_Forecast_Launch,Connected TV,Atlantic,0.631,33490,416.0,283.94,9.4,367.01,8.48,0.683,1.293
2026-04-17,CMP1005,Local_News_Sponsorship,Video,Quebec,0.65,66576,128.4,765.45,6.97,537.02,11.5,5.963,0.702
2025-11-17,CMP1007,B2B_Partner_Coop,Video,Atlantic,0.137,54064,948.0,557.67,54.55,2269.52,10.32,0.588,4.07
2026-04-11,CMP1001,App_Download_Push,Display,British Columbia,0.61,40527,895.4,244.89,80.22,4150.72,6.04,0.273,16.95
2026-03-18,CMP1002,Premium_Upgrade_Q1,Connected TV,Quebec,0.677,51291,1455.5,467.91,51.2,2969.49,9.12,0.321,6.346
2025-11-03,CMP1004,Brand_Lift_National,Video,Ontario,0.147,40356,999.8,245.15,26.68,2446.83,6.07,0.245,9.981
2026-02-11,CMP1002,Premium_Upgrade_Q1,Native,Atlantic,0.956,50432,374.8,463.06,19.45,1330.74,9.18,1.236,2.874
2026-03-09,CMP1006,Spring_Forecast_Launch,Native,Quebec,0.405,52708,401.6,316.97,12.18,740.2,6.01,0.789,2.335
2026-01-19,CMP1006,Spring_Forecast_Launch,Native,British Columbia,0.774,73201,771.4,456.75,40.45,1877.5,6.24,0.592,4.111
2025-11-21,CMP1005,Local_News_Sponsorship,Video,British Columbia,0.139,54869,963.8,826.67,58.07,4608.82,15.07,0.858,5.575
2026-04-04,CMP1001,App_Download_Push,Display,Atlantic,0.634,27411,657.8,151.35,26.78,1657.12,5.52,0.23,10.949
2026-04-25,CMP1005,Local_News_Sponsorship,Search,Ontario,0.536,52477,791.5,634.18,35.92,3889.68,12.08,0.801,6.133
2025-12-22,CMP1004,Brand_Lift_National,Video,British Columbia,0.871,87549,1761.9,2483.98,81.56,4101.98,28.37,1.41,1.651
2026-02-08,CMP1007,B2B_Partner_Coop,Search,Quebec,0.685,37744,46.8,211.38,2.42,174.18,5.6,4.518,0.824
2025-11-19,CMP1005,Local_News_Sponsorship,Native,Ontario,0.142,43354,498.7,435.75,23.25,1483.2,10.05,0.874,3.404
2026-02-04,CMP1000,Winter_Storm_Alert_Promo,Video,British Columbia,0.654,64867,710.0,209.4,21.94,1753.98,3.23,0.295,8.376
2025-12-29,CMP1006,Spring_Forecast_Launch,Search,Ontario,0.631,71020,696.2,499.15,23.52,2138.67,7.03,0.717,4.285
2025-11-09,CMP1005,Local_News_Sponsorship,Search,Quebec,0.317,53615,1243.0,424.01,16.52,808.3,7.91,0.341,1.906
2026-02-08,CMP1005,Local_News_Sponsorship,Video,British Columbia,0.685,59924,978.6,771.92,47.27,3743.5,12.88,0.789,4.85
2026-02-10,CMP1005,Local_News_Sponsorship,Connected TV,Atlantic,0.709,55907,1409.7,821.96,51.72,4458.39,14.7,0.583,5.424
2026-01-22,CMP1000,Winter_Storm_Alert_Promo,Search,Ontario,0.923,59226,989.6,309.17,59.29,5870.11,5.22,0.312,18.986
2025-11-06,CMP1006,Spring_Forecast_Launch,Video,British Columbia,0.253,58617,1062.0,337.44,53.64,2032.23,5.76,0.318,6.022
2026-04-26,CMP1002,Premium_Upgrade_Q1,Display,Alberta,0.419,46520,723.1,531.94,7.97,828.06,11.43,0.736,1.557
2025-11-11,CMP1007,B2B_Partner_Coop,Connected TV,Ontario,0.281,60882,830.3,386.12,49.32,1874.07,6.34,0.465,4.854
2026-03-23,CMP1004,Brand_Lift_National,Video,British Columbia,0.372,64988,509.8,674.97,30.79,752.12,10.39,1.324,1.114
2026-01-02,CMP1007,B2B_Partner_Coop,Display,British Columbia,0.632,60093,1252.8,555.85,62.09,6748.74,9.25,0.444,12.141
2026-04-24,CMP1001,App_Download_Push,Display,Atlantic,0.658,66428,1045.4,591.86,55.14,2823.7,8.91,0.566,4.771
2025-11-19,CMP1003,Severe_Weather_Awareness,Search,Quebec,0.142,74045,1497.1,539.66,72.14,6272.38,7.29,0.36,11.623
2025-12-11,CMP1001,App_Download_Push,Display,Alberta,0.982,41994,251.7,361.35,15.7,1425.7,8.6,1.436,3.945
2026-04-18,CMP1001,App_Download_Push,Search,British Columbia,0.601,54895,645.2,460.83,19.37,1268.77,8.39,0.714,2.753
2026-02-23,CMP1003,Severe_Weather_Awareness,Video,Atlantic,0.77,50839,808.8,514.44,1.35,92.83,10.12,0.636,0.18
2026-04-10,CMP1007,B2B_Partner_Coop,Video,British Columbia,0.456,1323497,157.42422704125048,602.6,20.42,1062.48,11.27,0.513,1.763
2026-02-06,CMP1005,Local_News_Sponsorship,Display,Ontario,0.755,65306,830.3,642.06,31.25,1343.0,9.83,0.773,2.092
2026-01-29,CMP1000,Winter_Storm_Alert_Promo,Native,Quebec,0.875,126893,2167.8,1148.44,119.24,13041.67,9.05,0.53,11.356
2026-04-13,CMP1000,Winter_Storm_Alert_Promo,Video,Atlantic,0.602,60486,1186.4,562.01,61.73,4030.13,9.29,0.474,7.171
2026-02-27,CMP1001,App_Download_Push,Connected TV,Ontario,0.742,57668,315.8,637.95,14.61,545.37,11.06,2.02,0.855
2025-12-27,CMP1005,Local_News_Sponsorship,Search,British Columbia,0.815,125841,2024.2,2109.98,104.85,6398.37,16.77,1.042,3.032
2026-04-02,CMP1007,B2B_Partner_Coop,Display,British Columbia,0.656,45483,962.1,302.78,30.32,1867.57,6.66,0.315,6.168
2025-12-11,CMP1002,Premium_Upgrade_Q1,Native,Ontario,0.982,56574,692.6,309.31,33.49,1627.42,5.47,0.447,5.261
2026-02-17,CMP1002,Premium_Upgrade_Q1,Connected TV,British Columbia,0.614,49305,1072.2,458.24,47.28,2053.52,9.29,0.427,4.481
2026-04-22,CMP1006,Spring_Forecast_Launch,Native,Alberta,0.651,59218,646.7,394.68,24.77,2005.95,6.66,0.61,5.083
2025-12-04,CMP1003,Severe_Weather_Awareness,Video,British Columbia,0.786,157993,2216.2,3137.59,145.76,8775.77,19.86,1.416,2.797
2026-03-10,CMP1004,Brand_Lift_National,Video,British Columbia,0.348,60005,919.6,620.11,36.31,2345.75,10.33,0.674,3.783
2025-11-06,CMP1007,B2B_Partner_Coop,Connected TV,Ontario,0.253,47278,732.9,373.04,6.26,294.83,7.89,0.509,0.79
2025-12-20,CMP1003,Severe_Weather_Awareness,Display,Alberta,0.912,65102,1285.3,795.83,40.68,3094.52,12.22,0.619,3.888
2025-11-18,CMP1004,Brand_Lift_National,Connected TV,Ontario,0.198,49712,430.3,367.66,14.15,729.5,7.4,0.855,1.984
2026-02-21,CMP1007,B2B_Partner_Coop,Native,Alberta,0.763,47448,1010.4,232.1,33.94,954.54,4.89,0.23,4.113
2025-11-02,CMP1005,Local_News_Sponsorship,Connected TV,Alberta,0.14,63616,1317.8,710.67,57.32,3994.21,11.17,0.539,5.62
2026-02-12,CMP1000,Winter_Storm_Alert_Promo,Native,Quebec,0.805,84497,1938.9,1017.87,55.54,2019.34,12.05,0.525,1.984
2025-11-14,CMP1006,Spring_Forecast_Launch,Connected TV,Quebec,0.127,75969,1233.5,1255.6,74.83,4860.8,16.53,1.018,3.871
2026-01-30,CMP1006,Spring_Forecast_Launch,Display,Ontario,0.87,59983,60.0,565.0,0.35,9.25,9.42,9.419,0.016
2026-01-22,CMP1006,Spring_Forecast_Launch,Connected TV,British Columbia,0.923,59815,1191.5,372.13,49.38,2313.59,6.22,0.312,6.217
2026-02-18,CMP1000,Winter_Storm_Alert_Promo,Video,Ontario,0.616,25052,395.5,150.3,22.62,2391.0,6.0,0.38,15.908
2026-03-02,CMP1006,Spring_Forecast_Launch,Connected TV,Atlantic,0.593,61942,945.2,111.95,36.16,2930.54,1.81,0.118,26.177
2026-04-17,CMP1007,B2B_Partner_Coop,Connected TV,British Columbia,0.65,54720,613.2,368.3,14.96,1375.36,6.73,0.601,3.734
2026-03-04,CMP1004,Brand_Lift_National,Connected TV,Quebec,0.424,55329,891.4,460.41,34.91,3130.94,8.32,0.517,6.8
2026-01-27,CMP1002,Premium_Upgrade_Q1,Display,British Columbia,0.948,81997,1870.6,1201.32,126.88,7149.9,14.65,0.642,5.952
2026-04-08,CMP1003,Severe_Weather_Awareness,Display,Ontario,0.4,51129,295.4,514.64,9.06,586.67,10.07,1.742,1.14
2026-02-09,CMP1000,Winter_Storm_Alert_Promo,Connected TV,British Columbia,0.796,81861,1711.3,701.09,54.81,3811.8,8.56,0.41,5.437
2025-12-11,CMP1006,Spring_Forecast_Launch,Search,Ontario,0.982,77076,1118.7,589.15,36.55,3504.81,7.64,0.527,5.949
2026-02-04,CMP1006,Spring_Forecast_Launch,Search,British Columbia,0.654,84563,1113.8,578.39,45.24,2848.9,6.84,0.519,4.926
2026-03-04,CMP1005,Local_News_Sponsorship,Video,Alberta,0.424,39275,700.6,377.31,17.68,584.22,9.61,0.539,1.548
2026-01-22,CMP1002,Premium_Upgrade_Q1,Search,Ontario,0.923,40282,506.2,319.64,7.73,405.8,7.93,0.631,1.27
2026-03-16,CMP1007,B2B_Partner_Coop,Native,Atlantic,0.303,130748,2114.2,2830.14,63.88,4907.88,21.65,1.339,1.734
2026-03-27,CMP1000,Winter_Storm_Alert_Promo,Search,Alberta,0.462,84873,1102.9,856.04,21.27,1526.07,10.09,0.776,1.783
2025-11-27,CMP1007,B2B_Partner_Coop,Display,Quebec,0.377,55442,519.1,319.44,33.33,2233.83,5.76,0.615,6.993
2025-11-03,CMP1006,Spring_Forecast_Launch,Display,British Columbia,0.147,28076,465.3,175.5,19.94,715.8,6.25,0.377,4.079
2026-01-15,CMP1003,Severe_Weather_Awareness,Display,Alberta,0.822,55528,647.8,520.74,20.39,952.33,9.38,0.804,1.829
2025-12-29,CMP1003,Severe_Weather_Awareness,Native,British Columbia,0.631,69260,794.6,579.24,21.11,889.09,8.36,,1.535
2026-01-07,CMP1005,Local_News_Sponsorship,Search,British Columbia,1.0,66276,195.5,661.17,8.17,368.86,9.98,3.382,0.558
2026-02-26,CMP1001,App_Download_Push,Display,Atlantic,0.957,95792,1300.9,1206.71,61.72,5006.63,12.6,0.928,4.149
2025-11-05,CMP1003,Severe_Weather_Awareness,Video,Quebec,0.105,56129,1085.9,485.94,12.62,325.92,8.66,0.448,0.671
2025-12-14,CMP1001,App_Download_Push,Display,Alberta,0.816,29864,446.7,213.37,22.87,1410.14,7.14,0.478,6.609
2026-04-07,CMP1001,App_Download_Push,Connected TV,Atlantic,0.421,50272,506.4,538.7,20.38,875.94,10.72,1.064,1.626
2025-12-03,CMP1006,Spring_Forecast_Launch,Search,Quebec,0.811,44948,580.5,396.95,18.98,1860.73,8.83,0.684,4.688
2026-01-19,CMP1000,Winter_Storm_Alert_Promo,Search,Atlantic,0.774,25157,420.8,283.99,18.09,1703.75,11.29,0.675,5.999
2025-11-10,CMP1004,Brand_Lift_National,Search,Alberta,0.221,58994,1255.6,295.31,37.74,3904.93,5.01,0.235,13.223
2025-12-30,CMP1002,Premium_Upgrade_Q1,Search,Atlantic,0.769,63266,1123.4,597.63,46.1,3728.73,9.45,0.532,6.239
2026-01-04,CMP1006,Spring_Forecast_Launch,Search,Quebec,0.762,52455,657.5,446.9,26.26,1226.82,8.52,0.68,2.745
2026-03-12,CMP1001,App_Download_Push,Video,British Columbia,0.555,52291,887.6,330.71,42.65,2307.66,6.32,0.373,6.978
2026-01-11,CMP1001,App_Download_Push,Connected TV,British Columbia,0.837,50803,427.0,466.5,22.1,624.77,9.18,1.093,1.339
2026-03-04,CMP1004,Brand_Lift_National,Connected TV,British Columbia,0.424,50266,1122.8,393.31,19.22,1174.3,7.82,0.35,2.986
2026-03-18,CMP1006,Spring_Forecast_Launch,Search,Atlantic,0.677,18512,313.1,119.46,10.42,932.17,6.45,0.382,7.803
2025-11-02,CMP1002,Premium_Upgrade_Q1,Video,Atlantic,0.14,38687,640.9,221.25,37.09,2605.66,5.72,0.345,11.777
2025-12-07,CMP1003,Severe_Weather_Awareness,Video,Atlantic,0.618,74309,1968.2,584.59,113.21,4489.65,7.87,0.297,7.68
2026-02-19,CMP1006,Spring_Forecast_Launch,Search,Ontario,0.729,27662,405.3,193.65,14.69,1259.23,7.0,0.478,6.503
2026-03-14,CMP1005,Local_News_Sponsorship,Native,British Columbia,0.557,53489,706.6,337.59,15.37,957.29,6.31,,2.836
2026-01-15,CMP1003,Severe_Weather_Awareness,Connected TV,Alberta,0.822,45370,701.6,388.99,37.51,960.2,8.57,0.554,2.468
2025-11-16,CMP1002,Premium_Upgrade_Q1,Display,Ontario,0.307,30487,445.7,231.27,27.18,2285.82,7.59,0.519,9.884
2025-11-08,CMP1000,Winter_Storm_Alert_Promo,Display,Alberta,0.364,20480,411.1,93.41,12.37,517.51,4.56,0.227,5.54
2026-04-14,CMP1002,Premium_Upgrade_Q1,Connected TV,Alberta,0.669,54028,1738.6,332.82,24.3,2062.36,6.16,0.191,6.197
2025-11-05,CMP1004,Brand_Lift_National,Native,Quebec,0.105,45899,502.3,291.19,23.7,812.63,6.34,0.58,2.791
2025-11-24,CMP1005,Local_News_Sponsorship,Video,Alberta,0.166,62327,852.8,617.81,36.3,1794.44,9.91,0.724,2.905
2026-01-01,CMP1000,Winter_Storm_Alert_Promo,Connected TV,Ontario,0.954,83899,407.2,699.92,8.66,850.55,8.34,1.719,1.215
2026-04-11,CMP1004,Brand_Lift_National,Connected TV,British Columbia,0.61,32449,835.7,229.2,40.15,3892.89,7.06,0.274,16.984
2025-12-15,CMP1007,B2B_Partner_Coop,Display,Quebec,0.976,26676,275.2,96.42,18.18,986.02,3.61,0.35,10.227
2026-01-10,CMP1003,Severe_Weather_Awareness,Display,Alberta,0.617,26259,352.5,152.67,18.05,1094.45,5.81,0.433,7.168
2026-04-04,CMP1002,Premium_Upgrade_Q1,Native,Alberta,0.634,40614,517.7,350.44,10.79,803.91,8.63,0.677,2.294
2026-02-27,CMP1001,App_Download_Push,Video,British Columbia,0.742,37461,780.9,323.64,49.47,6102.36,8.64,0.414,18.855
2026-04-04,CMP1005,Local_News_Sponsorship,Display,British Columbia,0.634,34989,285.6,327.5,12.94,383.23,9.36,1.147,1.17
2026-04-06,CMP1006,Spring_Forecast_Launch,Connected TV,Alberta,0.315,45863,578.4,353.84,21.49,1162.37,7.71,0.612,3.285
2026-03-15,CMP1006,Spring_Forecast_Launch,Connected TV,Alberta,0.615,79915,1597.9,542.36,81.62,5784.56,6.79,0.339,10.666
2026-04-19,CMP1003,Severe_Weather_Awareness,Display,Ontario,0.531,35646,650.2,428.49,21.35,1800.13,12.02,0.659,4.201
2026-03-17,CMP1005,Local_News_Sponsorship,Native,Quebec,0.511,67406,201.4,547.64,10.52,561.66,8.12,2.719,1.026
2026-01-15,CMP1007,B2B_Partner_Coop,video,Atlantic,0.822,38753,675.4,323.72,22.47,704.79,8.35,0.479,2.177
2025-12-15,CMP1006,Spring_Forecast_Launch,Search,Ontario,0.976,60577,719.2,402.4,36.76,2812.41,6.64,0.56,6.989
2026-03-18,CMP1005,Local_News_Sponsorship,Display,Quebec,0.677,45043,696.7,296.84,27.94,1681.52,6.59,0.426,5.665
2026-02-26,CMP1007,B2B_Partner_Coop,Video,Atlantic,0.957,106845,1202.3,1502.18,55.4,3350.74,14.06,1.249,2.231
2025-11-04,CMP1000,Winter_Storm_Alert_Promo,Search,Quebec,0.314,42172,497.6,315.06,30.07,1328.96,7.47,0.633,4.218
2026-03-18,CMP1006,Spring_Forecast_Launch,Search,Ontario,0.677,53856,962.5,337.38,29.15,2579.38,6.26,0.351,7.645
2026-01-25,CMP1006,Spring_Forecast_Launch,Connected TV,Atlantic,0.644,38868,1068.1,376.5,59.21,2290.63,9.69,0.352,6.084
2026-02-25,CMP1005,Local_News_Sponsorship,Native,Quebec,0.861,60384,480.2,248.51,32.07,1490.49,4.12,0.518,5.998
2026-02-26,CMP1002,Premium_Upgrade_Q1,Connected TV,Ontario,0.957,123461,3364.2,2973.66,108.19,5034.98,24.09,0.884,1.693
2026-01-03,CMP1006,Spring_Forecast_Launch,Search,Ontario,0.611,17672,362.1,116.58,22.62,1082.62,6.6,0.322,9.287
2026-03-13,CMP1003,Severe_Weather_Awareness,Native,Alberta,0.33,65797,1373.1,463.92,51.59,5048.58,7.05,0.338,10.882
2026-02-18,CMP1001,App_Download_Push,Search,,0.616,68733,,683.32,23.16,1553.0,9.94,,2.273
2026-01-03,CMP1007,B2B_Partner_Coop,Native,British Columbia,0.611,35701,363.2,390.54,12.18,826.33,10.94,1.075,2.116
2026-03-08,CMP1005,Local_News_Sponsorship,Native,British Columbia,0.319,56711,1287.2,587.27,52.01,3357.98,10.36,0.456,5.718
2026-02-15,CMP1000,Winter_Storm_Alert_Promo,Search,British Columbia,0.683,53049,1423.4,383.75,106.87,8950.9,7.23,0.27,23.325
2026-04-26,CMP1002,Premium_Upgrade_Q1,Native,,0.419,62614,,,28.36,2095.56,8.41,,3.982
2026-01-30,CMP1005,Local_News_Sponsorship,Search,Alberta,0.87,63234,939.4,580.44,62.27,3851.13,9.18,0.618,6.635
2026-01-19,CMP1007,B2B_Partner_Coop,Display,Ontario,0.774,43231,460.2,480.29,23.72,1099.65,11.11,1.044,2.29
2026-04-13,CMP1000,Winter_Storm_Alert_Promo,Connected TV,Atlantic,0.602,87111,1705.2,340.82,104.05,5465.9,3.91,0.2,16.037
2026-01-09,CMP1007,B2B_Partner_Coop,Display,Quebec,0.879,37468,486.4,265.77,14.08,723.04,7.09,0.546,2.721
2026-03-06,CMP1003,Severe_Weather_Awareness,Video,Ontario,0.632,46229,522.5,404.01,28.6,2591.29,8.74,0.773,6.414
2025-11-02,CMP1003,Severe_Weather_Awareness,Native,Quebec,0.14,60726,1070.8,641.87,38.07,2525.22,10.57,0.599,3.934
2026-01-13,CMP1000,Winter_Storm_Alert_Promo,Display,Quebec,0.709,23150,169.4,227.07,7.83,86.44,9.81,1.34,0.381
2026-04-16,CMP1007,B2B_Partner_Coop,Native,Quebec,0.544,36539,586.7,179.27,20.73,1539.95,4.91,0.306,8.59
2026-03-24,CMP1007,B2B_Partner_Coop,Connected TV,Atlantic,0.333,55580,987.3,567.68,41.78,3258.88,10.21,0.575,5.741
2025-11-14,CMP1003,Severe_Weather_Awareness,Video,British Columbia,0.127,66509,1626.4,439.19,29.89,2606.69,6.6,0.27,5.935
2026-01-10,CMP1000,Winter_Storm_Alert_Promo,Native,British Columbia,0.617,57950,766.5,283.76,31.52,2210.07,4.9,0.37,7.788
2026-04-16,CMP1006,Spring_Forecast_Launch,Native,Quebec,0.544,60459,562.5,448.23,24.12,1846.05,7.41,0.797,4.118
2026-01-27,CMP1001,App_Download_Push,Video,Atlantic,0.948,103462,1244.3,2227.66,47.51,4125.47,21.53,1.79,1.852
2026-01-02,CMP1001,App_Download_Push,Native,British Columbia,0.632,76883,1045.6,782.9,43.14,2258.87,10.18,0.749,2.885
2026-01-24,CMP1005,Local_News_Sponsorship,Display,Atlantic,0.625,57471,1230.1,577.69,34.71,1467.64,10.05,0.47,2.541
2025-11-16,CMP1006,Spring_Forecast_Launch,Native,Quebec,0.307,40770,1040.3,430.71,53.63,4523.52,10.56,0.414,10.503
2026-02-11,CMP1000,Winter_Storm_Alert_Promo,Connected TV,British Columbia,0.956,71090,1702.9,649.68,34.77,1850.83,9.14,0.382,2.849
2025-12-20,CMP1002,Premium_Upgrade_Q1,Connected TV,Ontario,0.912,42958,1008.6,313.85,32.27,1229.39,7.31,0.311,3.917
2026-04-11,CMP1006,Spring_Forecast_Launch,Video,Ontario,0.61,52516,1147.0,320.42,31.82,2488.22,6.1,0.279,7.766
2026-03-08,CMP1004,Brand_Lift_National,Display,Quebec,0.319,65882,1084.2,848.93,60.57,3864.07,12.89,0.783,4.552
2026-01-17,CMP1005,Local_News_Sponsorship,Display,British Columbia,0.604,50374,785.2,634.47,39.71,2495.76,12.6,0.808,3.934
2026-02-13,CMP1002,Premium_Upgrade_Q1,Connected TV,British Columbia,0.8,29516,334.3,189.46,15.25,1525.56,6.42,0.567,8.052
2025-11-05,CMP1007,B2B_Partner_Coop,Native,Alberta,0.105,55369,364.0,516.47,12.91,714.41,9.33,1.419,1.383
2025-12-15,CMP1001,App_Download_Push,Display,Ontario,0.976,51526,715.8,407.71,16.65,1798.22,7.91,0.57,4.411
2026-01-17,CMP1002,Premium_Upgrade_Q1,Native,British Columbia,0.604,51523,1138.3,697.25,53.33,2723.3,13.53,0.613,3.906
2026-03-06,CMP1007,B2B_Partner_Coop,Native,British Columbia,0.632,50358,563.1,342.19,26.43,2456.76,6.8,0.608,7.18
2025-11-29,CMP1007,B2B_Partner_Coop,Search,British Columbia,0.374,70471,1036.4,936.18,37.15,3334.79,13.28,0.903,3.562
2025-12-25,CMP1006,Spring_Forecast_Launch,Connected TV,Alberta,0.638,78521,1531.7,395.55,68.35,3687.37,5.04,0.258,9.322
2026-04-24,CMP1002,Premium_Upgrade_Q1,Connected TV,Alberta,0.658,44684,826.5,336.67,53.84,3595.29,7.53,0.407,10.679
2025-11-09,CMP1005,Local_News_Sponsorship,Connected TV,Quebec,0.317,38886,845.4,316.36,28.84,1955.63,8.14,0.374,6.182
2026-04-25,CMP1004,Brand_Lift_National,Display,Ontario,0.536,31072,632.7,223.6,29.11,1738.49,7.2,0.353,7.775
2026-01-02,CMP1000,Winter_Storm_Alert_Promo,Video,British Columbia,0.632,60255,836.8,306.71,53.88,5211.71,5.09,0.367,16.992
2026-04-10,CMP1007,B2B_Partner_Coop,search,Atlantic,0.456,72767,1778.0,122.34,54.83,1888.39,1.68,0.069,15.435
2026-03-13,CMP1007,B2B_Partner_Coop,Display,Atlantic,0.33,44700,645.9,425.29,30.02,3639.66,9.51,0.658,8.558
2026-02-11,CMP1006,Spring_Forecast_Launch,Connected TV,Ontario,0.956,55620,1634.6,633.13,49.96,2261.58,11.38,0.387,3.572
2026-02-25,CMP1001,App_Download_Push,Connected TV,Atlantic,0.861,62115,,211.28,43.93,3207.47,3.4,,15.181
2026-02-09,CMP1000,Winter_Storm_Alert_Promo,Search,Alberta,0.796,76291,1038.6,822.18,28.98,1832.35,10.78,0.792,2.229
2026-03-29,CMP1007,B2B_Partner_Coop,Search,Atlantic,0.305,59304,834.2,298.25,48.5,3400.55,5.03,0.358,11.402
2025-11-27,CMP1002,Premium_Upgrade_Q1,Video,Alberta,0.377,44795,577.0,470.49,24.37,2211.72,10.5,0.815,4.701
2025-12-13,CMP1005,Local_News_Sponsorship,Video,British Columbia,0.669,15397,319.8,126.06,13.36,66.78,8.19,0.394,0.53
2025-11-09,CMP1005,Local_News_Sponsorship,Native,Alberta,0.317,32766,366.7,183.21,15.56,1238.43,5.59,0.5,6.76
2026-04-07,CMP1006,Spring_Forecast_Launch,Native,Atlantic,0.421,43667,502.9,471.62,27.38,1870.56,10.8,,3.966
2026-01-23,CMP1003,Severe_Weather_Awareness,Connected TV,British Columbia,0.64,86790,740.8,728.9,29.8,2869.88,8.4,0.984,3.937
2026-03-07,CMP1001,App_Download_Push,Video,Alberta,0.496,86026,1439.9,831.43,87.85,4284.81,9.66,0.577,5.154
2026-04-25,CMP1001,App_Download_Push,Video,Atlantic,0.536,66723,619.9,520.56,12.4,738.79,7.8,0.84,1.419
2026-03-02,CMP1001,App_Download_Push,Video,Alberta,0.593,16394,194.0,62.84,6.74,386.89,3.83,0.324,6.157
2026-02-23,CMP1004,Brand_Lift_National,Video,British Columbia,0.77,47407,750.4,515.75,25.77,1438.24,10.88,0.687,2.789
2026-01-23,CMP1005,Local_News_Sponsorship,Display,British Columbia,0.64,46630,742.0,432.78,48.94,3177.45,9.28,0.583,7.342
2026-02-09,CMP1006,Spring_Forecast_Launch,Native,Quebec,0.796,47786,789.3,393.3,13.04,762.36,8.23,0.498,1.938
2026-02-15,CMP1001,App_Download_Push,Native,Atlantic,0.683,45633,844.8,184.21,49.64,4213.76,4.04,0.218,22.874
2026-02-09,CMP1004,Brand_Lift_National,Search,Atlantic,0.796,72256,976.8,947.74,47.54,2908.65,13.12,0.97,3.069
2026-04-22,CMP1004,Brand_Lift_National,Search,Alberta,0.651,41294,490.9,243.37,16.13,969.11,5.89,0.496,3.982
2026-04-05,CMP1003,Severe_Weather_Awareness,Search,Quebec,0.569,77922,1107.8,1026.19,30.78,2248.11,13.17,0.926,2.191
2026-03-29,CMP1000,Winter_Storm_Alert_Promo,Video,Atlantic,0.305,79441,1551.0,663.7,29.63,1830.58,8.35,0.428,2.758
2025-12-23,CMP1002,Premium_Upgrade_Q1,Search,Ontario,0.976,73596,1593.6,852.5,56.74,5573.01,11.58,0.535,6.537
2026-02-07,CMP1004,Brand_Lift_National,Native,Ontario,0.895,55912,83.6,265.38,5.53,232.65,4.75,3.174,0.877
2026-02-08,CMP1000,Winter_Storm_Alert_Promo,Search,Atlantic,0.685,60293,497.4,572.31,14.36,892.04,9.49,1.151,1.559
2025-11-16,CMP1004,Brand_Lift_National,Native,Ontario,0.307,69207,1112.7,486.98,38.32,1797.39,7.04,0.438,3.691
2026-01-15,CMP1001,App_Download_Push,Display,Atlantic,0.822,49543,959.2,349.01,31.6,1727.54,7.04,0.364,4.95
2026-01-08,CMP1003,Severe_Weather_Awareness,Connected TV,British Columbia  ,0.789,57283,909.4,751.56,27.43,2216.53,13.12,0.826,2.949
2025-11-02,CMP1004,Brand_Lift_National,Search,Atlantic,0.14,32918,792.3,332.27,23.38,1045.88,10.09,0.419,3.148
2026-01-30,CMP1002,Premium_Upgrade_Q1,Display,Ontario,0.87,48995,1181.3,257.97,23.01,1060.28,5.27,0.218,4.11
2026-02-15,CMP1003,Severe_Weather_Awareness,Video,Quebec,0.683,37120,804.8,239.08,39.38,2634.48,6.44,0.297,11.019
2026-02-23,CMP1000,Winter_Storm_Alert_Promo,Search,Alberta,0.77,47520,811.8,397.46,27.41,2146.22,8.36,0.49,5.4
2025-12-27,CMP1000,Winter_Storm_Alert_Promo,Video,Ontario,0.815,123508,1226.3,2154.0,46.89,5921.42,17.44,1.756,2.749
2026-01-31,CMP1005,Local_News_Sponsorship,Native,Alberta,0.712,46191,448.9,153.96,19.35,1401.17,3.33,0.343,9.101
2025-11-26,CMP1004,Brand_Lift_National,Search,British Columbia,0.145,62711,578.5,585.28,4.41,283.5,9.33,1.012,0.484
2026-01-21,CMP1000,Winter_Storm_Alert_Promo,Native,Ontario,0.92,46552,587.7,523.71,25.67,2160.34,11.25,0.891,4.125
2026-04-12,CMP1003,Severe_Weather_Awareness,Connected TV,Quebec,0.306,59363,412.9,583.75,18.77,1926.25,9.83,1.414,3.3
2025-12-08,CMP1005,Local_News_Sponsorship,Video,British Columbia,0.915,44039,598.4,358.53,14.89,1344.66,8.14,0.599,3.75
2026-01-31,CMP1003,Severe_Weather_Awareness,Search,Quebec,0.712,76374,1777.6,929.13,70.01,2745.44,12.17,0.523,2.955
2026-02-18,CMP1001,App_Download_Push,Native,Atlantic,0.616,45109,315.7,419.23,11.75,299.55,9.29,1.328,0.715
2026-01-26,CMP1004,Brand_Lift_National,Native,Alberta,0.704,60610,1209.6,415.77,21.7,2073.24,6.86,0.344,4.986
2026-01-17,CMP1000,Winter_Storm_Alert_Promo,Display,Alberta,0.604,83684,1527.6,918.0,62.36,7285.46,10.97,0.601,7.936
2026-04-07,CMP1001,App_Download_Push,Native,Atlantic,0.421,33173,426.8,294.47,11.22,535.02,8.88,0.69,1.817
2026-01-20,CMP1002,Premium_Upgrade_Q1,Native,Quebec,0.941,47290,521.4,431.0,28.69,2055.66,9.11,0.827,4.77
2026-01-18,CMP1004,Brand_Lift_National,Display,British Columbia,0.731,98416,1334.0,1298.85,57.0,2471.6,13.2,0.974,1.903
2025-12-09,CMP1005,Local_News_Sponsorship,Connected TV,British Columbia,0.866,61918,1026.4,628.58,40.82,2351.65,10.15,0.612,3.741
2025-11-04,CMP1007,B2B_Partner_Coop,Display,British Columbia,0.314,47136,353.4,460.9,16.21,474.45,9.78,1.304,1.029
2026-02-14,CMP1000,Winter_Storm_Alert_Promo,Display,Alberta,0.844,49796,1511.4,391.94,66.76,4663.41,7.87,0.259,11.898
2026-03-08,CMP1004,Brand_Lift_National,Display,British Columbia,0.319,24996,608.7,164.02,25.1,1714.43,6.56,0.269,10.453
2025-11-27,CMP1007,B2B_Partner_Coop,Native,Quebec,0.377,41810,849.3,491.73,44.11,4501.29,11.76,0.579,9.154
2025-12-14,CMP1002,Premium_Upgrade_Q1,Search,,0.816,67896,,,56.81,3503.89,10.37,,4.977
2025-12-25,CMP1003,Severe_Weather_Awareness,Connected TV,Alberta,0.638,61109,916.2,431.56,31.57,2344.29,7.06,0.471,5.432
2026-03-29,CMP1006,Spring_Forecast_Launch,Display,Quebec,0.305,34566,613.3,246.83,26.67,1007.17,7.14,0.402,4.08
2026-01-02,CMP1003,Severe_Weather_Awareness,Connected TV,Quebec,0.632,46500,1202.8,546.13,80.13,5417.92,11.74,0.454,9.921
2025-11-18,CMP1000,Winter_Storm_Alert_Promo,Search,British Columbia,0.198,41422,469.7,590.24,18.16,1741.27,14.25,1.257,2.95
2025-12-10,CMP1003,Severe_Weather_Awareness,Search,Quebec,0.987,51514,733.8,305.16,28.95,2457.42,5.92,0.416,8.053
2025-11-03,CMP1001,App_Download_Push,Search,Alberta,0.147,63627,750.6,370.67,22.66,1666.61,5.83,0.494,4.496
2025-12-02,CMP1002,Premium_Upgrade_Q1,Native,British Columbia,0.662,64856,698.9,391.43,20.39,1221.37,6.04,0.56,3.12
2026-02-09,CMP1004,Brand_Lift_National,Display,Alberta,0.796,34390,614.7,305.23,21.81,528.7,8.88,0.497,1.732
2026-01-29,CMP1004,Brand_Lift_National,Search,Quebec,0.875,58016,1170.6,594.12,36.68,4073.2,10.24,0.508,6.856
2025-11-16,CMP1005,Local_News_Sponsorship,Display,Ontario,0.307,55112,291.3,484.15,16.37,671.83,8.78,1.662,1.388
2026-01-18,CMP1002,Premium_Upgrade_Q1,Video,Ontario,0.731,69714,842.2,934.76,45.58,3435.33,13.41,1.11,3.675
2026-02-11,CMP1000,Winter_Storm_Alert_Promo,Connected TV,Ontario,0.956,41102,1315.3,150.94,43.7,1903.85,3.67,0.115,12.613
2025-12-15,CMP1003,Severe_Weather_Awareness,Native,Ontario,0.976,76664,1331.9,364.66,65.07,5049.01,4.76,0.274,13.846
2026-04-16,CMP1000,Winter_Storm_Alert_Promo,Display,Atlantic,0.544,57464,869.4,470.28,35.21,3321.8,8.18,0.541,7.063
2025-11-14,CMP1003,Severe_Weather_Awareness,Search,British Columbia,0.127,69481,786.2,484.22,39.33,3440.15,6.97,0.616,7.105
2025-12-06,CMP1003,Severe_Weather_Awareness,Video,British Columbia,0.682,76306,847.7,658.44,19.32,1421.82,8.63,0.777,2.159
2025-11-02,CMP1003,Severe_Weather_Awareness,Video,Quebec,0.14,66664,1312.9,534.87,75.58,6047.85,8.02,0.407,11.307
2026-02-21,CMP1000,Winter_Storm_Alert_Promo,Display,Ontario,0.763,59196,369.7,462.04,15.41,968.09,7.81,1.25,2.095
2026-01-01,CMP1004,Brand_Lift_National,Display,Ontario,0.954,46959,823.6,-316.08,27.28,1645.09,6.73,0.384,5.205
2026-01-12,CMP1000,Winter_Storm_Alert_Promo,Video,Alberta,0.694,52292,577.2,52.29,33.15,2373.21,1.0,0.091,45.383
2025-12-10,CMP1000,Winter_Storm_Alert_Promo,Video,Alberta,0.987,58933,840.4,591.04,42.08,2354.25,10.03,0.703,3.983
2026-03-01,CMP1003,Severe_Weather_Awareness,Video,British Columbia,0.6,36754,374.3,365.23,20.28,1616.6,9.94,0.976,4.426
2025-12-01,CMP1005,Local_News_Sponsorship,Display,Atlantic,0.68,30907,291.0,242.05,18.65,681.47,7.83,0.832,2.815
2026-03-01,CMP1003,Severe_Weather_Awareness,Display,Ontario,0.6,72067,826.0,655.94,18.55,1391.77,9.1,0.794,2.122
2026-04-01,CMP1001,App_Download_Push,Connected TV,Ontario,0.668,44380,891.1,494.56,65.89,3189.17,11.14,0.555,6.448
2026-01-26,CMP1005,Local_News_Sponsorship,Display,Alberta,0.704,72460,1533.1,816.83,37.89,2795.98,11.27,0.533,3.423
2026-03-01,CMP1007,B2B_Partner_Coop,Display,British Columbia,0.6,66836,409.9,665.72,11.81,978.55,9.96,1.624,1.47
2025-11-10,CMP1002,Premium_Upgrade_Q1,Connected TV,Ontario,0.221,54832,975.8,370.3,37.73,1246.41,6.75,0.379,3.366
2026-01-30,CMP1002,Premium_Upgrade_Q1,Video,Atlantic,0.87,53103,802.9,297.41,35.3,1920.9,5.6,0.37,6.459
2026-04-20,CMP1001,App_Download_Push,Search,Ontario,0.615,47759,488.1,395.53,1.78,51.48,8.28,0.81,0.13
2026-04-04,CMP1005,Local_News_Sponsorship,Display,Ontario,0.634,40157,754.1,386.95,22.65,1602.42,9.64,0.513,4.141
2025-12-31,CMP1001,App_Download_Push,Connected TV,British Columbia,0.82,48246,480.1,491.03,26.81,1355.96,10.18,1.023,2.761
2026-01-07,CMP1001,App_Download_Push,Video,Atlantic,1.0,71266,669.2,806.09,11.26,606.74,11.31,,0.753
2026-02-01,CMP1002,Premium_Upgrade_Q1,Search,Ontario,0.705,41703,119.5,400.76,6.1,295.63,9.61,3.355,0.738
2026-04-29,CMP1001,App_Download_Push,Video,Ontario,0.619,41458,744.2,331.56,25.38,1828.68,8.0,0.446,5.515
2026-03-01,CMP1002,Premium_Upgrade_Q1,Display,Atlantic,0.6,58072,928.5,311.91,28.4,2057.1,5.37,0.336,6.595
2026-01-05,CMP1001,App_Download_Push,Native,British Columbia,0.64,51922,1070.6,468.16,42.1,1666.37,9.02,0.437,3.559
2026-02-15,CMP1006,Spring_Forecast_Launch,Connected TV,British Columbia,0.683,61058,422.4,736.64,9.77,703.49,12.06,1.744,0.955
2026-01-15,CMP1004,Brand_Lift_National,Search,Alberta,0.822,42912,575.4,376.94,19.55,1442.56,8.78,0.655,3.827
2026-02-01,CMP1000,Winter_Storm_Alert_Promo,Native,Atlantic,0.705,52194,764.1,244.17,44.75,2717.15,4.68,0.32,11.128
2026-04-24,CMP1006,Spring_Forecast_Launch,Video,Quebec,0.658,45000,847.0,484.25,35.0,3013.51,10.76,0.572,6.223
2026-04-19,CMP1003,Severe_Weather_Awareness,Connected TV,British Columbia,0.531,88163,2362.3,857.03,110.61,6443.7,9.72,0.363,7.519
2025-12-16,CMP1001,App_Download_Push,Display,Atlantic,0.729,43745,1191.8,227.46,55.28,3868.14,5.2,0.191,17.006
2026-02-12,CMP1007,B2B_Partner_Coop,Connected TV,Ontario,0.805,58870,1967.3,515.15,34.76,3402.32,8.75,0.262,6.604
2026-01-05,CMP1000,Winter_Storm_Alert_Promo,Search,British Columbia,0.64,72038,285.1,741.22,12.03,884.03,10.29,2.6,1.193
2025-11-19,CMP1001,App_Download_Push,Video,Ontario,0.142,35105,451.3,178.86,8.43,409.18,5.09,0.396,2.288
2026-03-31,CMP1000,Winter_Storm_Alert_Promo,Display,British Columbia,0.39,48949,674.0,391.48,24.04,2034.38,8.0,0.581,5.197
2026-02-23,CMP1003,Severe_Weather_Awareness,Connected TV,Quebec,0.77,86833,3041.4,655.09,86.67,7098.48,7.54,0.215,10.836
2025-12-28,CMP1003,Severe_Weather_Awareness,Display,Atlantic,0.826,42078,385.2,367.52,22.65,2169.25,8.73,0.954,5.902
2025-12-28,CMP1001,App_Download_Push,Native,British Columbia,0.826,52638,468.9,565.75,8.4,498.1,10.75,1.207,0.88
2026-04-28,CMP1007,B2B_Partner_Coop,Connected TV,Atlantic,0.676,40070,1016.1,294.3,50.59,3556.73,7.34,0.29,12.085
2026-03-08,CMP1004,Brand_Lift_National,Connected TV,British Columbia,0.319,38055,439.5,148.84,29.71,2482.18,3.91,0.339,16.676
2026-02-17,CMP1006,Spring_Forecast_Launch,Display,Atlantic,0.614,65972,1094.3,651.01,64.73,4304.59,9.87,0.595,6.612
2026-04-26,CMP1000,Winter_Storm_Alert_Promo,Search,Ontario,0.419,42295,527.2,280.64,23.95,1761.38,6.64,0.532,6.276
2025-12-04,CMP1001,App_Download_Push,Search,British Columbia,0.786,151721,2866.2,1657.93,78.47,4669.31,10.93,0.578,2.816
2026-02-09,CMP1002,Premium_Upgrade_Q1,Search,Quebec,0.796,52292,634.7,620.73,11.05,642.96,11.87,0.978,1.036
2026-02-14,CMP1006,Spring_Forecast_Launch,Display,Alberta,0.844,32050,624.3,163.26,12.51,815.12,5.09,0.262,4.993
2026-02-21,CMP1005,Local_News_Sponsorship,video,Quebec,0.763,82405,231.8,817.7,13.0,1353.39,9.92,3.527,1.655
2025-12-29,CMP1000,Winter_Storm_Alert_Promo,Native,Atlantic,0.631,63585,608.8,426.34,23.87,720.13,6.71,0.7,1.689
2025-11-03,CMP1006,Spring_Forecast_Launch,Display,Quebec,0.147,63394,890.2,435.37,42.93,2951.88,6.87,0.489,6.78
2025-11-01,CMP1007,B2B_Partner_Coop,Search,Ontario,0.332,62510,935.7,505.8,42.17,3927.9,8.09,0.541,7.766
2026-02-21,CMP1004,Brand_Lift_National,Connected TV,British Columbia,0.763,66785,1943.8,654.52,61.6,3932.21,9.8,0.337,6.008
2025-12-20,CMP1001,App_Download_Push,Video,Ontario,0.912,77442,2221.3,703.27,45.2,2429.64,9.08,0.317,3.455
2025-12-20,CMP1007,B2B_Partner_Coop,Video,Atlantic,0.912,55455,55.5,426.5,2.57,251.54,7.69,7.691,0.59
2025-11-23,CMP1002,Premium_Upgrade_Q1,Display,Ontario,0.383,45981,1364.6,207.51,33.14,1464.26,4.51,0.152,7.056
2026-01-07,CMP1000,Winter_Storm_Alert_Promo,Native,Alberta,1.0,65152,,550.64,54.68,4721.1,8.45,,8.574
2026-03-28,CMP1004,Brand_Lift_National,Connected TV,Atlantic,0.634,58003,1120.5,525.3,35.3,2095.59,9.06,0.469,3.989
2026-04-28,CMP1003,Severe_Weather_Awareness,Native,Alberta,0.676,50970,881.1,50.97,46.98,3632.01,1.0,0.058,71.256
2026-03-28,CMP1004,Brand_Lift_National,Display,Ontario,0.634,47043,1201.7,668.13,44.91,2515.46,14.2,0.556,3.765
2025-12-19,CMP1007,B2B_Partner_Coop,Display,Alberta,0.843,41675,462.1,377.71,19.98,1563.34,9.06,0.817,4.139
2026-04-21,CMP1007,B2B_Partner_Coop,Search,Ontario,0.505,31859,573.1,260.49,22.8,1153.35,8.18,0.455,4.428
2025-11-27,CMP1001,App_Download_Push,Video,Ontario,0.377,76627,1145.9,721.51,30.12,2138.6,9.42,0.63,2.964
2026-03-27,CMP1004,Brand_Lift_National,Display,Quebec,0.462,89203,909.4,1967.81,27.9,2242.26,22.06,2.164,1.139
2025-11-28,CMP1001,App_Download_Push,Native,Alberta,0.382,75014,964.1,691.52,40.8,411.6,9.22,0.717,0.595
2026-04-26,CMP1003,Severe_Weather_Awareness,Search,Atlantic,0.419,51477,240.2,454.77,11.51,748.72,8.83,1.893,1.646
2025-12-18,CMP1002,Premium_Upgrade_Q1,Search,Alberta,0.95,41843,336.6,406.25,11.52,593.88,9.71,1.207,1.462
2026-01-06,CMP1000,Winter_Storm_Alert_Promo,Native,British Columbia,0.77,82155,1397.3,871.13,65.83,1386.77,10.6,0.623,1.592
2026-01-01,CMP1005,Local_News_Sponsorship,Connected TV,Ontario,0.954,34125,712.5,301.93,21.2,1882.06,8.85,0.424,6.233
2026-02-20,CMP1000,Winter_Storm_Alert_Promo,Video,British Columbia,0.916,78068,1423.3,448.62,72.52,3508.72,5.75,0.315,7.821
2025-11-16,CMP1002,Premium_Upgrade_Q1,Display,Atlantic,0.307,58397,1013.8,370.54,53.59,2291.25,6.35,0.366,6.184
2025-12-10,CMP1001,App_Download_Push,Video,Atlantic,0.987,67725,1492.2,240.55,2.44,139.08,3.55,0.161,0.578
2026-04-28,CMP1001,App_Download_Push,Connected TV,Alberta,0.676,61568,1746.4,763.05,72.68,3652.3,12.39,0.437,4.786
2026-04-05,CMP1002,Premium_Upgrade_Q1,Search,Quebec,0.569,60529,1290.7,488.5,106.65,10238.61,8.07,0.378,20.959
2025-12-05,CMP1001,App_Download_Push,Connected TV,Ontario,0.781,56141,1637.9,531.91,58.1,3037.94,9.47,0.325,5.711
2026-04-13,CMP1007,B2B_Partner_Coop,Video,Alberta,0.602,61171,1238.9,394.57,1.24,74.66,6.45,0.318,0.189
2026-03-06,CMP1000,Winter_Storm_Alert_Promo,Search,Atlantic,0.632,52948,1078.5,389.29,38.7,2775.71,7.35,0.361,7.13
2025-11-28,CMP1007,B2B_Partner_Coop,Display,Quebec,0.382,82602,1122.7,952.35,20.22,1054.08,11.53,0.848,1.107
2026-03-11,CMP1001,App_Download_Push,Native,British Columbia,0.66,75874,1116.3,459.68,36.39,3242.32,6.06,0.412,7.053
2026-02-17,CMP1005,Local_News_Sponsorship,Native,British Columbia,0.614,21082,282.0,205.11,13.56,1310.15,9.73,0.727,6.388
2026-02-14,CMP1000,Winter_Storm_Alert_Promo,Display,Ontario,0.844,77651,1138.3,284.64,32.34,2030.04,3.67,0.25,7.132
2025-11-19,CMP1000,Winter_Storm_Alert_Promo,Video,Atlantic,0.142,60616,674.7,566.83,18.12,953.35,9.35,0.84,1.682
2025-11-07,CMP1006,Spring_Forecast_Launch,Connected TV,Quebec,0.262,61020,1221.5,753.14,75.42,4336.64,12.34,0.617,5.758
2026-04-13,CMP1003,Severe_Weather_Awareness,Connected TV,Quebec,0.602,54705,650.7,338.8,20.9,1371.63,6.19,0.521,4.048
2026-02-07,CMP1007,B2B_Partner_Coop,Native,Ontario,0.895,56859,903.9,590.22,29.84,1117.5,10.38,0.653,1.893
2026-04-06,CMP1004,Brand_Lift_National,Connected TV,Atlantic,0.315,43575,645.4,234.02,50.78,1904.41,5.37,0.363,8.138
2026-01-23,CMP1002,Premium_Upgrade_Q1,Video,British Columbia,0.64,57283,982.4,575.05,48.22,2325.56,10.04,0.585,4.044
2026-01-10,CMP1005,Local_News_Sponsorship,Native,Alberta,0.617,46342,592.1,512.49,29.95,1894.4,11.06,0.866,3.696
2026-03-02,CMP1000,Winter_Storm_Alert_Promo,Connected TV,Atlantic,0.593,58927,1013.0,513.91,48.4,1662.21,8.72,0.507,3.234
2026-02-12,CMP1001,App_Download_Push,Display,Alberta,0.805,38147,760.3,438.8,27.51,1778.38,11.5,0.577,4.053
2025-12-18,CMP1001,App_Download_Push,Video,Ontario,0.95,65149,793.4,558.28,54.62,1409.36,8.57,0.704,2.524
2026-04-26,CMP1001,App_Download_Push,Connected TV,Ontario,0.419,91249,1068.0,545.5,63.43,2848.4,5.98,0.511,5.222
2026-03-13,CMP1007,B2B_Partner_Coop,Video,Ontario,0.33,38859,844.2,375.38,41.85,2698.86,9.66,0.445,7.19
2026-03-02,CMP1004,Brand_Lift_National,Display,British Columbia,0.593,64297,887.7,804.74,46.78,3079.37,12.52,0.907,3.827
2026-03-06,CMP1005,Local_News_Sponsorship,Video,British Columbia,0.632,56257,1170.1,378.72,45.9,3607.13,6.73,0.324,9.525
2026-01-15,CMP1000,Winter_Storm_Alert_Promo,Display,Alberta,0.822,63495,1135.9,484.52,62.87,4343.97,7.63,0.427,8.965
2025-11-13,CMP1006,Spring_Forecast_Launch,Connected TV,Alberta,0.34,80014,272.9,927.22,10.97,955.53,11.59,3.398,1.031
2025-12-13,CMP1004,Brand_Lift_National,Video,Alberta,0.669,42463,353.2,349.32,19.9,1377.52,8.23,0.989,3.943
2026-01-17,CMP1004,Brand_Lift_National,Connected TV,Alberta,0.604,62542,898.8,531.88,40.85,3050.66,8.5,0.592,5.736
2026-04-13,CMP1001,App_Download_Push,Connected TV,Atlantic,0.602,35268,269.7,292.0,14.15,816.26,8.28,1.083,2.795
2026-02-24,CMP1004,Brand_Lift_National,Search,Quebec,0.857,38602,251.5,376.07,0.57,21.8,9.74,1.495,0.058
2026-02-09,CMP1000,Winter_Storm_Alert_Promo,Connected TV,Alberta,0.796,90439,762.4,615.02,12.07,471.88,6.8,0.807,0.767
2025-11-24,CMP1004,Brand_Lift_National,Native,Alberta,0.166,63751,814.5,705.45,32.34,1572.8,11.07,0.866,2.23
2026-01-23,CMP1002,Premium_Upgrade_Q1,Search,Atlantic,0.64,65713,794.3,552.21,30.53,1596.5,8.4,0.695,2.891
2026-02-03,CMP1001,App_Download_Push,Native,Quebec,0.628,44513,509.3,276.17,23.44,2318.78,6.2,0.542,8.396
2025-11-02,CMP1000,Winter_Storm_Alert_Promo,Display,British Columbia,0.14,68957,1587.7,559.5,46.93,2840.56,8.11,0.352,5.077
2026-03-07,CMP1000,Winter_Storm_Alert_Promo,Display,Alberta,0.496,36007,649.9,177.97,18.67,740.23,4.94,0.274,4.159
2026-01-11,CMP1004,Brand_Lift_National,Video,Alberta,0.837,71102,1088.6,686.66,29.46,1540.03,9.66,0.631,2.243
2025-11-13,CMP1000,Winter_Storm_Alert_Promo,Connected TV,Quebec,0.34,52542,1635.0,377.81,75.76,6543.07,7.19,0.231,17.318
2025-12-17,CMP1004,Brand_Lift_National,Search,Quebec,0.82,28452,419.0,251.09,16.98,1191.93,8.82,0.599,4.747
2025-12-17,CMP1004,Brand_Lift_National,Display,Quebec,0.82,67296,608.5,519.14,30.84,2255.54,7.71,0.853,4.345
2026-03-28,CMP1002,Premium_Upgrade_Q1,Search,Alberta,0.634,46964,1122.2,354.47,73.61,5162.51,7.55,0.316,14.564
2026-04-29,CMP1003,Severe_Weather_Awareness,Video,Alberta,0.619,49034,1011.7,556.55,36.66,2790.07,11.35,0.55,5.013
2026-03-03,CMP1002,Premium_Upgrade_Q1,Search,Atlantic,0.369,57551,959.7,395.12,29.99,1986.17,6.87,0.412,5.027
2026-02-06,CMP1003,Severe_Weather_Awareness,Native,Quebec,0.755,56607,1547.3,339.33,32.2,2231.21,5.99,0.219,6.575
2026-03-23,CMP1002,Premium_Upgrade_Q1,Video,Quebec,0.372,33002,51.3,114.86,1.8,112.08,3.48,2.238,0.976
2026-04-11,CMP1007,B2B_Partner_Coop,Connected TV,British Columbia,0.61,75225,1114.9,529.12,50.04,3309.63,7.03,0.475,6.255
2025-11-27,CMP1000,Winter_Storm_Alert_Promo,Video,British Columbia,0.377,52203,1108.6,288.77,40.42,2779.55,5.53,0.26,9.625
2025-12-07,CMP1006,Spring_Forecast_Launch,Search,Atlantic,0.618,50875,1209.8,534.24,54.12,3169.25,10.5,0.442,5.932
2025-12-02,CMP1002,Premium_Upgrade_Q1,Search,,0.662,67165,,481.45,51.43,4800.04,7.17,,9.97
2026-03-22,CMP1007,B2B_Partner_Coop,Search,Atlantic,0.353,31557,595.1,227.49,20.81,1042.61,7.21,0.382,4.583
2026-04-05,CMP1007,B2B_Partner_Coop,Display,Alberta,0.569,74972,1217.5,721.43,51.63,3802.92,9.62,0.593,5.271
2025-12-25,CMP1007,B2B_Partner_Coop,Connected TV,Ontario,0.638,40513,870.3,423.41,20.05,787.04,10.45,0.487,1.859
2026-01-02,CMP1003,Severe_Weather_Awareness,Native,Atlantic,0.632,74285,1447.2,552.74,31.19,2202.26,7.44,0.382,3.984
2026-01-06,CMP1006,Spring_Forecast_Launch,Search,Atlantic,0.77,72502,743.3,677.23,36.98,2872.22,9.34,0.911,4.241
2025-12-06,CMP1004,Brand_Lift_National,Video,Atlantic,0.682,57481,1287.4,351.23,52.93,2532.4,6.11,0.273,7.21
2025-12-25,CMP1005,Local_News_Sponsorship,Search,British Columbia,0.638,39674,708.0,334.33,24.0,1520.01,8.43,0.472,4.546
2026-03-04,CMP1002,Premium_Upgrade_Q1,Native,Ontario,0.424,43435,814.0,493.62,24.82,1598.66,11.36,0.606,3.239
2025-12-13,CMP1000,Winter_Storm_Alert_Promo,Video,Alberta,0.669,34743,506.7,226.44,20.87,1175.31,6.52,,5.19
2025-11-14,CMP1001,App_Download_Push,Search,Alberta,0.127,29666,589.5,280.5,22.02,1126.65,9.46,0.476,4.016
2026-02-20,CMP1004,Brand_Lift_National,Search,Quebec,0.916,64756,857.5,381.59,24.54,1476.99,5.89,0.445,3.871
2026-04-16,CMP1000,Winter_Storm_Alert_Promo,Video,Ontario,0.544,42875,889.4,484.11,52.3,3508.8,11.29,0.544,7.248
2026-02-22,CMP1005,Local_News_Sponsorship,Video,British Columbia,0.625,71616,567.1,647.72,29.24,1597.16,9.04,1.142,2.466
2026-02-15,CMP1001,App_Download_Push,Display,Quebec,0.683,26781,223.0,289.14,6.47,382.03,10.8,1.296,1.321
2026-04-27,CMP1006,Spring_Forecast_Launch,Native,Quebec,0.511,65962,1635.1,624.83,85.77,6416.67,9.47,0.382,10.269
2025-12-17,CMP1000,Winter_Storm_Alert_Promo,Search,Quebec,0.82,74673,1371.7,530.43,77.63,4065.95,7.1,0.387,7.665
2025-12-09,CMP1004,Brand_Lift_National,Display,Alberta,0.866,64673,428.1,624.08,2.24,195.55,9.65,1.458,0.313
2026-04-15,CMP1002,Premium_Upgrade_Q1,Connected TV,Ontario,0.56,57484,1019.9,606.98,56.07,3181.73,10.56,0.595,5.242
2026-03-25,CMP1000,Winter_Storm_Alert_Promo,Search,Ontario,0.47,37431,293.1,346.82,16.04,1053.26,9.27,1.183,3.037
2026-03-28,CMP1005,Local_News_Sponsorship,Connected TV,British Columbia,0.634,52158,167.4,737.05,6.11,574.27,14.13,4.404,0.779
2025-12-11,CMP1004,Brand_Lift_National,Native,Quebec,0.982,27015,436.8,152.33,15.11,556.26,5.64,0.349,3.652
2025-11-03,CMP1003,Severe_Weather_Awareness,Video,British Columbia,0.147,57149,312.2,189.6,7.25,405.02,3.32,0.607,2.136
2026-04-01,CMP1004,Brand_Lift_National,Connected TV,Quebec,0.668,69073,406.5,700.21,10.04,427.85,10.14,1.722,0.611
2026-04-22,CMP1002,Premium_Upgrade_Q1,Video,British Columbia,0.651,50452,770.3,188.62,35.26,3407.81,3.74,0.245,18.067
2026-01-23,CMP1003,Severe_Weather_Awareness,Connected TV,Alberta,0.64,69693,1282.8,662.06,63.37,3200.65,9.5,0.516,4.834
2025-11-01,CMP1006,Spring_Forecast_Launch,Video,Quebec,0.332,54748,1184.6,524.04,74.67,5127.51,9.57,0.442,9.784
2026-03-15,CMP1007,B2B_Partner_Coop,Video,British Columbia,0.615,58576,950.9,590.28,46.49,3483.09,10.08,0.621,5.901
2026-04-03,CMP1007,B2B_Partner_Coop,Display,British Columbia,0.601,83623,1477.5,612.29,52.22,2211.63,7.32,0.414,3.612
2025-11-30,CMP1007,B2B_Partner_Coop,Native,British Columbia,0.151,60183,1303.0,649.36,63.66,3295.94,10.79,0.498,5.076
2026-02-10,CMP1003,Severe_Weather_Awareness,Native,British Columbia,0.709,110640,2240.3,1943.17,103.98,6651.93,17.56,0.867,3.423
2026-03-22,CMP1002,Premium_Upgrade_Q1,Search,Atlantic,0.353,46166,988.9,272.4,37.93,4541.44,5.9,0.275,16.672
2026-01-29,CMP1007,B2B_Partner_Coop,Video,Alberta,0.875,26606,212.9,176.16,7.88,356.78,6.62,0.827,2.025
2026-01-26,CMP1006,Spring_Forecast_Launch,Video,Ontario,0.704,36933,575.1,314.07,7.36,480.93,8.5,0.546,1.531
2026-02-23,CMP1004,Brand_Lift_National,Search,Atlantic,0.77,54195,990.4,434.31,33.41,2202.74,8.01,0.439,5.072
2025-11-10,CMP1007,B2B_Partner_Coop,Video,Ontario,0.221,31710,301.0,492.27,10.0,664.63,15.52,1.635,1.35
2025-11-22,CMP1003,Severe_Weather_Awareness,Video,Quebec,0.317,24008,93.3,147.34,5.62,570.69,6.14,1.579,3.873
2026-04-11,CMP1002,Premium_Upgrade_Q1,Search,Atlantic,0.61,49141,295.1,291.11,16.0,1157.62,5.92,0.987,3.977
2025-12-07,CMP1002,Premium_Upgrade_Q1,Native,Alberta,0.618,62050,1483.8,293.94,47.41,3481.01,4.74,0.198,11.842
2026-03-21,CMP1003,Severe_Weather_Awareness,Video,Alberta  ,0.352,67080,1253.6,502.8,57.18,3807.17,7.5,0.401,7.572
2025-11-18,CMP1001,App_Download_Push,Video,Quebec,0.198,53085,867.0,634.87,43.01,4195.75,11.96,0.732,6.609
2026-02-15,CMP1004,Brand_Lift_National,Video,Quebec,0.683,64061,536.2,399.5,16.56,1540.88,6.24,0.745,3.857
2026-02-05,CMP1005,Local_News_Sponsorship,Search,British Columbia,0.851,63001,560.1,842.97,37.93,892.32,13.38,1.505,1.059
2025-11-01,CMP1004,Brand_Lift_National,Display,Alberta,0.332,54163,1083.9,508.72,67.14,2768.01,9.39,0.469,5.441
2026-03-02,CMP1007,B2B_Partner_Coop,Connected TV,Ontario,0.593,56623,1103.4,266.36,42.58,3700.59,4.7,0.241,13.893
2026-04-25,CMP1004,Brand_Lift_National,Search,British Columbia,0.536,63043,531.8,494.21,20.73,2141.69,7.84,0.929,4.334
2025-12-31,CMP1007,B2B_Partner_Coop,Video,Ontario,0.82,64577,760.6,204.06,22.73,1726.13,3.16,0.268,8.459
2026-04-02,CMP1006,Spring_Forecast_Launch,Display,Atlantic,0.656,35814,579.6,384.56,22.06,1676.03,10.74,0.663,4.358
2026-01-08,CMP1001,App_Download_Push,Video,Quebec,0.789,66273,788.1,481.71,41.09,2790.67,7.27,0.611,5.793
2026-04-23,CMP1002,Premium_Upgrade_Q1,Display,Atlantic,0.419,85855,645.2,774.65,23.67,1541.87,9.02,1.201,1.99
2026-01-14,CMP1007,B2B_Partner_Coop,Display,Ontario,0.737,45833,1037.4,292.33,36.26,1802.08,6.38,0.282,6.165
2025-12-21,CMP1004,Brand_Lift_National,Connected TV,Atlantic,0.786,56183,610.9,514.32,12.07,671.94,9.15,0.842,1.306
2025-12-28,CMP1005,Local_News_Sponsorship,Video,Alberta,0.826,60862,105.6,581.24,2.8,220.8,9.55,5.503,0.38
2025-12-25,CMP1002,Premium_Upgrade_Q1,Native,British Columbia,0.638,20583,157.9,268.9,6.29,526.48,13.06,1.703,1.958
2026-02-25,CMP1003,Severe_Weather_Awareness,Native,Quebec,0.861,84533,730.4,769.02,26.43,1223.95,9.1,1.053,1.592
2026-01-16,CMP1003,Severe_Weather_Awareness,Video,British Columbia,0.809,51901,900.4,311.89,13.62,969.91,6.01,0.346,3.11
2025-12-26,CMP1006,Spring_Forecast_Launch,Display,British Columbia,0.931,53647,1127.5,533.25,52.58,4191.41,9.94,0.473,7.86
2026-04-01,CMP1002,Premium_Upgrade_Q1,Video,Ontario,0.668,32920,628.8,222.82,0.63,44.35,6.77,0.354,0.199
2025-11-22,CMP1006,Spring_Forecast_Launch,Display,Atlantic,0.317,48467,701.4,447.84,47.53,3171.01,9.24,0.638,7.081
2025-11-16,CMP1004,Brand_Lift_National,Native,Atlantic,0.307,49161,364.5,274.12,7.46,742.71,5.58,0.752,2.709
2026-01-18,CMP1001,App_Download_Push,Search,Atlantic,0.731,85527,1365.2,558.21,1.37,62.1,6.53,0.409,0.111
2026-03-04,CMP1001,App_Download_Push,Search,Quebec,0.424,60908,851.5,302.41,46.24,3412.85,4.96,0.355,11.286
2026-02-15,CMP1002,Premium_Upgrade_Q1,Native,Quebec,0.683,49148,319.1,463.53,23.08,1355.82,9.43,1.452,2.925
2025-11-01,CMP1000,Winter_Storm_Alert_Promo,Display,Atlantic,0.332,59652,1062.1,378.9,48.36,2215.94,6.35,0.357,5.848
2025-11-13,CMP1004,Brand_Lift_National,Display,Ontario,0.34,44811,935.6,525.61,62.38,2973.68,11.73,0.562,5.658
2026-01-10,CMP1005,Local_News_Sponsorship,Connected TV,Atlantic,0.617,63997,617.5,504.41,37.22,2140.33,7.88,0.817,4.243
2025-12-05,CMP1001,App_Download_Push,Native,Atlantic,0.781,57688,1127.5,798.0,44.05,1678.97,13.83,0.708,2.104
2026-04-09,CMP1005,Local_News_Sponsorship,Connected TV,British Columbia,0.673,61640,1234.0,184.68,71.54,6618.79,3.0,0.15,35.84
2026-04-17,CMP1004,Brand_Lift_National,Native,Quebec,0.65,96415,1324.7,999.82,69.19,6073.76,10.37,0.755,6.075
2026-02-10,CMP1003,Severe_Weather_Awareness,Search,Alberta,0.709,113566,2249.2,1356.97,25.17,1897.97,11.95,0.603,1.399
2025-11-03,CMP1005,Local_News_Sponsorship,Native,Atlantic,0.147,52252,1274.3,396.89,32.98,1848.06,7.6,0.311,4.656
2025-11-18,CMP1006,Spring_Forecast_Launch,Native,Alberta,0.198,53419,976.3,486.47,47.21,3028.03,9.11,0.498,6.224
2025-12-05,CMP1007,B2B_Partner_Coop,Native,Quebec,0.781,53562,658.4,386.37,19.65,467.36,7.21,0.587,1.21
2026-04-29,CMP1004,Brand_Lift_National,Display,Atlantic,0.619,60582,1042.7,524.34,55.66,3181.85,8.65,0.503,6.068
2026-04-02,CMP1000,Winter_Storm_Alert_Promo,Video,Ontario,0.656,51007,966.5,602.01,17.42,1746.07,11.8,0.623,2.9
2026-01-25,CMP1005,Local_News_Sponsorship,Display,British Columbia,0.644,35354,292.6,354.13,10.97,891.73,10.02,1.21,2.518
2025-11-08,CMP1004,Brand_Lift_National,Video,Ontario,0.364,70971,419.5,750.37,19.33,635.84,10.57,1.789,0.847
2025-12-13,CMP1000,Winter_Storm_Alert_Promo,Connected TV,Quebec  ,0.669,87259,236.6,754.17,10.18,450.95,8.64,3.188,0.598
2026-01-29,CMP1007,B2B_Partner_Coop,Video,British Columbia,0.875,37754,596.9,213.95,17.51,1680.45,5.67,0.358,7.854
2025-12-23,CMP1007,B2B_Partner_Coop,Search,British Columbia,0.976,64365,1512.4,320.0,113.86,3898.56,4.97,0.212,12.183
2026-03-22,CMP1001,App_Download_Push,Search,Alberta,0.353,41275,879.1,487.55,54.58,1754.17,11.81,0.555,3.598
2026-02-06,CMP1003,Severe_Weather_Awareness,Connected TV,,0.755,73974,,,93.75,7500.33,9.34,,10.857
2026-01-15,CMP1001,App_Download_Push,Display,Ontario,0.822,49794,76.7,480.23,0.64,52.24,9.64,6.26,0.109
2026-02-19,CMP1007,B2B_Partner_Coop,Connected TV,Quebec,0.729,31729,528.1,373.19,29.99,2441.39,11.76,0.707,6.542
2026-01-07,CMP1006,Spring_Forecast_Launch,Display,Atlantic,1.0,69016,95.7,617.41,3.25,174.8,8.95,6.451,0.283
2026-02-24,CMP1001,App_Download_Push,Display,Atlantic,0.857,61122,1215.4,678.05,68.39,6457.43,11.09,0.558,9.524
2026-02-03,CMP1002,Premium_Upgrade_Q1,Display,British Columbia,0.628,67944,1428.0,618.47,27.65,676.83,9.1,0.433,1.094
2026-03-24,CMP1005,Local_News_Sponsorship,Connected TV,Alberta,0.333,65200,748.9,666.5,34.26,1901.62,10.22,0.89,2.853
2026-02-26,CMP1004,Brand_Lift_National,Video,Quebec,0.957,121678,3075.5,1983.39,131.5,9112.94,16.3,0.645,4.595
2026-01-04,CMP1007,B2B_Partner_Coop,Search,Atlantic,0.762,76151,1337.2,667.38,75.41,5347.23,8.76,0.499,8.012
2026-01-04,CMP1004,Brand_Lift_National,Search,British Columbia,0.762,36621,876.2,478.37,48.32,4415.59,13.06,0.546,9.23
2026-03-17,CMP1000,Winter_Storm_Alert_Promo,Native,British Columbia,0.511,87295,1070.0,774.14,37.36,4312.46,8.87,0.723,5.571
2026-02-15,CMP1003,Severe_Weather_Awareness,Video,Ontario,0.683,61217,746.1,730.29,30.49,1450.49,11.93,0.979,1.986
2026-03-17,CMP1003,Severe_Weather_Awareness,Search,Atlantic,0.511,41158,199.8,485.53,6.57,627.98,11.8,2.43,1.293
2025-11-24,CMP1007,B2B_Partner_Coop,Search,British Columbia,0.166,69656,1235.4,360.18,24.81,1877.15,5.17,0.292,5.212
2025-12-29,CMP1005,Local_News_Sponsorship,Video,Alberta,0.631,59375,1602.9,623.76,46.09,1705.4,10.51,0.389,2.734
2026-04-11,CMP1004,Brand_Lift_National,Video,Atlantic,0.61,65582,1529.4,661.43,101.77,7800.4,10.09,0.432,11.793
2026-02-15,CMP1005,Local_News_Sponsorship,Native,Alberta,0.683,56416,883.0,629.38,54.83,2305.08,11.16,0.713,3.662
2026-01-09,CMP1003,Severe_Weather_Awareness,Search,Quebec  ,0.879,74301,818.1,665.01,34.81,1525.1,8.95,0.813,2.293
2026-01-04,CMP1002,Premium_Upgrade_Q1,Search,Quebec,0.762,37176,935.3,291.2,35.06,2635.96,7.83,0.311,9.052
2026-01-25,CMP1003,Severe_Weather_Awareness,Connected TV,Alberta,0.644,67874,1448.7,643.15,86.76,2362.18,9.48,0.444,3.673
2026-01-14,CMP1005,Local_News_Sponsorship,Video,British Columbia,0.737,46612,332.2,541.11,17.65,1431.62,11.61,1.629,2.646
2026-03-27,CMP1007,B2B_Partner_Coop,Video,British Columbia,0.462,109978,3233.0,2243.18,69.78,4369.66,20.4,0.694,1.948
2026-04-26,CMP1005,Local_News_Sponsorship,Video,Quebec,0.419,47752,520.3,500.05,20.23,1990.65,10.47,0.961,3.981
2026-04-01,CMP1004,Brand_Lift_National,Search,Quebec,0.668,63847,1114.9,765.59,43.46,3276.02,11.99,0.687,4.279
2026-04-06,CMP1002,Premium_Upgrade_Q1,Search,Atlantic,0.315,58669,1130.6,421.59,70.9,2223.72,7.19,0.373,5.275
2026-03-13,CMP1006,Spring_Forecast_Launch,Video,Ontario,0.33,68904,564.3,445.36,25.0,802.22,6.46,0.789,1.801
2026-04-26,CMP1005,Local_News_Sponsorship,Native,Alberta,0.419,65390,660.9,384.79,29.15,1239.85,5.88,0.582,3.222
2025-12-12,CMP1006,Spring_Forecast_Launch,Search,Atlantic,0.819,43194,426.0,543.09,17.16,1176.23,12.57,1.275,2.166
2025-11-23,CMP1003,Severe_Weather_Awareness,Display,Quebec,0.383,59124,589.7,606.48,34.53,2209.37,10.26,1.029,3.643
2026-01-01,CMP1000,Winter_Storm_Alert_Promo,Video,Atlantic  ,0.954,79533,1032.2,683.23,24.35,928.11,8.59,0.662,1.358
2026-01-04,CMP1007,B2B_Partner_Coop,Search,Quebec,0.762,42958,242.7,373.89,9.37,362.0,8.7,1.541,0.968
2026-03-02,CMP1007,B2B_Partner_Coop,Native,Quebec,0.593,71324,1865.0,504.49,80.68,4544.58,7.07,0.271,9.008
2026-03-22,CMP1005,Local_News_Sponsorship,Display,Atlantic,0.353,71821,1634.9,265.68,74.96,4716.78,3.7,0.163,17.754
2025-12-29,CMP1006,Spring_Forecast_Launch,Native,Quebec,0.631,60149,682.7,606.43,22.21,1251.35,10.08,0.888,2.063
2025-12-28,CMP1006,Spring_Forecast_Launch,Connected TV,Ontario,0.826,47254,684.7,294.94,16.85,1024.08,6.24,0.431,3.472
2026-04-01,CMP1001,App_Download_Push,Video,Atlantic,0.668,40845,1007.0,387.86,52.07,2517.78,9.5,0.385,6.491
2026-03-19,CMP1000,Winter_Storm_Alert_Promo,Native,Atlantic,0.363,61103,416.5,440.54,9.8,645.4,7.21,1.058,1.465
2026-03-02,CMP1006,Spring_Forecast_Launch,Search,British Columbia,0.593,42675,978.5,474.78,36.49,4230.51,11.13,0.485,8.91
2026-03-04,CMP1000,Winter_Storm_Alert_Promo,Display,British Columbia,0.424,52783,1012.6,504.25,24.58,1236.42,9.55,0.498,2.452
2026-03-10,CMP1002,Premium_Upgrade_Q1,Connected TV,Atlantic  ,0.348,53380,1361.6,316.64,63.43,2810.2,5.93,0.233,8.875
2026-02-28,CMP1001,App_Download_Push,Video,Ontario,0.727,69913,1337.7,443.92,26.38,1988.79,6.35,0.332,4.48
2026-02-17,CMP1003,Severe_Weather_Awareness,Connected TV,Quebec,0.614,64423,1421.2,705.15,23.52,2144.83,10.95,0.496,3.042
2026-02-22,CMP1003,Severe_Weather_Awareness,Display,British Columbia,0.625,70640,642.1,520.67,18.47,1100.32,7.37,0.811,2.113
2026-04-02,CMP1005,Local_News_Sponsorship,Display,Atlantic,0.656,40595,895.7,416.05,52.52,3605.78,10.25,0.465,8.667
2026-03-13,CMP1005,Local_News_Sponsorship,Search,Quebec,0.33,35984,114.8,372.33,3.87,326.2,10.35,3.242,0.876
2026-04-01,CMP1007,B2B_Partner_Coop,Connected TV,Quebec,0.668,59224,984.6,538.61,39.44,2559.23,9.09,0.547,4.752
2025-11-30,CMP1001,App_Download_Push,Search,Ontario,0.151,61229,981.3,469.79,34.42,2180.53,7.67,0.479,4.641
2026-02-28,CMP1005,Local_News_Sponsorship,Connected TV,Quebec,0.727,46180,1140.6,356.41,61.87,4193.05,7.72,0.312,11.765
2025-11-26,CMP1004,Brand_Lift_National,Search,Ontario,0.145,58968,948.4,782.5,50.0,2827.09,13.27,0.825,3.613
2026-03-26,CMP1006,Spring_Forecast_Launch,Search,Ontario,0.595,37562,473.6,396.95,10.46,652.25,10.57,0.838,1.643
2026-04-29,CMP1002,Premium_Upgrade_Q1,Display,Atlantic,0.619,38728,447.4,258.22,24.91,1423.93,6.67,0.577,5.514
2026-04-14,CMP1007,B2B_Partner_Coop,Display,Quebec,0.669,82637,2098.0,736.42,128.04,8831.01,8.91,0.351,11.992
2026-03-30,CMP1004,Brand_Lift_National,Video,Ontario,0.522,55497,779.4,537.11,23.31,1655.81,9.68,,3.083
2026-03-08,CMP1003,Severe_Weather_Awareness,Video,Atlantic,0.319,45983,229.2,419.33,9.02,819.41,9.12,1.83,1.954
2026-04-08,CMP1004,Brand_Lift_National,Video,Alberta,0.4,37920,508.9,332.11,32.27,1225.44,8.76,0.653,3.69
2026-04-10,CMP1003,Severe_Weather_Awareness,Connected TV,Alberta,0.456,61162,1512.9,718.27,35.09,2322.83,11.74,0.475,3.234
2026-02-01,CMP1000,Winter_Storm_Alert_Promo,Video,Ontario,0.705,56844,822.9,315.06,3.45,329.8,5.54,0.383,1.047
2026-04-18,CMP1000,Winter_Storm_Alert_Promo,Connected TV,Alberta,0.601,71215,963.2,482.15,44.91,607.98,6.77,,1.261
2026-01-26,CMP1004,Brand_Lift_National,Video,Alberta,0.704,68792,852.8,552.67,24.74,1345.52,8.03,0.648,2.435
2025-11-13,CMP1003,Severe_Weather_Awareness,Native,Ontario,0.34,53132,647.7,718.75,31.24,2484.25,13.53,1.11,3.456
2025-11-12,CMP1003,Severe_Weather_Awareness,Native,Atlantic,0.243,43637,720.5,217.66,40.95,2584.81,4.99,0.302,11.875
2026-04-05,CMP1002,Premium_Upgrade_Q1,Connected TV,Quebec,0.569,61480,655.1,930.74,23.09,960.43,15.14,1.421,1.032
2026-01-17,CMP1001,App_Download_Push,Search,British Columbia,0.604,62799,1526.8,673.88,92.87,8732.21,10.73,0.441,12.958
2026-01-16,CMP1005,Local_News_Sponsorship,Display,Atlantic,0.809,67804,989.2,439.01,36.39,3697.64,6.47,0.444,8.423
2026-03-13,CMP1003,Severe_Weather_Awareness,Search,Ontario,0.33,71198,1200.4,584.26,86.29,5584.84,8.21,0.487,9.559
2025-12-02,CMP1006,Spring_Forecast_Launch,Connected TV,Alberta,0.662,69587,1482.1,647.21,55.1,2792.13,9.3,0.437,4.314
2026-01-10,CMP1001,App_Download_Push,Native,Atlantic,0.617,80206,1470.5,841.96,51.37,3522.13,10.5,0.573,4.183
2025-11-30,CMP1004,Brand_Lift_National,Display,Quebec,0.151,86611,1500.4,1159.08,53.82,3893.39,13.38,0.773,3.359
2026-03-07,CMP1004,Brand_Lift_National,Display,Atlantic,0.496,59400,499.6,547.54,23.81,1020.42,9.22,1.096,1.864
2025-12-21,CMP1004,Brand_Lift_National,Display,Ontario,0.786,46494,536.2,374.48,27.24,1096.17,8.05,0.698,2.927
2025-12-30,CMP1002,Premium_Upgrade_Q1,Connected TV,Quebec,0.769,25734,846.6,340.85,28.13,1449.27,13.24,0.403,4.252
2025-11-03,CMP1000,Winter_Storm_Alert_Promo,Display,Quebec,0.147,67420,452.2,639.29,11.03,821.64,9.48,1.414,1.285
2026-04-01,CMP1006,Spring_Forecast_Launch,Video,Ontario,0.668,54170,1196.2,349.12,76.42,5768.9,6.44,0.292,16.524
2026-01-01,CMP1005,Local_News_Sponsorship,Video,Quebec,0.954,43560,840.1,270.27,30.24,1823.36,6.2,0.322,6.746
2026-03-20,CMP1000,Winter_Storm_Alert_Promo,Video,Alberta,0.502,112472,2894.9,678.58,105.16,7235.37,6.03,0.234,10.663
2026-02-02,CMP1003,Severe_Weather_Awareness,Video,Quebec,0.952,81254,1799.1,827.87,67.8,3642.11,10.19,0.46,4.399
2025-11-04,CMP1001,App_Download_Push,Connected TV,Atlantic,0.314,33343,617.2,210.97,26.33,2349.89,6.33,0.342,11.138
2025-12-30,CMP1005,Local_News_Sponsorship,Native,Quebec,0.769,56063,778.6,558.89,25.31,1480.98,9.97,0.718,2.65
2025-12-10,CMP1002,Premium_Upgrade_Q1,Native,Ontario,0.987,11521,260.8,133.36,17.81,1151.63,11.58,0.511,8.635
2026-04-01,CMP1001,App_Download_Push,Video,Ontario,0.668,56264,300.4,542.39,13.29,704.09,9.64,1.806,1.298
2026-01-17,CMP1004,Brand_Lift_National,Native,British Columbia,0.604,54200,776.4,474.0,28.94,2500.6,8.75,0.611,5.275
2026-01-23,CMP1003,Severe_Weather_Awareness,Native,Alberta,0.64,79549,916.1,631.25,3.91,164.75,7.94,0.689,0.261
2026-02-17,CMP1005,Local_News_Sponsorship,Search,Quebec,0.614,91128,1823.4,783.24,61.05,5656.77,8.59,0.43,7.222
2025-12-02,CMP1004,Brand_Lift_National,Display,Quebec,0.662,60374,910.1,280.58,27.94,1588.53,4.65,0.308,5.662
2026-04-21,CMP1004,Brand_Lift_National,Native,Ontario,0.505,81711,1943.5,898.56,39.28,1807.63,11.0,0.462,2.012
2025-12-16,CMP1007,B2B_Partner_Coop,Search,Atlantic,0.729,61460,1478.7,609.86,82.63,6159.17,9.92,0.412,10.099
2026-02-05,CMP1005,Local_News_Sponsorship,Display,Alberta,0.851,61363,435.6,699.86,14.78,1557.85,11.41,1.607,2.226
2026-04-24,CMP1004,Brand_Lift_National,Video,Ontario,0.658,35411,902.2,350.55,45.12,2675.03,9.9,0.389,7.631
2026-02-17,CMP1001,App_Download_Push,Search,Quebec,0.614,64646,425.5,144.27,22.79,1089.2,2.23,0.339,7.55
2026-02-02,CMP1001,App_Download_Push,Display,Ontario,0.952,51077,1129.7,315.58,79.43,7188.15,6.18,0.279,22.778
2026-03-01,CMP1006,Spring_Forecast_Launch,Search,Atlantic,0.6,43331,726.2,427.83,33.99,2520.51,9.87,0.589,5.891
2025-11-28,CMP1003,Severe_Weather_Awareness,Video,British Columbia,0.382,85460,1470.6,515.07,82.2,2880.16,6.03,0.35,5.592
2026-03-27,CMP1003,Severe_Weather_Awareness,Native,Alberta,0.462,150516,642.3,5019.63,27.74,1059.4,33.35,7.815,0.211
2025-11-05,CMP1005,Local_News_Sponsorship,Video,Ontario,0.105,55894,966.8,55.89,13.68,1012.71,1.0,0.058,18.118
2026-04-05,CMP1006,Spring_Forecast_Launch,Video,Quebec,0.569,36737,457.8,309.38,20.08,1490.94,8.42,0.676,4.819
2025-11-15,CMP1004,Brand_Lift_National,Search,Quebec,0.186,52152,879.1,524.68,24.18,2615.24,10.06,0.597,4.984
2026-03-22,CMP1006,Spring_Forecast_Launch,Search,Alberta,0.353,47110,392.6,412.37,19.75,1212.65,8.75,1.05,2.941
2025-11-14,CMP1002,Premium_Upgrade_Q1,Display,Quebec,0.127,107876,2634.3,1008.15,91.45,6823.05,9.35,0.383,6.768
2026-02-26,CMP1003,Severe_Weather_Awareness,Display,Ontario,0.957,223721,5426.7,6599.41,357.89,25701.03,29.5,1.216,3.894
2025-12-14,CMP1000,Winter_Storm_Alert_Promo,Native,British Columbia,0.816,73552,1778.7,537.32,81.59,5978.6,7.31,0.302,11.127
2026-04-17,CMP1006,Spring_Forecast_Launch,Native,British Columbia,0.65,25319,501.3,194.17,19.84,1335.21,7.67,0.387,6.877
2025-11-08,CMP1003,Severe_Weather_Awareness,Search,Atlantic,0.364,72271,1286.2,546.33,41.66,2366.28,7.56,0.425,4.331
2025-11-26,CMP1007,B2B_Partner_Coop,Video,Quebec,0.145,76802,813.2,466.61,36.47,1369.22,6.08,0.574,2.934
2026-03-20,CMP1003,Severe_Weather_Awareness,Video,British Columbia,0.502,128072,2460.5,1746.46,92.84,3854.21,13.64,0.71,2.207
2026-01-09,CMP1004,Brand_Lift_National,Connected TV,Quebec,0.879,40760,716.8,548.71,18.64,847.26,13.46,0.766,1.544
2025-12-23,CMP1004,Brand_Lift_National,Search,Alberta,0.976,71303,1965.2,352.37,116.59,7927.96,4.94,0.179,22.499
2026-03-02,CMP1005,Local_News_Sponsorship,Video,Alberta,0.593,47970,569.0,463.93,13.68,1029.42,9.67,0.815,2.219
2026-01-17,CMP1004,Brand_Lift_National,Video,Atlantic,0.604,66464,400.7,392.3,19.29,576.84,5.9,0.979,1.47
2026-01-19,CMP1004,Brand_Lift_National,Native,Quebec,0.774,74311,647.4,377.81,27.13,1350.6,5.08,0.584,3.575
2026-01-23,CMP1006,Spring_Forecast_Launch,Connected TV,Quebec,0.64,59731,189.8,591.86,10.13,950.69,9.91,3.118,1.606
2026-01-19,CMP1000,Winter_Storm_Alert_Promo,Connected TV,Ontario,0.774,61525,1533.5,413.27,45.21,2979.6,6.72,0.269,7.21
2025-12-30,CMP1003,Severe_Weather_Awareness,Search,Alberta,0.769,73356,1159.2,757.3,67.12,4185.13,10.32,0.653,5.526
2026-04-19,CMP1002,Premium_Upgrade_Q1,Display,Ontario,0.531,64777,309.2,465.53,12.94,813.74,7.19,1.505,1.748
2025-11-19,CMP1000,Winter_Storm_Alert_Promo,Native,Ontario,0.142,68512,1429.2,589.09,73.82,2197.93,8.6,0.412,3.731
2025-11-30,CMP1004,Brand_Lift_National,Native,Quebec,0.151,47240,918.4,522.52,30.72,2326.72,11.06,0.569,4.453
2025-11-14,CMP1000,Winter_Storm_Alert_Promo,Search,British Columbia,0.127,91887,2445.3,1220.31,145.17,10194.92,13.28,0.499,8.354
2025-12-11,CMP1005,Local_News_Sponsorship,Video,Atlantic,0.982,53622,668.1,408.68,51.86,2571.41,7.62,0.612,6.292
2025-11-01,CMP1006,Spring_Forecast_Launch,Display,British Columbia,0.332,32145,786.7,286.09,30.07,2126.42,8.9,0.364,7.433
2026-03-10,CMP1000,Winter_Storm_Alert_Promo,Display,Atlantic,0.348,76281,1804.1,456.67,95.39,6689.52,5.99,0.253,14.649
2026-03-07,CMP1000,Winter_Storm_Alert_Promo,Display,Quebec,0.496,62562,919.8,511.72,41.24,2963.74,8.18,0.556,5.792
2025-12-02,CMP1007,B2B_Partner_Coop,Display,Ontario,0.662,51659,784.7,500.15,61.22,4211.96,9.68,0.637,8.421
2025-12-28,CMP1006,Spring_Forecast_Launch,Display,Alberta,0.826,43797,1019.7,364.6,13.92,647.37,8.32,0.358,1.776
2025-11-30,CMP1003,Severe_Weather_Awareness,Display,Atlantic,0.151,64611,938.2,837.28,79.7,3463.2,12.96,0.892,4.136
2026-01-11,CMP1004,Brand_Lift_National,Video,Atlantic,0.837,35129,796.4,441.91,34.19,2015.34,12.58,0.555,4.561
2025-12-23,CMP1007,B2B_Partner_Coop,Search,Atlantic,0.976,35043,512.3,368.63,8.11,410.06,10.52,0.719,1.112
2026-02-02,CMP1007,B2B_Partner_Coop,Native,Atlantic,0.952,56779,1220.0,294.59,65.79,3715.06,5.19,0.241,12.611
2026-04-28,CMP1003,Severe_Weather_Awareness,Video,Quebec,0.676,42206,488.4,311.62,22.95,1365.79,7.38,0.638,4.383
2025-11-13,CMP1006,Spring_Forecast_Launch,Connected TV,Atlantic,0.34,33993,766.0,299.73,0.77,30.21,8.82,0.391,0.101
2026-02-03,CMP1005,Local_News_Sponsorship,Native,Quebec,0.628,30418,302.1,396.67,20.49,1224.67,13.04,1.313,3.087
2026-03-17,CMP1003,Severe_Weather_Awareness,Connected TV,Alberta,0.511,21146,105.6,135.79,5.21,290.59,6.42,1.286,2.14
2025-11-05,CMP1006,Spring_Forecast_Launch,Video,Quebec,0.105,50415,724.1,456.65,35.66,1605.08,9.06,0.631,3.515
2026-02-18,CMP1006,Spring_Forecast_Launch,Connected TV,Alberta,0.616,45646,742.1,202.75,27.41,2194.42,4.44,0.273,10.823
2026-02-03,CMP1004,Brand_Lift_National,Connected TV,Alberta,0.628,41913,514.5,297.71,19.29,1684.28,7.1,0.579,5.657
2026-03-12,CMP1000,Winter_Storm_Alert_Promo,Search,Ontario,0.555,91284,1601.8,980.86,84.98,3347.57,10.75,0.612,3.413
2026-03-06,CMP1004,Brand_Lift_National,Display,Ontario,0.632,29677,215.0,213.34,10.17,516.19,7.19,0.992,2.42
2025-12-01,CMP1003,Severe_Weather_Awareness,Search,Alberta,0.68,65963,190.7,547.43,5.72,235.89,8.3,2.871,0.431
2025-12-01,CMP1000,Winter_Storm_Alert_Promo,Native,Atlantic,0.68,41622,779.1,395.13,22.21,1083.89,9.49,0.507,2.743
2025-12-06,CMP1004,Brand_Lift_National,Display,Quebec,0.682,72524,844.5,408.81,10.07,402.57,5.64,0.484,0.985
2025-11-10,CMP1002,Premium_Upgrade_Q1,Search,Atlantic,0.221,58052,308.2,636.92,14.02,707.48,10.97,2.066,1.111
2025-11-07,CMP1003,Severe_Weather_Awareness,Native,Alberta,0.262,28586,454.3,269.15,21.02,811.02,9.42,0.592,3.013
2026-03-31,CMP1007,B2B_Partner_Coop,Native,Quebec,0.39,47440,563.7,482.89,8.32,478.96,10.18,0.857,0.992
2026-01-24,CMP1002,Premium_Upgrade_Q1,Display,Alberta,0.625,66247,1000.5,765.61,44.11,3356.06,11.56,0.765,4.383
2026-03-13,CMP1004,Brand_Lift_National,Video,British Columbia,0.33,46621,843.0,270.6,43.1,2800.39,5.8,0.321,10.349
2026-01-25,CMP1000,Winter_Storm_Alert_Promo,Video,Alberta,0.644,69894,999.7,587.33,59.35,4899.86,8.4,0.587,8.343
2025-11-21,CMP1006,Spring_Forecast_Launch,Search,Atlantic,0.139,38128,534.0,222.86,11.53,738.08,5.84,0.417,3.312
2025-12-27,CMP1002,Premium_Upgrade_Q1,Connected TV,British Columbia,0.815,142414,1861.8,2429.8,82.38,4324.87,17.06,1.305,1.78
2026-01-08,CMP1007,B2B_Partner_Coop,Native,Alberta,0.789,59099,951.7,537.22,3.39,264.53,9.09,0.564,0.492
2026-03-09,CMP1000,Winter_Storm_Alert_Promo,Display,British Columbia,0.405,45248,588.5,414.14,27.04,2103.35,9.15,0.704,5.079
2026-01-11,CMP1001,App_Download_Push,Video,Ontario,0.837,56909,1078.4,377.35,54.32,2781.12,6.63,0.35,7.37
2026-03-29,CMP1007,B2B_Partner_Coop,Display,Ontario,0.305,77990,504.1,949.47,25.65,2058.72,12.17,1.884,2.168
2025-12-06,CMP1003,Severe_Weather_Awareness,Video,Atlantic,0.682,72674,1095.5,415.26,27.66,1486.24,5.71,0.379,3.579
2025-11-11,CMP1007,B2B_Partner_Coop,Native,Atlantic,0.281,32555,331.8,172.98,13.74,555.75,5.31,0.521,3.213
2025-12-08,CMP1000,Winter_Storm_Alert_Promo,Video,Ontario,0.915,24659,498.3,237.42,36.6,3294.81,9.63,0.476,13.877
2026-01-29,CMP1004,Brand_Lift_National,Native,British Columbia,0.875,46685,466.2,319.48,10.32,595.07,6.84,0.685,1.863
2026-03-22,CMP1005,Local_News_Sponsorship,Display,Quebec,0.353,46117,455.5,443.43,18.64,1559.93,9.62,0.973,3.518
2026-01-25,CMP1007,B2B_Partner_Coop,Connected TV,Ontario,0.644,82211,489.4,414.45,16.19,1704.15,5.04,0.847,4.112
2025-12-13,CMP1004,Brand_Lift_National,Native,British Columbia,0.669,55645,642.7,383.47,25.2,1815.04,6.89,0.597,4.733
2026-04-14,CMP1005,Local_News_Sponsorship,Native,Alberta,0.669,82537,1051.1,655.59,36.68,1935.71,7.94,0.624,2.953
2025-12-13,CMP1006,Spring_Forecast_Launch,Connected TV,Alberta,0.669,34632,556.2,313.41,17.96,524.38,9.05,0.563,1.673
2026-01-20,CMP1001,App_Download_Push,Video,Alberta,0.941,39706,1023.2,531.55,53.77,3622.49,13.39,0.52,6.815
2026-02-03,CMP1001,App_Download_Push,Search,Atlantic,0.628,44978,914.1,419.19,47.52,1124.71,9.32,0.459,2.683
2025-11-11,CMP1006,Spring_Forecast_Launch,Search,British Columbia,0.281,54320,956.7,355.74,45.59,3466.18,6.55,0.372,9.744
2026-02-23,CMP1004,Brand_Lift_National,Display,Quebec,0.77,81442,935.5,487.4,14.99,725.34,5.98,0.521,1.488
2026-02-02,CMP1000,Winter_Storm_Alert_Promo,Display,Quebec,0.952,57685,773.8,555.51,28.23,1389.11,9.63,0.718,2.501
2026-04-28,CMP1001,App_Download_Push,Search,Alberta,0.676,57273,676.8,688.65,24.67,1880.36,12.02,1.017,2.73
2026-03-12,CMP1003,Severe_Weather_Awareness,Display,Alberta,0.555,81362,1339.8,1108.72,63.11,5617.83,13.63,0.828,5.067
2026-04-25,CMP1007,B2B_Partner_Coop,Search,British Columbia,0.536,40381,702.8,253.0,17.68,1665.1,6.27,0.36,6.581
2026-02-07,CMP1005,Local_News_Sponsorship,Display,Atlantic,0.895,60751,751.9,384.28,20.97,978.52,6.33,0.511,2.546
2026-04-21,CMP1003,Severe_Weather_Awareness,Search,Atlantic,0.505,78983,1216.8,911.46,30.4,1569.14,11.54,0.749,1.722
2026-03-12,CMP1003,Severe_Weather_Awareness,Connected TV,Atlantic,0.555,72530,1634.3,704.44,22.03,1376.96,9.71,0.431,1.955
2026-03-24,CMP1006,Spring_Forecast_Launch,Video,British Columbia,0.333,57903,688.9,361.18,43.99,3245.49,6.24,0.524,8.986
2026-01-04,CMP1006,Spring_Forecast_Launch,Display,Atlantic,0.762,32404,238.5,354.48,9.33,625.46,10.94,1.487,1.764
2025-12-30,CMP1002,Premium_Upgrade_Q1,Native,Ontario,0.769,31832,895.2,320.96,39.49,1795.9,10.08,0.359,5.595
2026-03-31,CMP1000,Winter_Storm_Alert_Promo,Native,Ontario,0.39,63333,1160.6,365.55,59.18,3724.64,5.77,0.315,10.189
2025-12-13,CMP1007,B2B_Partner_Coop,Native,British Columbia,0.669,64014,1127.1,303.6,1.13,81.77,4.74,0.269,0.269
2026-03-16,CMP1007,B2B_Partner_Coop,Search,Atlantic,0.303,181360,3358.1,6098.49,141.85,10046.79,33.63,1.816,1.647
2026-01-10,CMP1004,Brand_Lift_National,Video,Quebec,0.617,48354,491.0,725.55,21.99,1633.2,15.0,1.478,2.251
2026-01-11,CMP1007,B2B_Partner_Coop,Video,British Columbia,0.837,44042,44.4,194.79,2.57,198.87,4.42,4.383,1.021
2026-04-14,CMP1003,Severe_Weather_Awareness,Display,Atlantic,0.669,44778,218.8,378.62,6.82,274.81,8.46,1.731,0.726
2025-11-05,CMP1005,Local_News_Sponsorship,Video,Quebec,0.105,53254,955.6,612.47,42.37,2452.8,11.5,0.641,4.005
2026-01-05,CMP1007,B2B_Partner_Coop,Connected TV,Ontario,0.64,53841,582.7,663.37,13.18,969.1,12.32,1.138,1.461
2026-04-02,CMP1007,B2B_Partner_Coop,Search,Alberta,0.656,36386,701.5,156.36,18.47,1169.39,4.3,0.223,7.479
2026-04-09,CMP1006,Spring_Forecast_Launch,Connected TV,British Columbia,0.673,52769,1281.4,644.62,38.33,1970.81,12.22,0.503,3.057
2026-04-10,CMP1002,Premium_Upgrade_Q1,Connected TV,Atlantic,0.456,56635,554.2,532.16,7.06,590.7,9.4,0.96,1.11
2026-01-28,CMP1004,Brand_Lift_National,Video,Atlantic,0.886,28271,494.8,245.98,21.5,1372.97,8.7,0.497,5.582
2025-12-09,CMP1002,Premium_Upgrade_Q1,Video,Ontario,0.866,44027,574.5,478.76,16.21,1616.44,10.87,0.833,3.376
2026-04-03,CMP1002,Premium_Upgrade_Q1,Native,British Columbia,0.601,73507,1373.2,732.34,64.36,3625.98,9.96,0.533,4.951
2025-12-15,CMP1007,B2B_Partner_Coop,Search,Atlantic,0.976,61628,1119.9,638.72,48.16,2993.29,10.36,0.57,4.686
2026-02-23,CMP1002,Premium_Upgrade_Q1,Native,Quebec,0.77,50015,967.2,355.93,37.96,2677.37,7.12,0.368,7.522
2025-12-04,CMP1001,App_Download_Push,Display,,0.786,142910,,1584.07,66.09,3926.38,11.08,,2.479
2026-01-24,CMP1004,Brand_Lift_National,Connected TV,British Columbia,0.625,53699,893.3,393.13,57.16,4388.95,7.32,0.44,11.164
2025-12-21,CMP1005,Local_News_Sponsorship,Search,,0.786,50310,,400.54,21.62,1649.73,7.96,,4.119
2026-01-29,CMP1001,App_Download_Push,Connected TV,Atlantic,0.875,66679,1351.9,504.7,20.78,1384.71,7.57,0.373,2.744
2026-03-22,CMP1007,B2B_Partner_Coop,Video,Quebec,0.353,62955,1152.7,587.1,62.71,5711.7,9.33,0.509,9.729
2025-11-15,CMP1003,Severe_Weather_Awareness,Search,Atlantic,0.186,79378,1155.8,750.38,32.09,1467.21,9.45,0.649,1.955
2026-01-08,CMP1002,Premium_Upgrade_Q1,Display,Quebec,0.789,52392,516.4,489.24,18.42,863.87,9.34,0.947,1.766
2026-02-10,CMP1000,Winter_Storm_Alert_Promo,Native,Ontario,0.709,192819,2937.7,3937.48,122.59,3684.38,20.42,1.34,0.936
2026-03-06,CMP1005,Local_News_Sponsorship,Video,Ontario,0.632,65372,1276.0,395.18,9.88,494.52,6.05,0.31,1.251
2026-01-07,CMP1005,Local_News_Sponsorship,Search,Atlantic,1.0,43882,525.1,357.04,14.78,992.44,8.14,0.68,2.78
2026-03-16,CMP1006,Spring_Forecast_Launch,Connected TV,Ontario,0.303,138328,3158.4,3251.79,111.25,3484.61,23.51,1.03,1.072
2025-11-21,CMP1004,Brand_Lift_National,Connected TV,Quebec,0.139,72527,1520.1,746.86,75.01,5397.88,10.3,0.491,7.227
2025-12-10,CMP1006,Spring_Forecast_Launch,Display,Alberta,0.987,76292,1492.0,912.18,76.84,7622.3,11.96,0.611,8.356
2025-12-09,CMP1000,Winter_Storm_Alert_Promo,Video,Atlantic,0.866,48567,695.7,302.22,26.03,1960.04,6.22,0.434,6.485
2026-04-19,CMP1002,Premium_Upgrade_Q1,Video,Ontario,0.531,45707,621.7,241.18,23.94,1516.24,5.28,0.388,6.287
2026-02-16,CMP1007,B2B_Partner_Coop,Video,Atlantic,0.765,61158,1153.3,411.54,66.36,4169.99,6.73,0.357,10.133
2025-12-29,CMP1004,Brand_Lift_National,Search,Alberta,0.631,50039,952.3,334.7,32.99,3364.3,6.69,0.351,10.052
2025-12-30,CMP1000,Winter_Storm_Alert_Promo,Native,Quebec,0.769,56105,889.8,365.85,11.19,341.98,6.52,0.411,0.935
2025-12-03,CMP1004,Brand_Lift_National,Display,British Columbia,0.811,69068,1099.1,724.74,44.24,5689.35,10.49,0.659,7.85
2026-04-24,CMP1002,Premium_Upgrade_Q1,Video,British Columbia,0.658,32090,148.0,335.86,6.8,462.24,10.47,2.269,1.376
2026-04-16,CMP1001,App_Download_Push,Connected TV,Alberta,0.544,63718,1184.9,374.33,55.67,4349.54,5.87,0.316,11.62
2026-01-31,CMP1004,Brand_Lift_National,Connected TV,British Columbia,0.712,59058,1347.0,270.42,81.24,5619.28,4.58,0.201,20.78
2026-04-24,CMP1002,Premium_Upgrade_Q1,Search,Alberta,0.658,77210,1091.8,380.96,26.41,1194.39,4.93,0.349,3.135
2026-03-28,CMP1001,App_Download_Push,Display,Quebec,0.634,47831,397.2,381.25,14.16,696.96,7.97,0.96,1.828
2026-01-09,CMP1007,B2B_Partner_Coop,Display,Alberta,0.879,56571,840.6,64.51,54.79,3235.11,1.14,0.077,50.151
2026-03-22,CMP1004,Brand_Lift_National,Native,Atlantic,0.353,39158,310.5,289.73,17.68,749.14,7.4,0.933,2.586
2026-02-13,CMP1000,Winter_Storm_Alert_Promo,Search,Atlantic,0.8,82770,870.8,397.14,42.96,3808.72,4.8,0.456,9.59
2025-12-21,CMP1003,Severe_Weather_Awareness,Display,Quebec,0.786,59522,1624.0,502.31,99.0,8204.55,8.44,0.309,16.334
2026-04-03,CMP1000,Winter_Storm_Alert_Promo,Search,Atlantic,0.601,72271,1786.9,519.75,76.27,4214.99,7.19,0.291,8.11
2026-04-09,CMP1004,Brand_Lift_National,Display,Atlantic,0.673,68803,886.2,602.76,46.22,4061.79,8.76,0.68,6.739
2025-11-12,CMP1002,Premium_Upgrade_Q1,Video,British Columbia,0.243,46239,480.7,299.83,9.42,685.96,6.48,0.624,2.288
2026-02-19,CMP1006,Spring_Forecast_Launch,Connected TV,Atlantic,0.729,96758,1476.3,741.37,78.84,3581.3,7.66,0.502,4.831
2025-11-29,CMP1000,Winter_Storm_Alert_Promo,Video,British Columbia,0.374,51894,1274.3,418.81,73.52,5601.08,8.07,0.329,13.374
2026-03-05,CMP1006,Spring_Forecast_Launch,Video,Quebec,0.329,54997,654.5,615.82,17.5,978.4,11.2,0.941,1.589
2026-02-07,CMP1007,B2B_Partner_Coop,Connected TV,Atlantic,0.895,42717,766.5,323.36,43.42,2677.53,7.57,0.422,8.28
2026-04-01,CMP1003,Severe_Weather_Awareness,Search,Quebec,0.668,66792,1769.0,687.01,58.46,1559.27,10.29,0.388,2.27
2025-12-04,CMP1007,B2B_Partner_Coop,Search,British Columbia,0.786,142083,1863.6,1942.44,33.46,2324.45,13.67,1.042,1.197
2026-04-24,CMP1007,B2B_Partner_Coop,Native,Quebec,0.658,67622,774.9,729.85,26.04,2002.31,10.79,0.942,2.743
2026-01-28,CMP1005,Local_News_Sponsorship,Video,Ontario,0.886,34425,428.4,312.2,16.33,1352.94,9.07,0.729,4.334
2025-11-25,CMP1007,B2B_Partner_Coop,Search,Atlantic,0.388,52584,870.7,721.94,39.22,683.93,13.73,0.829,0.947
2026-01-18,CMP1005,Local_News_Sponsorship,Native,Alberta,0.731,62430,600.4,786.86,24.98,1302.76,12.6,1.311,1.656
2026-01-23,CMP1006,Spring_Forecast_Launch,Native,Ontario,0.64,52410,421.1,530.67,24.16,427.33,10.13,1.26,0.805
2026-01-28,CMP1000,Winter_Storm_Alert_Promo,Display,Quebec,0.886,66567,1176.1,433.34,48.76,4283.81,6.51,0.368,9.885
2026-03-18,CMP1000,Winter_Storm_Alert_Promo,Video,Alberta,0.677,56036,891.3,499.56,28.88,1690.19,8.91,0.561,3.383
2025-11-12,CMP1004,Brand_Lift_National,Native,Ontario  ,0.243,60195,977.1,439.71,58.26,3211.87,7.3,0.45,7.304
2026-02-22,CMP1001,App_Download_Push,Native,Ontario,0.625,47485,1099.2,519.81,48.47,3896.34,10.95,0.473,7.496
2026-01-29,CMP1005,Local_News_Sponsorship,Video,Quebec,0.875,63100,672.0,663.16,11.73,558.58,10.51,0.987,0.842
2026-04-01,CMP1003,Severe_Weather_Awareness,Connected TV,Atlantic,0.668,67993,972.1,423.06,13.7,750.25,6.22,0.435,1.773
2026-04-02,CMP1006,Spring_Forecast_Launch,Native,Atlantic,0.656,31220,540.9,274.8,24.4,2051.26,8.8,0.508,7.465
2026-01-20,CMP1000,Winter_Storm_Alert_Promo,Search,Atlantic,0.941,91306,1109.4,555.34,53.66,2757.14,6.08,0.501,4.965
2026-03-09,CMP1007,B2B_Partner_Coop,Connected TV,Alberta,0.405,54168,946.7,383.11,57.52,4848.16,7.07,0.405,12.655
2026-01-27,CMP1004,Brand_Lift_National,Video,Atlantic,0.948,51207,1309.7,268.23,75.84,3684.44,5.24,0.205,13.736
2026-03-15,CMP1003,Severe_Weather_Awareness,Display,Alberta,0.615,85770,183.6,1038.3,5.04,359.06,12.11,5.654,0.346
2026-04-02,CMP1005,Local_News_Sponsorship,Video,Ontario,0.656,57910,489.1,398.18,22.22,1154.68,6.88,0.814,2.9
2026-04-23,CMP1000,Winter_Storm_Alert_Promo,Display,British Columbia,0.419,47148,513.5,336.3,21.1,1232.87,7.13,0.655,3.666
2025-11-09,CMP1007,B2B_Partner_Coop,Connected TV,Atlantic,0.317,44287,654.0,371.73,26.93,1385.25,8.39,0.568,3.726
2026-04-18,CMP1005,Local_News_Sponsorship,Search,Ontario,0.601,49368,489.5,285.58,13.05,1112.98,5.78,0.583,3.897
2026-01-20,CMP1006,Spring_Forecast_Launch,Native,Quebec,0.941,34245,725.1,338.87,31.3,2574.94,9.9,0.467,7.599
2026-01-08,CMP1007,B2B_Partner_Coop,Connected TV,Atlantic,0.789,37822,525.0,233.71,28.14,2362.53,6.18,0.445,10.109
2025-12-15,CMP1004,Brand_Lift_National,Native,British Columbia,0.976,35006,267.0,293.3,10.02,493.62,8.38,1.098,1.683
2026-04-18,CMP1005,Local_News_Sponsorship,Search,Alberta,0.601,82518,734.8,420.46,17.53,1256.37,5.1,0.572,2.988
2026-01-01,CMP1003,Severe_Weather_Awareness,Connected TV,Quebec,0.954,74746,1580.5,1008.51,62.97,4982.64,13.49,0.638,4.941
2026-03-11,CMP1000,Winter_Storm_Alert_Promo,Display,Quebec,0.66,49580,436.5,408.48,15.19,983.87,8.24,0.936,2.409
2026-02-24,CMP1005,Local_News_Sponsorship,Display,Quebec,0.857,37713,722.6,293.87,12.41,814.05,7.79,0.407,2.77
2026-01-28,CMP1002,Premium_Upgrade_Q1,Search,British Columbia,0.886,66379,455.3,540.44,15.15,563.94,8.14,1.187,1.043
2025-11-10,CMP1000,Winter_Storm_Alert_Promo,Search,Ontario,0.221,64091,1254.3,733.13,53.79,4714.58,11.44,0.584,6.431
2026-03-05,CMP1003,Severe_Weather_Awareness,Video,British Columbia,0.329,66558,681.2,528.81,11.66,714.6,7.95,0.776,1.351
2025-11-07,CMP1003,Severe_Weather_Awareness,Connected TV,British Columbia,0.262,39319,633.4,198.92,22.33,1614.73,5.06,0.314,8.117
2026-04-06,CMP1002,Premium_Upgrade_Q1,Video,Ontario,0.315,42187,347.9,585.56,6.86,315.41,13.88,1.683,0.539
2026-01-08,CMP1002,Premium_Upgrade_Q1,Native,British Columbia,0.789,43274,820.4,273.28,42.94,3092.9,6.32,0.333,11.318
2026-02-13,CMP1003,Severe_Weather_Awareness,Display,Ontario,0.8,49051,1032.5,460.39,55.97,3668.16,9.39,0.446,7.968
2025-12-21,CMP1002,Premium_Upgrade_Q1,Video,Atlantic,0.786,53284,924.2,648.81,54.07,4015.42,12.18,0.702,6.189
2026-01-23,CMP1002,Premium_Upgrade_Q1,Search,British Columbia,0.64,73465,770.6,443.69,18.09,1179.94,6.04,0.576,2.659
2026-02-06,CMP1007,B2B_Partner_Coop,Connected TV,British Columbia,0.755,36720,515.8,123.81,16.41,1429.29,3.37,0.24,11.544
2026-02-12,CMP1004,Brand_Lift_National,Search,Quebec,0.805,69519,1066.7,341.86,70.18,6016.11,4.92,0.32,17.598
2026-01-10,CMP1000,Winter_Storm_Alert_Promo,Search,British Columbia,0.617,60081,1217.8,481.16,69.69,6205.34,8.01,0.395,12.897
2026-01-28,CMP1000,Winter_Storm_Alert_Promo,Native,Atlantic,0.886,68193,839.3,271.5,16.64,1025.67,3.98,0.323,3.778
2025-11-27,CMP1003,Severe_Weather_Awareness,Display,British Columbia,0.377,76479,948.9,668.74,66.3,3748.75,8.74,0.705,5.606
2026-01-21,CMP1005,Local_News_Sponsorship,Video,Quebec,0.92,55654,772.1,457.87,31.24,1995.1,8.23,0.593,4.357
2026-01-10,CMP1007,B2B_Partner_Coop,Video,Quebec,0.617,42897,589.7,329.51,15.35,810.71,7.68,0.559,2.46
2025-11-30,CMP1005,Local_News_Sponsorship,Video,Atlantic,0.151,72995,1237.2,714.91,47.69,4460.03,9.79,0.578,6.239
2026-04-05,CMP1002,Premium_Upgrade_Q1,Connected TV,Atlantic,0.569,49002,1004.8,214.09,42.33,3313.33,4.37,0.213,15.476
2026-02-18,CMP1004,Brand_Lift_National,Display,Ontario,0.616,48899,864.0,685.47,40.2,2349.64,14.02,0.793,3.428
2026-01-07,CMP1001,App_Download_Push,Native,Alberta,1.0,6062,124.8,48.77,4.13,246.52,8.04,0.391,5.055
2026-03-17,CMP1007,B2B_Partner_Coop,Display,Atlantic,0.511,66163,1165.9,278.46,49.79,3103.56,4.21,0.239,11.146
2025-12-29,CMP1004,Brand_Lift_National,Connected TV,Ontario,0.631,43123,732.7,361.02,42.15,761.03,8.37,0.493,2.108
2026-01-27,CMP1007,B2B_Partner_Coop,Search,Alberta,0.948,89834,229.9,872.52,7.9,400.94,9.71,3.795,0.46
2026-03-19,CMP1007,B2B_Partner_Coop,Display,Alberta,0.363,78364,1956.8,548.8,74.33,3470.34,7.0,0.28,6.324
2026-01-05,CMP1002,Premium_Upgrade_Q1,Native,British Columbia,0.64,77760,794.5,790.98,31.74,2202.73,10.17,0.996,2.785
2026-02-05,CMP1006,Spring_Forecast_Launch,Search,Ontario,0.851,74663,1225.3,838.7,94.7,5644.66,11.23,0.684,6.73
2026-03-15,CMP1004,Brand_Lift_National,Display,Atlantic,0.615,39909,771.8,321.65,41.45,3349.54,8.06,0.417,10.414
2025-11-10,CMP1004,Brand_Lift_National,Search,Ontario,0.221,59328,529.4,523.07,16.54,900.42,8.82,0.988,1.721
2025-11-10,CMP1006,Spring_Forecast_Launch,Search,Ontario,0.221,30906,319.9,218.12,14.3,789.07,7.06,0.682,3.618
2026-04-26,CMP1001,App_Download_Push,Display,Alberta,0.419,47190,752.1,292.94,20.56,1561.09,6.21,0.389,5.329
2026-03-29,CMP1004,Brand_Lift_National,Connected TV,Quebec,0.305,43156,741.9,401.99,31.25,2767.66,9.31,0.542,6.885
2026-02-16,CMP1005,Local_News_Sponsorship,Display,Quebec,0.765,50921,698.4,333.33,14.25,781.99,6.55,0.477,2.346
2026-04-17,CMP1007,B2B_Partner_Coop,Display,Atlantic,0.65,57807,931.3,404.74,18.43,634.04,7.0,0.435,1.567
2026-02-10,CMP1003,Severe_Weather_Awareness,Native,Ontario,0.709,165185,3324.3,3669.52,143.36,9245.98,22.21,1.104,2.52
2026-01-15,CMP1002,Premium_Upgrade_Q1,Video,Quebec,0.822,66183,967.4,622.27,32.76,1741.43,9.4,0.643,2.798
2025-12-30,CMP1005,Local_News_Sponsorship,Native,Ontario,0.769,76021,1653.6,909.38,55.95,4110.85,11.96,0.55,4.52
2026-02-07,CMP1003,Severe_Weather_Awareness,Display,Atlantic,0.895,37172,577.7,263.98,34.3,1954.65,7.1,0.457,7.405
2026-04-08,CMP1006,Spring_Forecast_Launch,Native,British Columbia,0.4,54048,292.8,657.11,6.28,265.43,12.16,2.244,0.404
2026-03-22,CMP1002,Premium_Upgrade_Q1,Search,British Columbia,0.353,82690,324.0,978.26,9.87,902.97,11.83,3.02,0.923
2026-01-04,CMP1003,Severe_Weather_Awareness,Native,Alberta,0.762,61683,889.0,397.8,40.6,2607.69,6.45,0.447,6.555
2026-03-19,CMP1005,Local_News_Sponsorship,Display,Atlantic,0.363,28551,515.7,209.14,21.83,2043.25,7.32,0.406,9.77
2026-03-20,CMP1002,Premium_Upgrade_Q1,Search,British Columbia,0.502,83691,897.5,1128.62,43.17,3187.39,13.49,1.257,2.824
2026-01-25,CMP1000,Winter_Storm_Alert_Promo,Video,Atlantic,0.644,70947,1258.3,361.69,38.56,3610.38,5.1,0.287,9.982
2025-11-09,CMP1006,Spring_Forecast_Launch,Native,Quebec,0.317,63920,784.1,321.77,14.78,909.35,5.03,0.41,2.826
2025-12-15,CMP1006,Spring_Forecast_Launch,Native,British Columbia,0.976,43214,678.8,430.36,50.26,3246.73,9.96,0.634,7.544
2026-04-21,CMP1007,B2B_Partner_Coop,Native,Quebec,0.505,56725,510.8,551.5,20.53,1385.9,9.72,1.08,2.513
2026-03-13,CMP1000,Winter_Storm_Alert_Promo,Search,Alberta,0.33,91181,1065.0,859.95,39.1,2990.56,9.43,0.807,3.478
2025-12-16,CMP1004,Brand_Lift_National,Display,Quebec,0.729,67474,1145.2,466.65,53.12,2299.7,6.92,0.408,4.928
2025-12-01,CMP1004,Brand_Lift_National,Connected TV,Atlantic,0.68,71483,1188.1,606.74,62.99,1655.47,8.49,0.511,2.728
2026-03-29,CMP1005,Local_News_Sponsorship,Search,Atlantic,0.305,31449,689.0,220.58,16.56,1583.62,7.01,0.32,7.179
2026-03-27,CMP1005,Local_News_Sponsorship,Search,Atlantic,0.462,127569,1766.7,1892.76,88.29,8478.43,14.84,1.071,4.479
2026-03-14,CMP1000,Winter_Storm_Alert_Promo,Native,British Columbia,0.557,48698,999.4,288.41,28.67,1015.35,5.92,0.289,3.521
2025-12-23,CMP1001,App_Download_Push,Video,Ontario  ,0.976,51563,438.5,492.78,20.64,1424.29,9.56,1.124,2.89
2025-12-31,CMP1000,Winter_Storm_Alert_Promo,Video,Quebec,0.82,93482,1506.9,432.38,47.4,4037.53,4.63,0.287,9.338
2026-01-20,CMP1005,Local_News_Sponsorship,Video,British Columbia,0.941,34899,842.1,290.4,12.48,907.05,8.32,0.345,3.124
2026-04-27,CMP1004,Brand_Lift_National,Display,Quebec,0.511,68835,962.5,337.33,34.47,1246.08,4.9,0.35,3.694
2025-11-01,CMP1004,Brand_Lift_National,Display,Ontario,0.332,42215,534.5,213.54,26.47,1603.05,5.06,0.4,7.507
2026-02-16,CMP1002,Premium_Upgrade_Q1,Connected TV,British Columbia,0.765,98778,2246.0,608.43,33.42,1979.82,6.16,0.271,3.254
2026-03-18,CMP1007,B2B_Partner_Coop,Search,Quebec,0.677,39566,581.0,415.92,7.08,328.82,10.51,0.716,0.791
2026-02-02,CMP1001,App_Download_Push,Video,British Columbia,0.952,61823,688.7,410.24,24.58,1757.45,6.64,0.596,4.284
2026-02-25,CMP1005,Local_News_Sponsorship,Video,British Columbia,0.861,18112,373.0,194.3,18.88,1628.95,10.73,0.521,8.384
2026-01-04,CMP1001,App_Download_Push,Connected TV,Atlantic,0.762,35344,588.0,245.12,35.99,2756.35,6.94,0.417,11.245
2026-01-11,CMP1006,Spring_Forecast_Launch,Native,Alberta,0.837,24394,385.7,244.55,19.63,997.73,10.03,0.634,4.08
2025-12-23,CMP1000,Winter_Storm_Alert_Promo,Video,British Columbia,0.976,69898,1005.1,417.77,12.28,926.36,5.98,0.416,2.217
2026-02-08,CMP1005,Local_News_Sponsorship,Display,British Columbia,0.685,53941,1014.2,555.7,50.1,4156.73,10.3,0.548,7.48
2025-11-29,CMP1007,B2B_Partner_Coop,Display,Alberta  ,0.374,64887,888.3,503.64,40.31,911.63,7.76,0.567,1.81
2026-01-07,CMP1003,Severe_Weather_Awareness,Connected TV,Ontario,1.0,56594,1086.8,295.52,46.22,3033.4,5.22,0.272,10.265
2026-01-14,CMP1003,Severe_Weather_Awareness,Connected TV,Quebec,0.737,66172,1883.4,202.21,51.54,4870.83,3.06,0.107,24.088
2026-01-01,CMP1007,B2B_Partner_Coop,Video,Quebec,0.954,20314,276.3,190.34,5.19,440.69,9.37,0.689,2.315
2025-11-18,CMP1005,Local_News_Sponsorship,Display,Alberta,0.198,69768,1438.9,456.26,96.97,4104.34,6.54,0.317,8.996
2026-03-01,CMP1004,Brand_Lift_National,Search,Atlantic,0.6,72668,1820.1,319.88,40.04,2842.37,4.4,0.176,8.886
2026-03-07,CMP1003,Severe_Weather_Awareness,Video,Quebec,0.496,58750,647.1,432.74,24.85,2296.11,7.37,0.669,5.306
2025-11-28,CMP1003,Severe_Weather_Awareness,Video,Quebec,0.382,82411,82.4,630.35,4.1,247.36,7.65,7.649,0.392
2025-11-23,CMP1003,Severe_Weather_Awareness,Video,Atlantic,0.383,30990,324.4,181.59,16.65,1199.22,5.86,0.56,6.604
2026-04-06,CMP1001,App_Download_Push,Display,Atlantic,0.315,35615,533.2,399.32,29.07,2288.88,11.21,0.749,5.732
2026-02-27,CMP1000,Winter_Storm_Alert_Promo,Connected TV,British Columbia,0.742,63671,1396.8,582.63,69.25,4282.39,9.15,0.417,7.35
2026-03-01,CMP1005,Local_News_Sponsorship,Display,Ontario,0.6,64695,815.3,501.05,26.03,684.94,7.74,0.615,1.367
2026-02-07,CMP1003,Severe_Weather_Awareness,Connected TV,British Columbia,0.895,59923,976.1,467.55,12.38,861.97,7.8,0.479,1.844
2026-04-11,CMP1000,Winter_Storm_Alert_Promo,Video,Ontario,0.61,22208,363.3,141.42,5.6,271.9,6.37,0.389,1.923
2025-12-09,CMP1001,App_Download_Push,Display,Atlantic,0.866,29388,370.5,230.1,5.25,427.28,7.83,0.621,1.857
2026-02-16,CMP1000,Winter_Storm_Alert_Promo,Display,Quebec,0.765,85462,1435.0,865.15,81.15,7587.85,10.12,0.603,8.771
2025-12-10,CMP1001,App_Download_Push,Native,British Columbia,0.987,55227,451.2,524.61,18.15,1305.64,9.5,1.163,2.489
2026-01-29,CMP1000,Winter_Storm_Alert_Promo,Display,Alberta,0.875,80579,1729.4,895.24,74.59,5409.56,11.11,0.518,6.043
2025-11-27,CMP1004,Brand_Lift_National,Display,Ontario  ,0.377,50855,1324.1,481.67,42.24,3410.86,9.47,0.364,7.081
2026-03-15,CMP1005,Local_News_Sponsorship,Search,Alberta,0.615,42436,630.5,310.08,16.68,746.13,7.31,0.492,2.406
2026-04-18,CMP1002,Premium_Upgrade_Q1,Search,Quebec,0.601,63725,1431.5,372.94,72.8,3666.44,5.85,0.261,9.831
2025-11-21,CMP1000,Winter_Storm_Alert_Promo,display,,0.139,67476,,632.93,40.85,2985.7,9.38,,4.717
2026-03-14,CMP1000,Winter_Storm_Alert_Promo,Search,Alberta,0.557,63054,1133.9,632.15,19.13,1003.75,10.03,0.558,1.588
2025-12-19,CMP1007,B2B_Partner_Coop,Search,Atlantic,0.843,46214,590.4,403.87,20.71,1290.96,8.74,0.684,3.197
2025-12-09,CMP1003,Severe_Weather_Awareness,Native,,0.866,45281,,345.98,28.41,2698.43,7.64,,7.799
2025-12-05,CMP1004,Brand_Lift_National,Search,Alberta,0.781,52677,684.3,379.43,32.14,2742.65,7.2,0.555,7.228
2026-02-04,CMP1003,Severe_Weather_Awareness,Native,Quebec,0.654,79577,2529.1,770.92,49.4,3640.7,9.69,0.305,4.723
2026-04-07,CMP1007,B2B_Partner_Coop,Search,Quebec,0.421,68050,1342.9,719.82,66.0,5298.94,10.58,0.536,7.361
2026-02-28,CMP1000,Winter_Storm_Alert_Promo,Native,Alberta,0.727,78621,1261.2,1057.42,25.46,2003.43,13.45,0.838,1.895
2025-12-13,CMP1000,Winter_Storm_Alert_Promo,Display,Quebec,0.669,37356,434.0,279.58,14.35,1287.2,7.48,0.644,4.604
2025-11-29,CMP1004,Brand_Lift_National,Search,Quebec,0.374,74022,924.1,456.36,29.89,1231.11,6.17,0.494,2.698
2025-12-03,CMP1000,Winter_Storm_Alert_Promo,Connected TV,Alberta,0.811,53451,864.3,455.32,36.76,2667.97,8.52,0.527,5.86
2026-04-25,CMP1002,Premium_Upgrade_Q1,Connected TV,Quebec,0.536,63690,163.7,650.53,3.38,236.51,10.21,3.975,0.364
2025-11-17,CMP1007,B2B_Partner_Coop,Display,Ontario,0.137,44391,1103.4,517.73,44.54,2633.75,11.66,0.469,5.087
2026-02-20,CMP1000,Winter_Storm_Alert_Promo,Video,Quebec,0.916,76593,1076.8,526.75,46.18,4495.12,6.88,0.489,8.534
2026-04-01,CMP1003,Severe_Weather_Awareness,Connected TV,Quebec,0.668,63829,932.2,476.92,34.6,2085.48,7.47,0.512,4.373
2025-12-13,CMP1000,Winter_Storm_Alert_Promo,Video,Ontario,0.669,39626,545.7,264.92,13.11,361.36,6.69,0.485,1.364
2026-02-27,CMP1001,App_Download_Push,Connected TV,Atlantic,0.742,48078,645.4,358.92,16.14,820.89,7.47,0.556,2.287
2025-11-08,CMP1001,App_Download_Push,Display,Quebec,0.364,26151,544.1,241.44,8.8,549.95,9.23,0.444,2.278
2026-01-22,CMP1002,Premium_Upgrade_Q1,Display,Ontario,0.923,41222,601.6,528.99,16.37,1022.23,12.83,0.879,1.932
2026-02-05,CMP1004,Brand_Lift_National,Search,Alberta,0.851,58200,1067.8,370.59,28.07,1800.76,6.37,0.347,4.859
2025-11-30,CMP1000,Winter_Storm_Alert_Promo,Display,Atlantic,0.151,48044,808.5,723.29,16.09,1045.26,15.05,0.895,1.445
2026-02-12,CMP1003,Severe_Weather_Awareness,Native,Ontario,0.805,95719,1387.0,774.04,92.58,5479.44,8.09,0.558,7.079
2026-02-17,CMP1000,Winter_Storm_Alert_Promo,Display,Ontario,0.614,89945,1209.2,1148.4,23.61,1974.3,12.77,0.95,1.719
2026-01-29,CMP1003,Severe_Weather_Awareness,Video,Quebec,0.875,89091,1136.0,715.24,44.91,4739.31,8.03,0.63,6.626
2025-12-18,CMP1004,Brand_Lift_National,Display,British Columbia,0.95,52575,567.2,424.16,25.32,2076.68,8.07,0.748,4.896
2026-04-04,CMP1000,Winter_Storm_Alert_Promo,Video,Atlantic  ,0.634,57662,816.4,323.55,55.48,4256.76,5.61,,13.157
2026-03-24,CMP1005,Local_News_Sponsorship,Display,British Columbia,0.333,37635,315.4,553.67,14.7,649.21,14.71,1.756,1.173
2026-02-02,CMP1004,Brand_Lift_National,Display,Quebec,0.952,53585,633.3,581.36,20.57,1463.64,10.85,0.918,2.518
2025-11-29,CMP1003,Severe_Weather_Awareness,Video,Atlantic,0.374,86270,194.1,864.62,5.13,265.49,10.02,4.454,0.307
2025-11-08,CMP1000,Winter_Storm_Alert_Promo,Video,British Columbia,0.364,22177,433.0,174.59,1.21,54.43,7.87,0.403,0.312
2026-01-05,CMP1002,Premium_Upgrade_Q1,Native,Atlantic,0.64,54877,1011.5,665.16,50.25,4396.72,12.12,0.658,6.61
2026-01-16,CMP1005,Local_News_Sponsorship,Native,Alberta,0.809,46059,888.9,261.44,41.66,3018.07,5.68,0.294,11.544
2026-03-16,CMP1006,Spring_Forecast_Launch,Video,Alberta,0.303,48930,551.2,658.13,30.83,2008.35,13.45,1.194,3.052
2026-01-20,CMP1007,B2B_Partner_Coop,Native,Atlantic,0.941,83437,1355.7,577.46,45.12,2466.68,6.92,0.426,4.272
2025-11-13,CMP1000,Winter_Storm_Alert_Promo,Video,Atlantic,0.34,63771,1032.5,620.08,37.29,2470.43,9.72,0.601,3.984
2025-12-24,CMP1004,Brand_Lift_National,Display,Alberta,0.631,82079,641.3,876.06,30.85,2173.75,10.67,1.366,2.481
2026-02-14,CMP1003,Severe_Weather_Awareness,Connected TV,Atlantic,0.844,41990,587.3,262.08,18.29,1152.12,6.24,0.446,4.396
2025-12-19,CMP1007,B2B_Partner_Coop,Connected TV,British Columbia,0.843,54263,1553.9,435.77,81.18,3488.22,8.03,0.28,8.005
2026-04-05,CMP1006,Spring_Forecast_Launch,Connected TV,British Columbia,0.569,49417,796.1,530.67,33.95,1586.1,10.74,0.667,2.989
2026-04-18,CMP1005,Local_News_Sponsorship,Video,Alberta,0.601,61549,676.6,639.52,24.56,1799.05,10.39,0.945,2.813
2025-12-17,CMP1001,App_Download_Push,Native,Alberta,0.82,57321,416.4,545.75,9.79,420.9,9.52,1.31,0.771
2026-01-28,CMP1006,Spring_Forecast_Launch,Display,Ontario,0.886,48489,1447.6,331.33,59.49,4017.68,6.83,0.229,12.126
2026-03-21,CMP1006,Spring_Forecast_Launch,Search,British Columbia,0.352,60567,1130.2,532.31,38.88,3586.59,8.79,0.471,6.738
2026-03-26,CMP1000,Winter_Storm_Alert_Promo,Search,Atlantic,0.595,61373,601.0,630.12,22.33,558.94,10.27,1.048,0.887
2026-04-21,CMP1000,Winter_Storm_Alert_Promo,Native,Quebec,0.505,39561,604.3,253.59,19.77,1306.33,6.41,0.42,5.151
2026-01-20,CMP1006,Spring_Forecast_Launch,Native,Alberta,0.941,51568,774.4,212.73,46.65,3046.99,4.13,0.275,14.323
2025-11-02,CMP1002,Premium_Upgrade_Q1,Search,Alberta,0.14,52671,672.5,216.39,30.21,3007.37,4.11,0.322,13.898
2025-11-14,CMP1002,Premium_Upgrade_Q1,Video,Quebec,0.127,74843,963.4,279.77,45.82,2337.94,3.74,0.29,8.357
2025-11-01,CMP1001,App_Download_Push,Native,Ontario,0.332,61267,801.5,448.73,24.38,1450.49,7.32,0.56,3.232
2026-03-14,CMP1007,B2B_Partner_Coop,Display,Atlantic,0.557,78030,1112.4,672.11,43.65,2274.23,8.61,0.604,3.384
2026-03-01,CMP1000,Winter_Storm_Alert_Promo,Display,Quebec,0.6,70428,1791.1,637.41,1.79,175.87,9.05,0.356,0.276
2026-02-13,CMP1007,B2B_Partner_Coop,Display,Atlantic,0.8,35754,366.6,358.05,20.06,1786.75,10.01,0.977,4.99
2026-02-28,CMP1007,B2B_Partner_Coop,Search,Quebec,0.727,51306,687.9,451.13,38.72,3232.86,8.79,0.656,7.166
2025-12-05,CMP1001,App_Download_Push,Connected TV,Quebec,0.781,30770,589.9,212.03,31.16,652.95,6.89,0.359,3.08
2025-12-23,CMP1003,Severe_Weather_Awareness,Search,Alberta,0.976,99864,1034.6,626.69,50.19,2637.0,6.28,0.606,4.208
2025-11-24,CMP1006,Spring_Forecast_Launch,Display,British Columbia,0.166,64941,890.8,393.34,49.22,2444.88,6.06,0.442,6.216
2025-11-27,CMP1000,Winter_Storm_Alert_Promo,Native,Atlantic,0.377,39816,534.6,321.59,31.58,1580.04,8.08,0.602,4.913
2026-04-22,CMP1004,Brand_Lift_National,Search,Atlantic,0.651,29235,471.8,264.82,28.98,1304.97,9.06,0.561,4.928
2026-04-28,CMP1004,Brand_Lift_National,Connected TV,Alberta,0.676,61409,688.7,441.85,38.23,3888.48,7.2,0.642,8.8
2026-04-09,CMP1006,Spring_Forecast_Launch,connected tv,Atlantic,0.673,56865,922.8,628.42,50.08,3201.84,11.05,0.681,5.095
2026-03-29,CMP1006,Spring_Forecast_Launch,Connected TV,Quebec,0.305,74775,588.7,858.04,11.93,976.02,11.47,1.458,1.138
2026-04-23,CMP1000,Winter_Storm_Alert_Promo,Video,Atlantic,0.419,57953,1278.2,551.69,82.58,5306.0,9.52,0.432,9.618
2026-03-22,CMP1000,Winter_Storm_Alert_Promo,Display,Alberta,0.353,42306,577.6,219.09,24.48,1443.18,5.18,0.379,6.587
2026-04-25,CMP1000,Winter_Storm_Alert_Promo,Connected TV,British Columbia,0.536,500,9.4,4.65,0.35,23.01,9.31,0.497,4.944
2026-03-02,CMP1001,App_Download_Push,Display,Alberta,0.593,48075,549.6,357.18,19.06,1115.47,7.43,0.65,3.123
2025-11-14,CMP1005,Local_News_Sponsorship,Connected TV,British Columbia,0.127,97002,1266.8,1487.42,34.95,1984.53,15.33,1.174,1.334
2026-02-01,CMP1005,Local_News_Sponsorship,Video,Atlantic,0.705,61360,895.3,839.5,33.16,1230.98,13.68,0.938,1.466
2026-02-11,CMP1003,Severe_Weather_Awareness,Native,Alberta,0.956,71761,1034.8,737.71,20.08,1422.66,10.28,0.713,1.928
2026-02-18,CMP1002,Premium_Upgrade_Q1,Display,Atlantic,0.616,72264,884.7,770.78,19.04,1913.56,10.67,0.871,2.483
2026-04-03,CMP1004,Brand_Lift_National,Display,Atlantic,0.601,47519,945.0,333.81,17.39,713.91,7.02,0.353,2.139
2026-04-23,CMP1000,Winter_Storm_Alert_Promo,Display,Ontario,0.419,40470,1004.4,222.63,72.85,5535.78,5.5,0.222,24.865
2026-01-16,CMP1004,Brand_Lift_National,Search,Quebec,0.809,59948,1152.3,469.06,34.1,1846.12,7.82,0.407,3.936
2026-02-18,CMP1007,B2B_Partner_Coop,Search,Quebec,0.616,74184,1092.5,707.95,33.92,1767.07,9.54,0.648,2.496
2026-03-17,CMP1007,B2B_Partner_Coop,Video,Alberta,0.511,52452,1052.8,487.59,25.05,691.18,9.3,0.463,1.418
2025-11-12,CMP1007,B2B_Partner_Coop,Connected TV,British Columbia,0.243,74998,379.2,503.65,19.56,1161.89,6.72,1.328,2.307
2025-11-25,CMP1004,Brand_Lift_National,Search,Quebec,0.388,54473,1026.5,467.26,28.0,1232.6,8.58,0.455,2.638
2026-01-12,CMP1003,Severe_Weather_Awareness,Native,Quebec,0.694,101303,807.6,611.79,46.21,2625.33,6.04,0.758,4.291
2026-01-13,CMP1004,Brand_Lift_National,Display,Alberta,0.709,65808,909.8,593.29,41.65,3414.28,9.02,0.652,5.755
2026-03-08,CMP1007,B2B_Partner_Coop,Native,Atlantic  ,0.319,58167,1032.1,562.95,77.99,4545.04,9.68,0.545,8.074
2026-04-23,CMP1004,Brand_Lift_National,Video,Atlantic,0.419,53959,196.8,729.15,6.07,194.34,13.51,3.705,0.267
2025-11-27,CMP1007,B2B_Partner_Coop,Display,Atlantic,0.377,40525,450.0,272.64,9.34,326.81,6.73,0.606,1.199
2026-02-10,CMP1002,Premium_Upgrade_Q1,Display,Ontario,0.709,82198,1120.5,1495.48,54.47,2820.88,18.19,1.335,1.886
2025-11-27,CMP1003,Severe_Weather_Awareness,Native,Quebec,0.377,46010,46.0,275.75,3.73,286.18,5.99,5.993,1.038
2026-01-12,CMP1003,Severe_Weather_Awareness,Search,Atlantic,0.694,71373,1449.8,787.93,72.72,4922.14,11.04,0.543,6.247
2025-12-10,CMP1003,Severe_Weather_Awareness,Search,British Columbia,0.987,53612,359.8,581.88,13.89,666.74,10.85,1.617,1.146
2026-04-14,CMP1005,Local_News_Sponsorship,Video,Ontario,0.669,56858,1032.8,618.08,41.88,2810.78,10.87,0.598,4.548
2026-01-15,CMP1006,Spring_Forecast_Launch,Search,British Columbia,0.822,51453,768.2,580.79,52.09,3483.62,11.29,0.756,5.998
2025-11-26,CMP1003,Severe_Weather_Awareness,Video,British Columbia,0.145,25095,356.1,260.14,10.23,631.01,10.37,0.731,2.426
2026-01-24,CMP1005,Local_News_Sponsorship,Search,Quebec,0.625,51984,762.1,598.3,44.88,3394.57,11.51,0.785,5.674
2026-01-29,CMP1003,Severe_Weather_Awareness,Native,Atlantic,0.875,72711,1808.8,712.68,82.08,10588.95,9.8,0.394,14.858
2025-11-03,CMP1003,Severe_Weather_Awareness,Display,British Columbia,0.147,63577,1359.5,358.91,54.51,6374.99,5.65,0.264,17.762
2025-12-25,CMP1006,Spring_Forecast_Launch,Connected TV,British Columbia,0.638,54044,1148.1,446.23,62.03,653.57,8.26,0.389,1.465
2026-03-23,CMP1005,Local_News_Sponsorship,Connected TV,Quebec,0.372,27118,522.3,289.72,32.59,1587.96,10.68,0.555,5.481
2025-12-26,CMP1003,Severe_Weather_Awareness,Video,Ontario,0.931,38927,735.3,412.58,9.84,621.41,10.6,0.561,1.506
2025-12-06,CMP1002,Premium_Upgrade_Q1,Display,Atlantic,0.682,50824,714.6,401.81,26.75,1034.42,7.91,0.562,2.574
2026-02-05,CMP1007,B2B_Partner_Coop,Native,Ontario,0.851,52719,849.9,594.5,39.22,1305.6,11.28,0.699,2.196
2025-12-16,CMP1005,Local_News_Sponsorship,Video,Quebec,0.729,47983,896.6,462.69,30.45,2719.35,9.64,0.516,5.877
2026-04-03,CMP1001,App_Download_Push,Native,British Columbia,0.601,47909,47.9,391.99,1.63,46.37,8.18,8.182,0.118
2026-03-21,CMP1002,Premium_Upgrade_Q1,Video,British Columbia,0.352,43265,1182.5,535.55,31.64,2986.06,12.38,0.453,5.576
2025-11-05,CMP1001,App_Download_Push,Search,Alberta,0.105,32719,125.3,280.5,5.07,317.58,8.57,2.239,1.132
2026-01-30,CMP1004,Brand_Lift_National,Connected TV,Quebec,0.87,51840,900.4,452.49,32.61,2264.59,8.73,0.503,5.005
2025-11-30,CMP1003,Severe_Weather_Awareness,Connected TV,Quebec,0.151,94504,2037.2,1272.91,45.68,2421.05,13.47,0.625,1.902
2026-02-23,CMP1001,App_Download_Push,Connected TV,Quebec,0.77,38665,1087.9,509.69,16.21,788.96,13.18,0.469,1.548
2026-03-31,CMP1004,Brand_Lift_National,Native,Atlantic,0.39,66533,524.9,531.3,23.38,1726.65,7.99,1.012,3.25
2025-11-30,CMP1002,Premium_Upgrade_Q1,Connected TV,Quebec,0.151,69959,1299.4,765.15,61.11,3749.82,10.94,0.589,4.901
2025-11-23,CMP1003,Severe_Weather_Awareness,Video,Quebec,0.383,1913607,168.5682369800254,889.4,59.14,3924.39,11.5,0.708,4.412
2026-01-31,CMP1004,Brand_Lift_National,Connected TV,Ontario,0.712,78576,1417.7,349.7,36.91,2864.83,4.45,0.247,8.192
2026-01-10,CMP1003,Severe_Weather_Awareness,Search,Alberta,0.617,100684,2790.0,952.9,93.47,4405.64,9.46,0.342,4.623
2026-02-15,CMP1003,Severe_Weather_Awareness,Native,Quebec,0.683,43043,383.4,43.04,11.16,724.87,1.0,0.112,16.84
2026-04-16,CMP1007,B2B_Partner_Coop,Connected TV,Ontario,0.544,41044,1185.8,168.65,54.88,4690.13,4.11,0.142,27.81
2026-01-05,CMP1006,Spring_Forecast_Launch,Connected TV,Quebec,0.64,61062,619.3,419.4,22.02,1540.39,6.87,0.677,3.673
2025-12-09,CMP1001,App_Download_Push,Connected TV,Quebec,0.866,39174,1461.1,294.02,70.46,7077.67,7.51,0.201,24.072
2026-01-18,CMP1007,B2B_Partner_Coop,Search,Ontario,0.731,89215,572.0,953.86,37.84,2957.91,10.69,1.667,3.101
2026-01-14,CMP1002,Premium_Upgrade_Q1,Display,British Columbia,0.737,45918,739.9,362.02,54.26,1677.25,7.88,0.489,4.633
2025-11-10,CMP1001,App_Download_Push,Display,Atlantic,0.221,23720,357.0,189.54,6.4,480.53,7.99,0.531,2.535
2026-03-14,CMP1005,Local_News_Sponsorship,Display,Alberta,0.557,48023,419.9,583.29,20.48,209.76,12.15,1.389,0.36
2025-12-16,CMP1007,B2B_Partner_Coop,Video,British Columbia,0.729,81225,1203.0,460.13,23.54,1336.45,5.66,0.382,2.905
2026-02-04,CMP1001,App_Download_Push,Search,Quebec,0.654,20584,283.1,152.86,8.47,763.2,7.43,,4.993
2026-01-28,CMP1007,B2B_Partner_Coop,Video,British Columbia,0.886,15712,331.9,156.66,19.34,875.9,9.97,0.472,5.591
2026-04-22,CMP1002,Premium_Upgrade_Q1,Search,Alberta,0.651,74828,646.7,558.52,28.76,1701.03,7.46,0.864,3.046
2026-03-03,CMP1004,Brand_Lift_National,Search,Ontario,0.369,32389,559.1,157.55,23.09,1215.91,4.86,,7.718
2026-01-23,CMP1003,Severe_Weather_Awareness,Native,British Columbia,0.64,88124,2065.4,846.19,12.72,665.29,9.6,0.41,0.786
2025-11-27,CMP1001,App_Download_Push,Display,Alberta,0.377,56230,1391.2,528.52,65.3,5278.02,9.4,0.38,9.986
2026-03-31,CMP1005,Local_News_Sponsorship,Video,Ontario,0.39,31673,154.4,318.42,7.46,984.31,10.05,2.063,3.091
2026-04-14,CMP1007,B2B_Partner_Coop,Native,Ontario,0.669,55676,1124.2,650.23,53.79,4138.93,11.68,0.578,6.365
2025-11-04,CMP1002,Premium_Upgrade_Q1,Video,Alberta,0.314,46687,222.5,208.27,10.51,573.26,4.46,0.936,2.753
2025-11-29,CMP1004,Brand_Lift_National,Display,British Columbia,0.374,56452,940.2,410.05,49.27,1665.05,7.26,0.436,4.061
2025-12-04,CMP1005,Local_News_Sponsorship,Search,Quebec,0.786,80664,2762.7,510.57,139.32,4017.66,6.33,0.185,7.869
2026-03-29,CMP1004,Brand_Lift_National,Native,Ontario,0.305,27597,470.3,215.82,28.32,1774.94,7.82,0.459,8.224
2025-12-25,CMP1006,Spring_Forecast_Launch,Search,Ontario,0.638,48740,580.4,278.78,27.82,1814.47,5.72,0.48,6.509
2025-12-02,CMP1001,App_Download_Push,native,Ontario,0.662,52120,933.8,548.15,58.04,4204.18,10.52,0.587,7.67
2026-03-15,CMP1000,Winter_Storm_Alert_Promo,Connected TV,Quebec,0.615,76502,1577.7,641.08,84.47,7490.95,8.38,0.406,11.685
2026-02-14,CMP1004,Brand_Lift_National,Native,Quebec,0.844,56455,328.6,275.92,8.54,790.43,4.89,0.84,2.865
2026-03-31,CMP1001,App_Download_Push,Connected TV,British Columbia,0.39,59131,602.9,729.04,19.66,1804.21,12.33,1.209,2.475
2026-04-28,CMP1005,Local_News_Sponsorship,Search,Ontario,0.676,61047,1238.1,392.87,45.65,3538.14,6.44,0.317,9.006
2026-04-17,CMP1002,Premium_Upgrade_Q1,Connected TV,British Columbia,0.65,50183,682.8,243.51,26.84,1193.46,4.85,0.357,4.901
2026-02-19,CMP1000,Winter_Storm_Alert_Promo,Search,British Columbia,0.729,46638,668.2,462.07,20.66,1777.8,9.91,0.692,3.848
2026-01-19,CMP1000,Winter_Storm_Alert_Promo,Display,Quebec,0.774,81610,1875.9,369.68,150.67,8668.97,4.53,0.197,23.45
2026-04-10,CMP1003,Severe_Weather_Awareness,Connected TV,British Columbia,0.456,92068,1314.5,980.58,47.17,4265.26,10.65,0.746,4.35
2026-01-29,CMP1004,Brand_Lift_National,Connected TV,Atlantic,0.875,54691,946.8,416.96,48.27,3482.9,7.62,0.44,8.353
2026-04-16,CMP1007,B2B_Partner_Coop,Display,Quebec,0.544,57777,992.4,557.1,27.87,1123.73,9.64,0.561,2.017
2026-04-10,CMP1002,Premium_Upgrade_Q1,Display,Ontario,0.456,10588,126.7,107.83,3.28,379.88,10.18,0.851,3.523
2025-11-19,CMP1003,Severe_Weather_Awareness,Connected TV,Quebec,0.142,67864,1534.0,432.18,67.33,4724.28,6.37,0.282,10.931
2026-01-03,CMP1001,App_Download_Push,Native,Alberta,0.611,55685,790.6,588.57,11.41,373.2,10.57,0.744,0.634
2026-01-04,CMP1001,App_Download_Push,Search,Alberta,0.762,65699,81.9,397.06,4.97,198.4,6.04,4.85,0.5
2026-02-17,CMP1005,Local_News_Sponsorship,Search,British Columbia,0.614,35221,714.8,274.3,32.37,2356.17,7.79,0.384,8.59
2026-03-13,CMP1006,Spring_Forecast_Launch,Search,Quebec,0.33,41832,488.4,337.19,19.15,862.56,8.06,0.69,2.558
2025-11-11,CMP1000,Winter_Storm_Alert_Promo,Display,British Columbia,0.281,15571,297.8,179.58,16.87,559.36,11.53,0.603,3.115
2025-12-30,CMP1004,Brand_Lift_National,Connected TV,Alberta,0.769,45730,671.2,494.45,29.36,2516.98,10.81,0.737,5.09
2026-03-08,CMP1006,Spring_Forecast_Launch,Native,Ontario,0.319,54596,642.5,484.78,22.96,1826.77,8.88,0.755,3.768
2025-12-08,CMP1003,Severe_Weather_Awareness,Video,British Columbia,0.915,65519,889.9,482.68,33.38,2164.98,7.37,0.542,4.485
2025-12-14,CMP1006,Spring_Forecast_Launch,Video,Ontario,0.816,41713,766.3,292.15,37.18,895.0,7.0,0.381,3.064
2026-01-24,CMP1003,Severe_Weather_Awareness,Display,Quebec,0.625,21976,452.0,172.93,17.17,1517.73,7.87,0.383,8.776
2026-01-17,CMP1007,B2B_Partner_Coop,Search,Ontario,0.604,42771,793.4,486.18,24.79,1636.38,11.37,0.613,3.366
2026-03-29,CMP1001,App_Download_Push,Display,Quebec,0.305,68756,606.3,499.94,31.87,554.97,7.27,0.825,1.11
2025-11-20,CMP1002,Premium_Upgrade_Q1,Search,Atlantic,0.355,48048,640.6,435.54,28.74,2948.19,9.06,0.68,6.769
2025-12-29,CMP1000,Winter_Storm_Alert_Promo,Native,British Columbia,0.631,76275,1242.5,845.55,73.4,5186.56,11.09,0.681,6.134
2026-01-09,CMP1006,Spring_Forecast_Launch,Display,Ontario,0.879,62695,704.2,456.7,12.64,753.81,7.28,0.649,1.651
2026-01-03,CMP1007,B2B_Partner_Coop,Connected TV,Atlantic,0.611,48649,496.9,542.17,20.5,643.12,11.14,1.091,1.186
2026-01-10,CMP1005,Local_News_Sponsorship,Search,Atlantic,0.617,54324,488.1,287.87,15.28,1032.6,5.3,0.59,3.587
2025-12-14,CMP1006,Spring_Forecast_Launch,Native,British Columbia,0.816,46683,433.5,283.62,27.14,1233.36,6.08,0.654,4.349
2025-12-27,CMP1002,Premium_Upgrade_Q1,Display,Atlantic,0.815,115040,1781.6,2251.04,88.29,5946.07,19.57,1.264,2.641
2026-03-12,CMP1000,Winter_Storm_Alert_Promo,Search,Quebec,0.555,24066,583.4,126.3,20.95,1215.87,5.25,0.216,9.627
2026-01-17,CMP1004,Brand_Lift_National,Video,Alberta,0.604,70251,2098.9,731.16,48.46,3329.31,10.41,0.348,4.553
2026-04-16,CMP1005,Local_News_Sponsorship,Native,Atlantic,0.544,41810,669.3,308.37,40.8,2460.82,7.38,0.461,7.98
2026-04-26,CMP1005,Local_News_Sponsorship,Search,Quebec,0.419,40824,319.1,268.69,11.79,842.6,6.58,0.842,3.136
2026-01-18,CMP1000,Winter_Storm_Alert_Promo,Search,Alberta,0.731,131702,1574.7,1517.2,58.67,3165.58,11.52,0.963,2.086
2025-11-21,CMP1004,Brand_Lift_National,Native,Ontario,0.139,58398,1074.7,214.24,21.05,2198.88,3.67,0.199,10.264
2026-02-08,CMP1005,Local_News_Sponsorship,Display,Ontario,0.685,26290,686.3,260.81,33.55,2018.34,9.92,0.38,7.739
2026-02-05,CMP1004,Brand_Lift_National,Connected TV,British Columbia,0.851,33193,630.3,369.35,19.73,1509.05,11.13,0.586,4.086
2026-03-14,CMP1005,Local_News_Sponsorship,Native,Quebec,0.557,41004,797.0,374.74,25.96,1364.11,9.14,0.47,3.64
2026-01-06,CMP1004,Brand_Lift_National,Search,Ontario,0.77,45580,248.2,379.11,2.23,129.59,8.32,1.527,0.342
2025-11-15,CMP1005,Local_News_Sponsorship,Native,Atlantic,0.186,26072,584.7,240.31,6.6,566.35,9.22,0.411,2.357
2026-03-10,CMP1002,Premium_Upgrade_Q1,Display,British Columbia,0.348,33813,477.3,445.78,14.51,440.27,13.18,0.934,0.988
2026-02-20,CMP1002,Premium_Upgrade_Q1,Search,,0.916,25447,,,32.99,2819.05,8.55,,12.958
2025-11-04,CMP1002,Premium_Upgrade_Q1,Search,Ontario,0.314,87416,1514.6,706.56,79.14,6133.47,8.08,0.466,8.681
2025-12-09,CMP1004,Brand_Lift_National,Connected TV,Atlantic,0.866,65299,1731.4,458.09,43.18,1625.01,7.02,0.265,3.547
2026-04-24,CMP1001,App_Download_Push,Video,Alberta,0.658,46616,934.8,343.85,15.16,1107.42,7.38,0.368,3.221
2025-11-25,CMP1001,App_Download_Push,Native,British Columbia,0.388,19812,201.0,69.88,9.67,1038.61,3.53,0.348,14.863
2025-12-25,CMP1004,Brand_Lift_National,Connected TV,Ontario,0.638,58546,1691.4,443.77,101.53,4479.13,7.58,0.262,10.093
2026-03-08,CMP1003,Severe_Weather_Awareness,Search,Ontario,0.319,69754,1167.1,613.45,27.3,2640.36,8.79,0.526,4.304
2026-02-25,CMP1006,Spring_Forecast_Launch,Video,Ontario,0.861,60061,657.6,404.89,26.24,1948.58,6.74,0.616,4.813
2026-04-29,CMP1007,B2B_Partner_Coop,Video,Alberta,0.619,32714,699.2,263.64,37.93,2092.78,8.06,0.377,7.938
2026-01-19,CMP1005,Local_News_Sponsorship,Native,Quebec,0.774,63473,969.7,485.84,63.79,4364.8,7.65,0.501,8.984
2026-04-13,CMP1005,Local_News_Sponsorship,Connected TV,Alberta,0.602,36183,601.9,545.46,13.0,151.47,15.07,0.906,0.278
2026-04-26,CMP1006,Spring_Forecast_Launch,Display,Atlantic,0.419,60633,430.9,499.45,13.79,738.83,8.24,1.159,1.479
2026-04-27,CMP1007,B2B_Partner_Coop,Native,British Columbia,0.511,66494,1402.8,581.75,73.69,5023.27,8.75,0.415,8.635
2026-02-04,CMP1006,Spring_Forecast_Launch,Search,Alberta,0.654,35615,664.5,394.17,26.82,1774.95,11.07,0.593,4.503
2025-11-14,CMP1005,Local_News_Sponsorship,Native,Quebec,0.127,66883,1134.8,1036.79,29.94,1968.08,15.5,0.914,1.898
2025-11-24,CMP1001,App_Download_Push,search,Ontario,0.166,77515,1110.2,951.25,60.52,3545.19,12.27,0.857,3.727
2026-03-27,CMP1001,App_Download_Push,Display,Atlantic,0.462,54588,768.2,1237.98,28.94,1536.42,22.68,1.612,1.241
2025-12-09,CMP1007,B2B_Partner_Coop,Search,Alberta,0.866,53194,351.6,521.06,24.99,1639.0,9.8,1.482,3.145
2026-04-25,CMP1007,B2B_Partner_Coop,Search,Quebec,0.536,50462,1045.4,356.53,10.78,455.93,7.07,0.341,1.279
2025-12-06,CMP1007,B2B_Partner_Coop,Display,British Columbia,0.682,85490,2080.5,686.3,108.41,8638.43,8.03,0.33,12.587
2026-03-18,CMP1003,Severe_Weather_Awareness,Connected TV,British Columbia,0.677,58412,1252.0,479.76,75.85,7496.09,8.21,0.383,15.625
2025-12-27,CMP1006,Spring_Forecast_Launch,Connected TV,Ontario,0.815,92515,2276.3,2044.86,2.28,226.88,22.1,0.898,0.111
2026-03-11,CMP1007,B2B_Partner_Coop,Search,Alberta,0.66,53290,1079.5,466.45,65.75,2927.34,8.75,0.432,6.276
2026-04-11,CMP1005,Local_News_Sponsorship,Connected TV,Quebec  ,0.61,60706,675.4,301.36,36.55,1738.81,4.96,0.446,5.77
2026-04-10,CMP1004,Brand_Lift_National,Display,Quebec,0.456,61845,1249.8,536.22,60.38,6812.89,8.67,0.429,12.705
2025-11-06,CMP1003,Severe_Weather_Awareness,Search,Alberta,0.253,41391,354.7,398.92,21.87,1387.97,9.64,1.125,3.479
2025-11-07,CMP1006,Spring_Forecast_Launch,Video,British Columbia,0.262,43825,683.0,459.7,22.74,1455.48,10.49,0.673,3.166
2026-01-09,CMP1004,Brand_Lift_National,Search,Quebec,0.879,59609,656.3,306.48,33.48,2630.74,5.14,0.467,8.584
2026-04-25,CMP1003,Severe_Weather_Awareness,Search,Ontario,0.536,50232,424.6,418.94,11.38,927.88,8.34,0.987,2.215
2026-01-16,CMP1002,Premium_Upgrade_Q1,Search,Ontario,0.809,43449,717.7,283.1,25.84,1310.5,6.52,0.394,4.629
2025-12-16,CMP1004,Brand_Lift_National,Display,Ontario,0.729,43962,1060.8,525.34,35.94,1650.41,11.95,0.495,3.142
2025-12-13,CMP1001,App_Download_Push,Display,Ontario,0.669,76811,732.3,1191.43,26.29,714.59,15.51,1.627,0.6
2026-03-02,CMP1006,Spring_Forecast_Launch,Search,Quebec,0.593,58703,1072.6,554.78,35.71,3086.89,9.45,0.517,5.564
2026-01-14,CMP1007,B2B_Partner_Coop,Video,Alberta,0.737,66015,1041.7,532.13,18.84,1272.58,8.06,0.511,2.391
2026-04-11,CMP1006,Spring_Forecast_Launch,Native,Quebec,0.61,57756,57.8,237.07,3.43,173.6,4.1,4.105,0.732
2026-04-05,CMP1001,App_Download_Push,Native,Quebec,0.569,45700,535.2,169.24,26.1,2148.52,3.7,0.316,12.695
2026-01-04,CMP1006,Spring_Forecast_Launch,Display,British Columbia,0.762,114253,2424.6,1121.11,66.16,5617.45,9.81,0.462,5.011
2026-03-26,CMP1003,Severe_Weather_Awareness,Search,Ontario,0.595,52969,789.7,472.08,42.88,2765.75,8.91,0.598,5.859
2025-12-16,CMP1003,Severe_Weather_Awareness,Search,Ontario,0.729,54151,1058.1,180.36,34.04,2460.46,3.33,0.17,13.642
2026-04-02,CMP1003,Severe_Weather_Awareness,Display,Quebec,0.656,35892,783.9,260.79,31.36,741.12,7.27,0.333,2.842
2025-12-16,CMP1007,B2B_Partner_Coop,Video,Ontario,0.729,56949,657.9,709.68,14.91,1179.61,12.46,1.079,1.662
2026-02-22,CMP1006,Spring_Forecast_Launch,Video,Quebec,0.625,46984,543.7,554.39,21.95,1371.55,11.8,1.02,2.474
2026-03-20,CMP1000,Winter_Storm_Alert_Promo,Native,Quebec,0.502,149347,1168.5,1820.29,61.67,1513.45,12.19,1.558,0.831
2026-04-21,CMP1005,Local_News_Sponsorship,Display,British Columbia,0.505,56922,709.0,728.3,27.85,443.96,12.79,1.027,0.61
2025-11-29,CMP1007,B2B_Partner_Coop,Native,Ontario,0.374,51427,687.3,387.02,28.24,1855.12,7.53,0.563,4.793
2026-01-27,CMP1000,Winter_Storm_Alert_Promo,Video,Alberta,0.948,49404,801.5,867.6,26.81,1741.01,17.56,1.083,2.007
2026-03-06,CMP1007,B2B_Partner_Coop,Display,Alberta,0.632,56126,857.5,338.3,39.92,3861.17,6.03,0.395,11.413
2026-03-26,CMP1006,Spring_Forecast_Launch,Connected TV,Quebec,0.595,40519,443.3,121.97,24.54,682.3,3.01,0.275,5.594
2025-11-06,CMP1002,Premium_Upgrade_Q1,Connected TV,British Columbia,0.253,29325,501.6,279.41,20.95,1548.41,9.53,0.557,5.542
2026-03-29,CMP1001,App_Download_Push,Video,Ontario,0.305,34704,692.0,481.51,34.59,1411.95,13.87,0.696,2.932
2026-01-23,CMP1004,Brand_Lift_National,Native,British Columbia,0.64,25267,89.3,177.85,4.88,316.99,7.04,1.991,1.782
2026-01-07,CMP1007,B2B_Partner_Coop,Video,Quebec,1.0,31730,651.1,116.43,11.64,895.1,3.67,0.179,7.688
2025-12-01,CMP1004,Brand_Lift_National,Display,Atlantic,0.68,70036,945.2,769.09,55.18,2850.24,10.98,0.814,3.706
2025-12-18,CMP1006,Spring_Forecast_Launch,Video,Atlantic,0.95,57818,981.8,598.92,30.93,1319.98,10.36,0.61,2.204
2026-03-23,CMP1006,Spring_Forecast_Launch,Video,Atlantic,0.372,45419,567.7,314.94,23.11,1757.69,6.93,0.555,5.581
2026-04-15,CMP1002,Premium_Upgrade_Q1,Video,Alberta,0.56,48248,548.0,408.46,42.03,1281.85,8.47,0.745,3.138
2026-02-13,CMP1006,Spring_Forecast_Launch,Connected TV,British Columbia,0.8,39010,815.5,298.32,14.83,1596.24,7.65,0.366,5.351
2026-02-15,CMP1004,Brand_Lift_National,Native,British Columbia,0.683,43079,555.2,504.34,32.27,2708.36,11.71,0.908,5.37
2026-01-01,CMP1000,Winter_Storm_Alert_Promo,Video,British Columbia,0.954,78356,558.5,431.45,20.45,1254.62,5.51,0.773,2.908
2026-01-27,CMP1006,Spring_Forecast_Launch,Connected TV,Alberta,0.948,163940,5193.5,2070.05,291.17,19081.63,12.63,0.399,9.218
2025-12-26,CMP1006,Spring_Forecast_Launch,Video,Ontario,0.931,46642,815.2,176.85,46.43,4116.42,3.79,0.217,23.276
2026-02-09,CMP1005,Local_News_Sponsorship,Video,British Columbia,0.796,59474,1088.3,636.96,50.9,3873.52,10.71,0.585,6.081
2026-02-09,CMP1000,Winter_Storm_Alert_Promo,Native,Atlantic,0.796,92364,1171.4,668.41,58.97,4475.03,7.24,0.571,6.695
2025-11-06,CMP1002,Premium_Upgrade_Q1,Native,Quebec,0.253,65391,1020.9,431.2,27.68,1501.42,6.59,0.422,3.482
2025-12-22,CMP1002,Premium_Upgrade_Q1,Search,Quebec,0.871,73747,1288.5,1097.4,92.74,6841.77,14.88,0.852,6.235
2026-02-18,CMP1005,Local_News_Sponsorship,Display,British Columbia,0.616,41956,448.8,250.9,14.7,692.52,5.98,0.559,2.76
2026-01-29,CMP1006,Spring_Forecast_Launch,Connected TV,Atlantic  ,0.875,37751,570.6,325.28,32.22,1287.0,8.62,0.57,3.957
2026-01-04,CMP1006,Spring_Forecast_Launch,Search,Atlantic,0.762,56484,1441.3,592.1,71.47,2163.15,10.48,0.411,3.653
2025-12-30,CMP1006,Spring_Forecast_Launch,Native,Atlantic,0.769,40484,769.4,417.45,32.92,2859.43,10.31,0.543,6.85
2026-04-09,CMP1000,Winter_Storm_Alert_Promo,Native,Alberta,0.673,78286,1095.4,649.45,54.0,3456.77,8.3,0.593,5.323
2025-11-07,CMP1001,App_Download_Push,Video,Quebec,0.262,42950,822.1,415.88,28.15,2403.12,9.68,0.506,5.778
2025-11-14,CMP1002,Premium_Upgrade_Q1,Display,British Columbia,0.127,78197,616.9,369.22,26.06,1863.08,4.72,0.599,5.046
2026-03-19,CMP1001,App_Download_Push,Connected TV,Atlantic,0.363,35402,608.8,88.87,21.32,1196.47,2.51,0.146,13.464
2025-12-15,CMP1003,Severe_Weather_Awareness,Native,Quebec,0.976,51177,51.2,410.63,1.47,122.46,8.02,8.024,0.298
2026-01-21,CMP1002,Premium_Upgrade_Q1,Display,British Columbia,0.92,45063,354.1,467.57,15.16,1064.84,10.38,1.32,2.277
2025-12-16,CMP1006,Spring_Forecast_Launch,Video,Ontario,0.729,66536,668.9,547.19,34.12,1866.09,8.22,0.818,3.41
2026-04-22,CMP1002,Premium_Upgrade_Q1,Connected TV,Alberta,0.651,50884,784.7,399.62,35.39,3904.75,7.85,0.509,9.771
2026-02-11,CMP1002,Premium_Upgrade_Q1,Video,British Columbia,0.956,29921,567.7,202.54,37.13,3420.12,6.77,0.357,16.886
2026-02-21,CMP1001,App_Download_Push,Native,Alberta,0.763,36193,320.2,386.24,8.45,598.34,10.67,1.206,1.549
2026-03-28,CMP1005,Local_News_Sponsorship,Search,Ontario,0.634,79773,1280.9,460.23,101.2,6073.6,5.77,0.359,13.197
2026-01-20,CMP1004,Brand_Lift_National,Search,Atlantic,0.941,45109,742.8,441.31,20.62,1268.76,9.78,0.594,2.875
2026-04-29,CMP1006,Spring_Forecast_Launch,Native,Alberta,0.619,34858,193.6,211.17,8.5,464.18,6.06,1.091,2.198
2025-11-09,CMP1004,Brand_Lift_National,Native,Alberta,0.317,67126,1815.9,409.56,93.05,2907.95,6.1,0.226,7.1
2026-01-15,CMP1004,Brand_Lift_National,Connected TV,British Columbia,0.822,64847,1972.2,583.39,75.73,1196.7,9.0,0.296,2.051
2026-03-02,CMP1005,Local_News_Sponsorship,Search,Quebec,0.593,36645,504.6,257.11,11.34,728.91,7.02,0.51,2.835
2026-02-03,CMP1002,Premium_Upgrade_Q1,Display,Atlantic,0.628,68349,210.2,809.86,7.75,533.2,11.85,3.852,0.658
2025-11-18,CMP1006,Spring_Forecast_Launch,video,Atlantic,0.198,39725,755.2,271.16,30.8,1617.63,6.83,0.359,5.966
2026-04-17,CMP1006,Spring_Forecast_Launch,Search,British Columbia,0.65,41809,866.0,424.85,22.08,1195.23,10.16,0.491,2.813
2026-04-29,CMP1007,B2B_Partner_Coop,Display,Ontario,0.619,65243,1305.9,721.06,44.94,1388.44,11.05,0.552,1.926
2025-11-21,CMP1007,B2B_Partner_Coop,Connected TV,British Columbia,0.139,61514,817.1,533.79,27.21,1503.34,8.68,0.653,2.816
2025-12-23,CMP1000,Winter_Storm_Alert_Promo,Search,Ontario,0.976,26623,474.5,157.76,21.89,1179.09,5.93,0.332,7.474
2025-12-29,CMP1007,B2B_Partner_Coop,Connected TV,Ontario,0.631,67056,1715.0,371.25,102.17,5909.48,5.54,0.216,15.918
2025-12-27,CMP1002,Premium_Upgrade_Q1,Native,Quebec,0.815,95031,403.3,1119.91,3.64,171.42,11.78,2.777,0.153
2025-12-16,CMP1000,Winter_Storm_Alert_Promo,Video,Quebec,0.729,89467,2224.5,755.49,99.58,5685.75,8.44,0.34,7.526
2025-12-05,CMP1004,Brand_Lift_National,Connected TV,Atlantic,0.781,39493,718.2,303.65,21.1,1134.99,7.69,0.423,3.738
2025-12-06,CMP1000,Winter_Storm_Alert_Promo,Video,Atlantic,0.682,70806,1092.9,517.35,70.18,5329.52,7.31,0.473,10.302
2026-02-12,CMP1004,Brand_Lift_National,Native,Atlantic,0.805,57048,1017.5,496.23,31.47,1933.31,8.7,0.488,3.896
2026-02-27,CMP1004,Brand_Lift_National,Search,British Columbia,0.742,42051,358.8,307.15,13.79,438.4,7.3,0.856,1.427
2025-12-23,CMP1007,B2B_Partner_Coop,Connected TV,Alberta,0.976,32997,621.1,264.33,17.0,1251.74,8.01,0.426,4.736
2025-11-19,CMP1004,Brand_Lift_National,Connected TV,Atlantic,0.142,38085,517.8,306.83,17.78,474.19,8.06,0.593,1.545
2026-02-09,CMP1000,Winter_Storm_Alert_Promo,Search,Atlantic,0.796,35175,576.1,368.95,13.15,804.08,10.49,0.64,2.179
2026-01-22,CMP1003,Severe_Weather_Awareness,Search,Ontario,0.923,45603,987.0,576.21,7.37,709.43,12.64,0.584,1.231
2026-03-11,CMP1003,Severe_Weather_Awareness,Search,Quebec,0.66,77425,1269.5,651.1,58.58,6192.35,8.41,0.513,9.511
2026-01-19,CMP1006,Spring_Forecast_Launch,Display,Alberta,0.774,57443,1400.6,278.28,90.89,6487.69,4.84,0.199,23.314
2026-04-28,CMP1006,Spring_Forecast_Launch,Search,Ontario,0.676,51155,454.2,282.82,13.11,703.79,5.53,0.623,2.488
2026-04-25,CMP1001,App_Download_Push,Display,Alberta,0.536,66260,1390.3,481.76,32.51,674.01,7.27,0.347,1.399
2026-01-03,CMP1007,B2B_Partner_Coop,Connected TV,British Columbia,0.611,54071,1373.8,444.12,48.23,3580.94,8.21,0.323,8.063
2026-02-19,CMP1002,Premium_Upgrade_Q1,Video,Quebec,0.729,40867,803.0,405.46,39.41,3162.07,9.92,0.505,7.799
2026-03-06,CMP1006,Spring_Forecast_Launch,Video,Quebec,0.632,50858,952.7,227.38,36.64,2472.92,4.47,0.239,10.876
2026-01-21,CMP1003,Severe_Weather_Awareness,Video,Quebec,0.92,40898,954.9,305.54,32.54,1515.39,7.47,0.32,4.96
2026-02-23,CMP1006,Spring_Forecast_Launch,Native,British Columbia,0.77,60788,1532.5,861.07,83.08,6738.9,14.16,0.562,7.826
2026-04-15,CMP1000,Winter_Storm_Alert_Promo,Search,British Columbia,0.56,69497,570.4,458.59,16.5,1081.13,6.6,0.804,2.358
2026-01-05,CMP1005,Local_News_Sponsorship,Connected TV,Quebec,0.64,58966,1077.6,689.12,64.63,2073.15,11.69,0.64,3.008
2025-12-10,CMP1006,Spring_Forecast_Launch,Display,Quebec,0.987,78600,1512.1,627.78,59.55,3468.28,7.99,0.415,5.525
2026-02-28,CMP1000,Winter_Storm_Alert_Promo,Native,Atlantic,0.727,38269,714.8,497.64,33.95,1932.35,13.0,0.696,3.883
2025-12-01,CMP1000,Winter_Storm_Alert_Promo,Display,Quebec,0.68,78445,1402.8,490.79,63.24,7181.09,6.26,0.35,14.632
2026-01-06,CMP1006,Spring_Forecast_Launch,Video,British Columbia,0.77,39793,402.0,391.32,18.58,1137.08,9.83,0.973,2.906
2026-02-14,CMP1007,B2B_Partner_Coop,Search,British Columbia,0.844,30160,733.4,225.41,22.19,1910.74,7.47,0.307,8.477
2025-11-07,CMP1005,Local_News_Sponsorship,Video,Atlantic,0.262,60092,703.2,342.11,15.64,1043.58,5.69,0.486,3.05
2025-12-14,CMP1005,Local_News_Sponsorship,Video,Alberta,0.816,62588,854.7,153.16,30.32,2025.9,2.45,0.179,13.228
2026-04-03,CMP1002,Premium_Upgrade_Q1,Connected TV,British Columbia,0.601,42114,495.1,346.97,14.18,1044.91,8.24,0.701,3.012
2025-11-26,CMP1000,Winter_Storm_Alert_Promo,Search,Ontario,0.145,81873,1979.0,905.02,96.3,4612.71,11.05,0.457,5.097
2026-02-03,CMP1006,Spring_Forecast_Launch,Display,Ontario,0.628,64499,2189.5,730.86,81.08,4105.28,11.33,0.334,5.617
2026-03-11,CMP1004,Brand_Lift_National,Video,Atlantic,0.66,53902,352.6,424.35,9.85,660.71,7.87,1.204,1.557
2026-04-15,CMP1006,Spring_Forecast_Launch,Connected TV,Ontario,0.56,67925,2107.7,636.17,75.2,2026.92,9.37,,3.186
2026-02-23,CMP1001,App_Download_Push,Search,British Columbia,0.77,28496,194.1,318.62,7.5,401.54,11.18,1.641,1.26
2025-11-05,CMP1002,Premium_Upgrade_Q1,Native,Atlantic,0.105,35157,515.0,306.22,15.24,1244.21,8.71,0.595,4.063
2026-04-26,CMP1000,Winter_Storm_Alert_Promo,Native,British Columbia,0.419,18286,204.9,169.03,5.77,311.69,9.24,0.825,1.844
2026-03-23,CMP1005,Local_News_Sponsorship,Display,Alberta,0.372,65694,918.6,570.9,35.23,2142.92,8.69,0.621,3.754
2026-03-16,CMP1003,Severe_Weather_Awareness,Search,Alberta,0.303,143570,1533.7,2037.41,64.36,3744.68,14.19,1.328,1.838
2026-01-02,CMP1005,Local_News_Sponsorship,Connected TV,Quebec,0.632,28568,324.5,319.55,10.5,766.19,11.19,0.985,2.398
2026-01-22,CMP1004,Brand_Lift_National,Video,Atlantic,0.923,57225,930.4,291.36,35.74,2691.79,5.09,0.313,9.239
2026-03-09,CMP1006,Spring_Forecast_Launch,Connected TV,British Columbia,0.405,57149,158.9,559.17,4.18,264.58,9.78,3.52,0.473
2025-12-11,CMP1004,Brand_Lift_National,Connected TV,Atlantic,0.982,61102,1452.9,369.37,79.7,7040.06,6.05,0.254,19.06
2026-01-09,CMP1006,Spring_Forecast_Launch,Video,Ontario,0.879,64753,412.1,516.96,21.5,1302.67,7.98,1.255,2.52
2026-04-12,CMP1006,Spring_Forecast_Launch,Connected TV,Alberta,0.306,43693,776.4,560.06,54.98,3423.86,12.82,0.721,6.113
2026-03-01,CMP1007,B2B_Partner_Coop,Search,Alberta,0.6,48971,865.1,395.41,42.71,1914.34,8.07,0.457,4.841
2026-04-08,CMP1006,Spring_Forecast_Launch,Search,Quebec,0.4,51574,617.4,393.62,7.54,615.48,7.63,0.638,1.564
2026-03-06,CMP1003,Severe_Weather_Awareness,Video,British Columbia,0.632,65293,581.0,721.99,34.25,945.07,11.06,1.243,1.309
2025-12-29,CMP1002,Premium_Upgrade_Q1,Display,Quebec,0.631,39475,93.7,315.24,3.09,226.65,7.99,3.364,0.719
2026-01-11,CMP1001,App_Download_Push,Display,Atlantic,0.837,68194,626.0,525.98,32.07,1718.57,7.71,0.84,3.267
2025-12-06,CMP1004,Brand_Lift_National,Video,Quebec,0.682,66782,1227.5,997.05,60.56,2537.95,14.93,0.812,2.545
2026-04-05,CMP1005,Local_News_Sponsorship,Video,Ontario,0.569,32987,417.5,377.27,9.08,660.99,11.44,0.904,1.752
2026-02-04,CMP1005,Local_News_Sponsorship,Connected TV,Ontario,0.654,57534,1781.8,573.98,103.66,8646.15,9.98,0.322,15.064
2026-01-03,CMP1006,Spring_Forecast_Launch,Display,Alberta,0.611,64006,764.1,349.24,7.98,420.52,5.46,0.457,1.204
2026-01-15,CMP1005,Local_News_Sponsorship,Native,Alberta,0.822,42096,430.9,338.89,24.43,848.65,8.05,0.786,2.504
2025-11-30,CMP1005,Local_News_Sponsorship,Search,Atlantic,0.151,97890,1931.5,1603.75,107.83,7311.83,16.38,0.83,4.559
2026-04-11,CMP1002,Premium_Upgrade_Q1,Video,Quebec,0.61,1768152,42.041481537977695,407.0,19.34,1740.35,5.7,1.298,4.276
2025-12-18,CMP1004,Brand_Lift_National,Connected TV,British Columbia,0.95,71228,1664.6,613.7,69.69,6932.36,8.62,0.369,11.296
2025-11-04,CMP1000,Winter_Storm_Alert_Promo,Search,British Columbia,0.314,57282,1358.0,423.8,54.97,3869.0,7.4,0.312,9.129
2026-01-22,CMP1003,Severe_Weather_Awareness,Search,Quebec,0.923,94811,1580.1,902.51,74.47,2748.78,9.52,0.571,3.046
2026-04-25,CMP1001,App_Download_Push,Display,British Columbia,0.536,50721,918.9,432.79,43.29,3515.74,8.53,0.471,8.123
2026-04-04,CMP1004,Brand_Lift_National,Search,British Columbia,0.634,59952,842.3,752.24,17.33,1125.37,12.55,0.893,1.496
2026-04-15,CMP1006,Spring_Forecast_Launch,Connected TV,Atlantic,0.56,50306,1570.4,402.39,48.21,3934.34,8.0,0.256,9.777
2026-02-27,CMP1004,Brand_Lift_National,Video,British Columbia,0.742,14831,296.3,100.04,8.39,886.63,6.75,0.338,8.862
2025-12-25,CMP1004,Brand_Lift_National,Video,British Columbia,0.638,47050,707.3,252.34,25.55,592.29,5.36,0.357,2.347
2025-11-15,CMP1002,Premium_Upgrade_Q1,Search,Alberta,0.186,24345,119.9,200.35,4.02,93.58,8.23,1.671,0.467
2026-03-12,CMP1007,B2B_Partner_Coop,Connected TV,Alberta,0.555,37353,800.6,392.34,35.9,2242.12,10.5,0.49,5.715
2025-11-11,CMP1004,Brand_Lift_National,Display,British Columbia,0.281,34499,668.6,449.26,41.04,1332.78,13.02,0.672,2.967
2026-04-04,CMP1003,Severe_Weather_Awareness,Search,Quebec,0.634,69816,717.0,597.79,23.88,651.68,8.56,0.834,1.09
2025-11-29,CMP1003,Severe_Weather_Awareness,Search,Ontario,0.374,62594,1256.0,708.88,34.61,2195.77,11.32,0.564,3.098
2025-12-01,CMP1004,Brand_Lift_National,Search,Atlantic,0.68,54643,615.0,474.82,32.88,2128.63,8.69,0.772,4.483
2026-02-04,CMP1001,App_Download_Push,Search,Ontario,0.654,61532,1352.9,500.71,41.73,2467.2,8.14,0.37,4.927
2026-03-01,CMP1006,Spring_Forecast_Launch,Search,Atlantic,0.6,43331,726.2,427.83,33.99,2520.51,9.87,0.589,5.891
2026-02-28,CMP1004,Brand_Lift_National,Video,Atlantic,0.727,58553,964.6,378.15,60.18,3691.52,6.46,0.392,9.762
2025-12-04,CMP1000,Winter_Storm_Alert_Promo,Display,British Columbia,0.786,155607,3158.9,3645.77,106.78,7522.84,23.43,1.154,2.063
2025-11-20,CMP1001,App_Download_Push,Search,Quebec,0.355,56508,761.1,263.29,13.58,724.1,4.66,0.346,2.75
2026-01-07,CMP1000,Winter_Storm_Alert_Promo,Display,Ontario,1.0,25317,294.2,251.41,13.17,952.14,9.93,0.855,3.787
2026-01-21,CMP1005,Local_News_Sponsorship,Native,Atlantic,0.92,59489,873.0,449.34,45.66,3741.96,7.55,0.515,8.328
2026-03-13,CMP1001,App_Download_Push,Native,Atlantic,0.33,30455,966.2,326.33,44.05,1784.21,10.71,0.338,5.468
2026-04-24,CMP1000,Winter_Storm_Alert_Promo,Native,Quebec,0.658,37018,678.9,284.99,21.72,1129.76,7.7,0.42,3.964
2026-03-09,CMP1003,Severe_Weather_Awareness,Display,British Columbia,0.405,33713,721.7,264.57,39.45,2994.55,7.85,0.367,11.318
2026-01-13,CMP1002,Premium_Upgrade_Q1,Connected TV,Quebec,0.709,34912,726.8,269.58,18.15,894.65,7.72,0.371,3.319
2025-11-25,CMP1005,Local_News_Sponsorship,Display,British Columbia,0.388,69348,665.2,739.91,19.91,1104.12,10.67,1.112,1.492
2026-04-07,CMP1002,Premium_Upgrade_Q1,Search,Atlantic,0.421,42579,548.6,269.97,21.79,2030.42,6.34,0.492,7.521
2026-04-14,CMP1003,Severe_Weather_Awareness,Connected TV,Atlantic,0.669,28450,850.5,311.59,50.88,2391.82,10.95,0.366,7.676
2025-11-27,CMP1005,Local_News_Sponsorship,Display,British Columbia,0.377,35104,399.0,431.75,12.29,1015.33,12.3,1.082,2.352
2026-01-23,CMP1000,Winter_Storm_Alert_Promo,display,Alberta,0.64,92939,533.1,958.1,22.68,1647.06,10.31,1.797,1.719
2025-12-15,CMP1002,Premium_Upgrade_Q1,Search,British Columbia,0.976,62115,568.2,639.01,17.36,173.58,10.29,1.125,0.272
2026-03-10,CMP1007,B2B_Partner_Coop,Video,Ontario,0.348,70088,1269.0,376.06,27.71,2448.78,5.37,0.296,6.512
2026-04-04,CMP1006,Spring_Forecast_Launch,Connected TV,Ontario,0.634,29680,487.7,189.36,17.31,569.11,6.38,0.388,3.005
2026-01-02,CMP1001,App_Download_Push,Display,Quebec,0.632,59212,575.1,434.68,19.07,918.33,7.34,0.756,2.113
2026-01-25,CMP1001,App_Download_Push,Connected TV,Alberta,0.644,51186,1633.6,533.67,61.06,4870.28,10.43,0.327,9.126
2026-03-21,CMP1002,Premium_Upgrade_Q1,Display,Quebec,0.352,66998,823.9,434.79,32.75,2123.76,6.49,0.528,4.885
2025-12-31,CMP1006,Spring_Forecast_Launch,Video,Atlantic,0.82,29110,225.6,203.41,13.26,699.34,6.99,0.902,3.438
2025-12-28,CMP1001,App_Download_Push,Native,Alberta,0.826,41338,604.4,360.19,34.37,2108.58,8.71,0.596,5.854
2025-11-21,CMP1003,Severe_Weather_Awareness,Video,Ontario,0.139,75738,1118.4,765.92,31.89,1703.49,10.11,0.685,2.224
2026-01-04,CMP1005,Local_News_Sponsorship,Connected TV,Quebec,0.762,49796,1092.6,342.4,22.12,1945.73,6.88,0.313,5.683
2026-04-12,CMP1000,Winter_Storm_Alert_Promo,Native,Quebec,0.306,66743,1068.5,571.62,58.81,2741.83,8.56,0.535,4.797
2026-04-28,CMP1004,Brand_Lift_National,Connected TV,Ontario,0.676,41859,644.0,195.41,39.03,2691.81,4.67,0.303,13.775
2025-11-13,CMP1001,App_Download_Push,Display,Atlantic,0.34,45327,662.6,468.18,18.09,786.69,10.33,0.707,1.68
2025-12-17,CMP1003,Severe_Weather_Awareness,Display,British Columbia,0.82,63930,1116.5,575.12,24.92,1122.05,9.0,0.515,1.951
2026-01-06,CMP1005,Local_News_Sponsorship,Connected TV,Alberta,0.77,48072,837.6,375.06,28.2,1285.27,7.8,0.448,3.427
2026-03-11,CMP1002,Premium_Upgrade_Q1,Display,Alberta,0.66,52704,792.9,677.03,39.59,4242.77,12.85,0.854,6.267
2025-12-15,CMP1006,Spring_Forecast_Launch,Display,Alberta,0.976,72595,513.0,761.54,18.86,1995.08,10.49,1.484,2.62
2026-01-03,CMP1003,Severe_Weather_Awareness,Search,British Columbia,0.611,48664,795.8,383.99,22.37,838.51,7.89,0.482,2.184
2026-02-26,CMP1002,Premium_Upgrade_Q1,Connected TV,British Columbia,0.957,25873,281.1,532.98,9.83,594.04,20.6,1.896,1.115
2025-12-12,CMP1003,Severe_Weather_Awareness,Connected TV,Ontario,0.819,34803,886.2,252.21,22.57,1252.84,7.25,0.285,4.968
2026-03-01,CMP1002,Premium_Upgrade_Q1,Connected TV,Quebec,0.6,45669,1253.3,103.26,49.89,2163.29,2.26,0.082,20.949
2026-04-24,CMP1000,Winter_Storm_Alert_Promo,Display,Quebec,0.658,61022,615.9,438.0,18.68,1119.58,7.18,0.711,2.556
2026-01-03,CMP1003,Severe_Weather_Awareness,Search,Quebec,0.611,80135,1852.3,760.65,1.85,74.29,9.49,0.411,0.098
2025-12-29,CMP1003,Severe_Weather_Awareness,Connected TV,Alberta,0.631,15030,182.1,118.5,11.77,731.46,7.88,0.651,6.172
2026-02-22,CMP1004,Brand_Lift_National,Display,British Columbia,0.625,31092,335.7,180.0,14.78,429.13,5.79,0.536,2.384
2026-01-01,CMP1002,Premium_Upgrade_Q1,Video,British Columbia,0.954,53296,250.6,462.63,10.26,1049.42,8.68,1.846,2.268
2026-04-05,CMP1006,Spring_Forecast_Launch,Video,British Columbia,0.569,43889,640.5,226.72,34.74,3002.35,5.17,0.354,13.243
2026-01-02,CMP1005,Local_News_Sponsorship,Native,British Columbia,0.632,49458,1066.0,350.28,47.86,3896.68,7.08,0.329,11.124
2026-04-02,CMP1005,Local_News_Sponsorship,Video,British Columbia,0.656,26514,484.0,127.05,29.6,2201.44,4.79,0.263,17.327
2025-12-11,CMP1000,Winter_Storm_Alert_Promo,Display,Quebec,0.982,83515,1623.7,571.46,35.4,1927.51,6.84,0.352,3.373
2026-04-18,CMP1005,Local_News_Sponsorship,Connected TV,Quebec,0.601,72820,1501.5,273.06,70.8,5652.81,3.75,0.182,20.702
2026-03-31,CMP1002,Premium_Upgrade_Q1,Video,Atlantic,0.39,39820,504.9,399.92,26.81,2011.58,10.04,0.792,5.03
2026-02-20,CMP1000,Winter_Storm_Alert_Promo,Search,Ontario,0.916,34282,126.3,332.25,6.18,475.24,9.69,2.631,1.43
2026-01-20,CMP1001,App_Download_Push,Video,Ontario,0.941,63268,1330.1,596.45,35.97,1977.59,9.43,0.448,3.316
2026-03-20,CMP1003,Severe_Weather_Awareness,Connected TV,Alberta,0.502,117740,1679.5,2243.34,100.71,8196.46,19.05,1.336,3.654
2025-11-18,CMP1001,App_Download_Push,Display,Quebec,0.198,65950,1281.9,949.64,44.48,2516.79,14.4,0.741,2.65
2026-01-27,CMP1001,App_Download_Push,Connected TV,Quebec,0.948,87304,1074.1,1438.57,36.11,1312.14,16.48,1.339,0.912
2026-03-29,CMP1000,Winter_Storm_Alert_Promo,Search,Ontario,0.305,41048,750.9,330.27,24.45,2666.68,8.05,0.44,8.074
2026-01-31,CMP1002,Premium_Upgrade_Q1,Search,British Columbia,0.712,67013,1271.1,419.19,58.26,5660.54,6.26,0.33,13.503
2026-03-28,CMP1004,Brand_Lift_National,Native,Alberta,0.634,80228,1423.1,989.85,67.88,6543.5,12.34,0.696,6.611
2026-04-07,CMP1000,Winter_Storm_Alert_Promo,Video,Atlantic,0.421,69578,1519.3,695.4,56.42,2915.64,9.99,0.458,4.193
2026-02-28,CMP1005,Local_News_Sponsorship,Display,Quebec,0.727,33615,622.2,297.2,19.76,974.3,8.84,0.478,3.278
2025-12-10,CMP1000,Winter_Storm_Alert_Promo,Connected TV,Quebec,0.987,42735,616.1,207.84,18.89,1509.03,4.86,0.337,7.261
2026-04-22,CMP1003,Severe_Weather_Awareness,Connected TV,Atlantic,0.651,42342,1215.2,564.75,33.12,1709.81,13.34,0.465,3.028
2026-03-16,CMP1003,Severe_Weather_Awareness,Video,British Columbia,0.303,155241,3100.5,3755.13,91.89,7783.49,24.19,1.211,2.073
2026-03-17,CMP1001,App_Download_Push,Display,Quebec,0.511,37529,631.1,333.81,27.69,1503.31,8.89,0.529,4.504
2025-11-02,CMP1006,Spring_Forecast_Launch,Native,Quebec,0.14,58720,383.1,160.0,15.63,868.73,2.72,0.418,5.43
2026-01-19,CMP1007,B2B_Partner_Coop,Display,British Columbia,0.774,35429,989.6,210.12,37.19,2483.41,5.93,0.212,11.819
2026-01-13,CMP1000,Winter_Storm_Alert_Promo,Connected TV,Ontario,0.709,68136,2046.1,610.78,53.93,1544.39,8.96,0.299,2.529
2026-04-19,CMP1001,App_Download_Push,Connected TV,British Columbia,0.531,63828,1274.3,390.5,41.35,2991.75,6.12,0.306,7.661
2025-11-06,CMP1002,Premium_Upgrade_Q1,display,Alberta,0.253,51499,1095.6,590.66,47.16,2593.19,11.47,0.539,4.39
2025-12-19,CMP1002,Premium_Upgrade_Q1,Native,British Columbia,0.843,57301,674.2,355.57,26.89,1510.63,6.21,0.527,4.249
2025-12-01,CMP1006,Spring_Forecast_Launch,Native,Ontario  ,0.68,33802,498.9,347.79,15.27,783.3,10.29,0.697,2.252
2025-11-21,CMP1007,B2B_Partner_Coop,Connected TV,Atlantic,0.139,70434,1379.0,648.36,60.27,3030.55,9.21,0.47,4.674
2026-03-24,CMP1003,Severe_Weather_Awareness,Connected TV,Alberta,0.333,100184,868.5,758.09,27.8,2507.07,7.57,0.873,3.307
2025-12-21,CMP1001,App_Download_Push,Native,Ontario,0.786,24456,196.1,295.38,4.44,142.1,12.08,1.506,0.481
2026-01-26,CMP1000,Winter_Storm_Alert_Promo,search,British Columbia,0.704,45683,789.0,354.92,16.99,1763.06,7.77,0.45,4.967
2026-02-03,CMP1006,Spring_Forecast_Launch,Search,Alberta,0.628,62013,1100.7,509.64,50.66,4029.23,8.22,0.463,7.906
2025-11-03,CMP1004,Brand_Lift_National,Video,British Columbia,0.147,46061,667.1,482.59,30.13,2361.51,10.48,0.723,4.893
2026-03-03,CMP1003,Severe_Weather_Awareness,Connected TV,British Columbia,0.369,54313,1252.3,587.96,46.01,4002.29,10.83,0.47,6.807
2026-02-26,CMP1006,Spring_Forecast_Launch,Connected TV,Quebec,0.957,162397,627.4,2801.03,27.91,1927.04,17.25,4.465,0.688
2026-02-06,CMP1006,Spring_Forecast_Launch,Native,British Columbia,0.755,43776,766.0,564.91,33.68,734.71,12.9,0.738,1.301
2026-03-01,CMP1006,Spring_Forecast_Launch,Connected TV,Atlantic,0.6,35517,486.2,292.14,22.15,1075.84,8.23,0.601,3.683
2026-04-26,CMP1001,App_Download_Push,Connected TV,Alberta,0.419,68903,1477.7,789.64,82.78,4458.4,11.46,0.534,5.646
2026-03-12,CMP1007,B2B_Partner_Coop,Connected TV,British Columbia,0.555,45297,868.8,286.25,22.63,2156.17,6.32,0.329,7.532
2025-12-11,CMP1000,Winter_Storm_Alert_Promo,Display,British Columbia,0.982,61044,928.2,625.13,52.2,3069.18,10.24,0.673,4.91
2025-11-02,CMP1001,App_Download_Push,Search,Quebec,0.14,34078,1105.2,189.86,38.1,2736.96,5.57,0.172,14.416
2026-02-14,CMP1003,Severe_Weather_Awareness,Video,Atlantic,0.844,85421,1060.2,904.13,47.48,3400.8,10.58,0.853,3.761
2026-03-04,CMP1006,Spring_Forecast_Launch,Video,Alberta,0.424,75655,1031.0,346.03,37.73,2850.02,4.57,0.336,8.236
2026-02-22,CMP1006,Spring_Forecast_Launch,Connected TV,British Columbia,0.625,64796,1444.6,436.04,53.23,3304.02,6.73,0.302,7.577
2025-12-09,CMP1004,Brand_Lift_National,Connected TV,Ontario,0.866,24554,445.3,188.39,8.66,666.26,7.67,0.423,3.537
2025-11-01,CMP1002,Premium_Upgrade_Q1,Display,British Columbia,0.332,56538,724.9,426.62,15.99,1195.33,7.55,0.589,2.802
2025-11-03,CMP1004,Brand_Lift_National,Native,Quebec,0.147,45726,275.7,544.59,14.73,745.53,11.91,1.975,1.369
2026-04-20,CMP1002,Premium_Upgrade_Q1,Connected TV,Alberta,0.615,64136,875.4,419.55,60.05,4185.65,6.54,0.479,9.977
2026-03-27,CMP1006,Spring_Forecast_Launch,Connected TV,British Columbia,0.462,71629,1064.4,1208.61,18.96,1204.63,16.87,1.135,0.997
2025-12-04,CMP1007,B2B_Partner_Coop,Search,Ontario,0.786,139586,1690.6,2807.74,55.05,1239.86,20.11,1.661,0.442
2025-11-03,CMP1007,B2B_Partner_Coop,Connected TV,Alberta,0.147,25069,326.1,180.46,17.02,1188.3,7.2,0.553,6.585
2025-11-22,CMP1003,Severe_Weather_Awareness,Search,Alberta,0.317,67229,939.4,292.52,22.7,1856.75,4.35,0.311,6.348
2026-04-08,CMP1002,Premium_Upgrade_Q1,Search,Ontario,0.4,20039,150.4,180.9,10.05,844.92,9.03,1.203,4.671
2026-04-15,CMP1003,Severe_Weather_Awareness,Connected TV,British Columbia,0.56,41387,281.2,299.61,11.1,825.46,7.24,1.065,2.755
2026-02-18,CMP1006,Spring_Forecast_Launch,Connected TV,Atlantic,0.616,63171,468.5,638.73,21.69,1775.65,10.11,1.363,2.78
2026-01-29,CMP1001,App_Download_Push,Native,Ontario,0.875,32606,713.7,379.16,26.33,1848.69,11.63,0.531,4.876
2026-04-23,CMP1005,Local_News_Sponsorship,Display,Ontario,0.419,55316,912.6,547.84,30.97,1158.32,9.9,0.6,2.114
2026-03-28,CMP1000,Winter_Storm_Alert_Promo,Native,Alberta,0.634,36562,36.6,386.12,0.86,65.53,10.56,10.561,0.17
2026-04-26,CMP1004,Brand_Lift_National,Search,Ontario,0.419,55648,1514.7,544.48,7.01,396.18,9.78,0.359,0.728
2026-02-08,CMP1001,App_Download_Push,Connected TV,Quebec,0.685,57352,1333.9,75.1,51.82,2251.08,1.31,0.056,29.976
2025-11-27,CMP1002,Premium_Upgrade_Q1,Connected TV,Ontario,0.377,62440,667.9,600.35,25.69,2513.49,9.61,0.899,4.187
2026-03-28,CMP1003,Severe_Weather_Awareness,Native,British Columbia,0.634,14967,197.6,159.11,14.55,874.28,10.63,0.805,5.495
2026-02-28,CMP1002,Premium_Upgrade_Q1,Search,Quebec  ,0.727,35573,428.4,265.17,9.84,440.62,7.45,0.619,1.662
2026-03-29,CMP1001,App_Download_Push,Native,Ontario,0.305,58635,907.2,377.83,38.71,2943.63,6.44,0.416,7.791
2025-12-27,CMP1005,Local_News_Sponsorship,Display,Atlantic,0.815,104017,1830.4,1259.93,28.02,1968.6,12.11,0.688,1.562
2026-04-24,CMP1007,B2B_Partner_Coop,Display,Atlantic,0.658,41141,1073.2,399.91,41.2,2544.74,9.72,0.373,6.363
2025-12-02,CMP1006,Spring_Forecast_Launch,Connected TV,Ontario,0.662,40536,674.3,243.98,27.64,1890.46,6.02,0.362,7.748
2026-04-09,CMP1004,Brand_Lift_National,Display,Ontario,0.673,39357,482.2,261.11,26.73,1589.43,6.63,0.542,6.087
2026-03-22,CMP1005,Local_News_Sponsorship,Search,British Columbia,0.353,53480,437.1,681.65,27.78,2298.62,12.75,1.56,3.372
2026-02-22,CMP1004,Brand_Lift_National,Display,Atlantic,0.625,56561,772.8,559.91,32.5,2081.78,9.9,0.725,3.718
2026-03-25,CMP1005,Local_News_Sponsorship,Native,British Columbia,0.47,24310,252.8,104.78,11.5,732.46,4.31,0.415,6.99
2026-04-08,CMP1000,Winter_Storm_Alert_Promo,Search,British Columbia,0.4,82778,1161.2,452.07,14.16,597.6,5.46,0.389,1.322
2026-04-29,CMP1002,Premium_Upgrade_Q1,Display,Alberta,0.619,83031,836.6,946.51,24.47,2556.44,11.4,1.131,2.701
2025-12-24,CMP1003,Severe_Weather_Awareness,Video,British Columbia,0.631,43920,574.5,236.43,26.32,1444.45,5.38,0.412,6.109
2026-02-15,CMP1000,Winter_Storm_Alert_Promo,Display,Atlantic,0.683,60686,713.6,500.46,12.6,300.89,8.25,0.701,0.601
2026-02-06,CMP1003,Severe_Weather_Awareness,Connected TV,British Columbia,0.755,68358,1441.8,648.07,39.38,2485.9,9.48,0.449,3.836
2026-04-12,CMP1002,Premium_Upgrade_Q1,Video,British Columbia,0.306,47412,47.4,540.46,2.28,106.65,11.4,11.399,0.197
2026-01-10,CMP1002,Premium_Upgrade_Q1,Connected TV,Quebec,0.617,54255,691.1,353.42,26.71,2209.74,6.51,0.511,6.252
2026-04-26,CMP1002,Premium_Upgrade_Q1,Search,Atlantic,0.419,46646,740.0,262.63,2.7,274.26,5.63,0.355,1.044
2026-01-14,CMP1002,Premium_Upgrade_Q1,Native,Alberta,0.737,17634,186.7,99.31,2.66,96.47,5.63,0.532,0.971
2026-03-13,CMP1007,B2B_Partner_Coop,Display,Ontario,0.33,21229,298.0,210.77,12.21,907.68,9.93,0.707,4.306
2026-04-28,CMP1004,Brand_Lift_National,Native,Alberta,0.676,61999,100.2,98.96,3.9,322.21,1.6,0.987,3.256
2025-12-14,CMP1000,Winter_Storm_Alert_Promo,Video,British Columbia,0.816,71350,1344.8,506.92,62.93,4072.77,7.1,0.377,8.034
2026-03-09,CMP1005,Local_News_Sponsorship,Connected TV,British Columbia,0.405,51725,652.9,464.04,24.42,1930.01,8.97,0.711,4.159
2025-12-02,CMP1000,Winter_Storm_Alert_Promo,Display,Alberta,0.662,64214,1025.2,513.77,27.62,2766.73,8.0,0.501,5.385
2026-02-17,CMP1002,Premium_Upgrade_Q1,Native,Ontario,0.614,65821,714.9,687.92,38.56,1892.52,10.45,0.962,2.751
2026-01-12,CMP1002,Premium_Upgrade_Q1,Search,Atlantic,0.694,29083,467.1,220.11,15.28,1093.3,7.57,0.471,4.967
2026-04-15,CMP1002,Premium_Upgrade_Q1,Search,Atlantic,0.56,80218,1765.6,686.96,15.16,620.15,8.56,0.389,0.903
2025-11-13,CMP1000,Winter_Storm_Alert_Promo,Video,Quebec,0.34,61203,1201.7,605.17,48.87,2385.54,9.89,0.504,3.942
2026-01-13,CMP1002,Premium_Upgrade_Q1,Display,Atlantic,0.709,65089,1406.2,473.94,58.04,5221.55,7.28,0.337,11.017
2026-04-13,CMP1007,B2B_Partner_Coop,Connected TV,Ontario,0.602,49024,1335.6,462.43,37.6,2147.89,9.43,0.346,4.645
2026-04-22,CMP1005,Local_News_Sponsorship,Connected TV,Alberta,0.651,43483,662.9,372.72,28.26,2321.0,8.57,0.562,6.227
2025-12-13,CMP1004,Brand_Lift_National,Connected TV,Alberta,0.669,45960,1174.8,308.0,70.81,6647.85,6.7,0.262,21.584
2026-03-04,CMP1006,Spring_Forecast_Launch,Search,Atlantic,0.424,49868,970.9,328.27,57.17,3553.92,6.58,0.338,10.826
2026-04-12,CMP1004,Brand_Lift_National,Display,Alberta,0.306,37407,607.4,349.07,27.89,1260.77,9.33,0.575,3.612
2026-01-29,CMP1005,Local_News_Sponsorship,Display,,0.875,87952,,,76.21,6019.32,7.9,,8.66
2026-01-03,CMP1005,Local_News_Sponsorship,Video,Quebec,0.611,58879,762.4,579.55,28.08,1663.64,9.84,0.76,2.871
2026-02-14,CMP1001,App_Download_Push,Connected TV,Ontario,0.844,61312,1103.0,494.77,40.51,3045.82,8.07,0.449,6.156
2026-04-17,CMP1006,Spring_Forecast_Launch,Search,Alberta,0.65,55690,238.8,543.88,6.09,458.61,9.77,2.278,0.843
2026-04-11,CMP1000,Winter_Storm_Alert_Promo,Connected TV,Ontario,0.61,67151,714.2,177.25,34.93,2602.08,2.64,0.248,14.681
2026-01-02,CMP1007,B2B_Partner_Coop,Video,Ontario,0.632,66356,772.1,555.97,23.99,1366.1,8.38,0.72,2.457
2026-02-24,CMP1000,Winter_Storm_Alert_Promo,Display,Atlantic,0.857,96611,1789.0,888.94,82.04,6665.34,9.2,0.497,7.498
2026-03-20,CMP1006,Spring_Forecast_Launch,Display,Quebec,0.502,151546,929.5,2101.79,27.76,1385.85,13.87,2.261,0.659
2025-11-07,CMP1002,Premium_Upgrade_Q1,Search,Quebec,0.262,64059,745.1,656.26,31.04,2018.4,10.24,0.881,3.076
2026-02-23,CMP1002,Premium_Upgrade_Q1,Display,British Columbia,0.77,46933,969.7,391.98,40.57,2618.84,8.35,0.404,6.681
2026-02-26,CMP1001,App_Download_Push,Native,Atlantic,0.957,81152,531.3,1830.76,29.61,1828.94,22.56,3.446,0.999
2026-01-15,CMP1001,App_Download_Push,Video,Ontario,0.822,47209,701.3,590.03,23.25,411.61,12.5,0.841,0.698
2025-11-10,CMP1003,Severe_Weather_Awareness,Video,Atlantic,0.221,46375,652.4,233.97,20.89,836.08,5.05,0.359,3.573
2025-11-11,CMP1003,Severe_Weather_Awareness,Display,Quebec,0.281,47201,842.6,319.56,31.57,2711.23,6.77,0.379,8.484
2025-12-20,CMP1002,Premium_Upgrade_Q1,Search,Atlantic,0.912,29330,508.1,225.56,27.61,2182.61,7.69,0.444,9.676
2026-04-20,CMP1007,B2B_Partner_Coop,Native,British Columbia,0.615,55337,690.5,374.78,21.14,1904.89,6.77,0.543,5.083
2026-03-19,CMP1002,Premium_Upgrade_Q1,Search,Quebec,0.363,45571,368.6,552.75,15.58,472.57,12.13,1.499,0.855
2026-03-01,CMP1003,Severe_Weather_Awareness,Video,Ontario,0.6,89859,817.9,752.58,23.82,1862.04,8.38,0.92,2.474
2026-02-03,CMP1001,App_Download_Push,Display,Ontario,0.628,46604,738.1,311.27,20.92,1488.05,6.68,0.422,4.781
2026-02-09,CMP1007,B2B_Partner_Coop,Display,Quebec,0.796,66068,1278.7,543.45,73.15,7731.08,8.23,0.425,14.226
2025-12-26,CMP1000,Winter_Storm_Alert_Promo,Display,British Columbia,0.931,58443,605.0,636.04,30.13,2620.98,10.88,1.051,4.121
2025-12-16,CMP1006,Spring_Forecast_Launch,Video,British Columbia,0.729,37270,454.3,367.3,10.6,402.24,9.86,0.808,1.095
2026-03-08,CMP1006,Spring_Forecast_Launch,Native,Atlantic,0.319,61520,1034.4,609.45,22.62,1215.14,9.91,0.589,1.994
2026-01-11,CMP1002,Premium_Upgrade_Q1,Display,Atlantic,0.837,70612,1127.7,735.18,50.66,4473.61,10.41,0.652,6.085
2026-04-10,CMP1002,Premium_Upgrade_Q1,Display,Atlantic,0.456,48088,667.4,294.43,14.84,1264.65,6.12,0.441,4.295
2026-03-11,CMP1005,Local_News_Sponsorship,Search,Ontario,0.66,53915,605.5,298.5,24.12,1387.6,5.54,0.493,4.649
2026-04-29,CMP1002,Premium_Upgrade_Q1,Connected TV,Ontario,0.619,58152,1144.4,460.98,29.88,2145.45,7.93,0.403,4.654
2026-04-21,CMP1006,Spring_Forecast_Launch,native,Atlantic,0.505,50757,893.4,393.87,29.36,1996.38,7.76,0.441,5.069
2025-12-30,CMP1005,Local_News_Sponsorship,Video,Atlantic,0.769,59155,997.4,606.0,44.24,2787.96,10.24,0.608,4.601
2025-12-04,CMP1006,Spring_Forecast_Launch,Display,Ontario,0.786,100811,1177.2,1131.36,33.84,3213.58,11.22,0.961,2.84
2026-02-21,CMP1000,Winter_Storm_Alert_Promo,Search,Ontario,0.763,72946,1363.1,697.54,27.58,2352.36,9.56,0.512,3.372
2026-03-01,CMP1001,App_Download_Push,Native,Atlantic,0.6,68204,1534.2,625.95,70.41,5436.58,9.18,0.408,8.685
2026-04-15,CMP1004,Brand_Lift_National,Display,Atlantic,0.56,38721,506.6,379.46,12.16,747.5,9.8,0.749,1.97
2025-12-07,CMP1007,B2B_Partner_Coop,Display,Alberta,0.618,53252,1013.7,472.1,79.99,7530.34,8.87,0.466,15.951
2025-11-28,CMP1006,Spring_Forecast_Launch,Connected TV,British Columbia,0.382,19946,493.7,189.67,21.13,949.86,9.51,0.384,5.008
2026-03-31,CMP1003,Severe_Weather_Awareness,Display,Quebec,0.39,66515,1456.0,455.42,59.39,2612.2,6.85,0.313,5.736
2025-11-15,CMP1000,Winter_Storm_Alert_Promo,Connected TV,Ontario,0.186,69394,1256.6,746.91,44.47,2355.83,10.76,0.594,3.154
2026-04-21,CMP1003,Severe_Weather_Awareness,Display,Quebec,0.505,44825,584.1,479.73,21.43,914.82,10.7,0.821,1.907
2026-01-10,CMP1007,B2B_Partner_Coop,Connected TV,Quebec,0.617,35958,407.6,294.81,16.96,983.38,8.2,0.723,3.336
2026-01-19,CMP1001,App_Download_Push,Search,British Columbia,0.774,46300,676.2,266.3,11.6,1243.89,5.75,0.394,4.671
2025-12-21,CMP1007,B2B_Partner_Coop,Display,Ontario,0.786,45580,998.8,535.37,54.25,2060.92,11.75,0.536,3.85
2026-02-28,CMP1007,B2B_Partner_Coop,Native,Alberta,0.727,52193,1396.2,432.8,27.41,1714.85,8.29,0.31,3.962
2025-12-17,CMP1004,Brand_Lift_National,Video,Quebec,0.82,41256,571.3,512.17,19.27,1321.4,12.41,0.896,2.58
2026-03-07,CMP1005,Local_News_Sponsorship,Display,Ontario,0.496,70983,1373.3,528.2,27.01,3155.92,7.44,0.385,5.975
2025-11-20,CMP1002,Premium_Upgrade_Q1,Display,Alberta,0.355,49030,728.6,355.4,12.21,668.99,7.25,0.488,1.882
2025-11-05,CMP1004,Brand_Lift_National,Connected TV,British Columbia,0.105,71968,1721.0,273.34,60.63,2889.84,3.8,0.159,10.572
2026-04-16,CMP1007,B2B_Partner_Coop,Display,Ontario,0.544,44727,763.7,255.9,31.76,2230.68,5.72,0.335,8.717
2026-04-05,CMP1002,Premium_Upgrade_Q1,Video,Atlantic,0.569,63368,720.2,601.08,4.73,296.41,9.49,0.835,0.493
2026-04-17,CMP1002,Premium_Upgrade_Q1,Video,Alberta,0.65,29189,224.7,249.29,8.78,782.67,8.54,1.109,3.14
2026-01-17,CMP1002,Premium_Upgrade_Q1,Connected TV,British Columbia,0.604,50214,724.5,404.51,37.72,2837.13,8.06,0.558,7.014
2026-03-25,CMP1000,Winter_Storm_Alert_Promo,Video,,0.47,50918,,336.48,32.88,1725.61,6.61,,5.128
2026-01-18,CMP1001,App_Download_Push,Connected TV,Atlantic,0.731,2933,12.4,38.01,0.86,52.11,12.96,3.069,1.371
2025-12-15,CMP1006,Spring_Forecast_Launch,Native,Ontario,0.976,13002,174.6,105.25,2.55,109.93,8.09,0.603,1.044
2026-03-20,CMP1003,Severe_Weather_Awareness,Search,Ontario,0.502,96574,553.2,1076.39,22.83,1147.81,11.15,1.946,1.066
2026-04-06,CMP1003,Severe_Weather_Awareness,Display,Quebec,0.315,69669,1877.3,566.9,29.85,1526.65,8.14,0.302,2.693
2026-03-25,CMP1007,B2B_Partner_Coop,Search,Quebec,0.47,56469,687.3,136.69,36.08,3177.85,2.42,0.199,23.248
2025-11-03,CMP1007,B2B_Partner_Coop,Video,British Columbia,0.147,37881,934.4,206.23,40.87,4144.98,5.44,0.221,20.099
2026-03-12,CMP1007,B2B_Partner_Coop,Search,Alberta,0.555,43363,799.1,336.96,48.53,3683.81,7.77,0.422,10.932
2025-12-10,CMP1006,Spring_Forecast_Launch,Video,Atlantic,0.987,47114,681.0,302.63,6.57,353.57,6.42,0.444,1.168
2025-11-17,CMP1003,Severe_Weather_Awareness,Search,Alberta,0.137,16831,198.2,108.09,9.11,647.65,6.42,0.545,5.992
2025-12-24,CMP1000,Winter_Storm_Alert_Promo,Native,Atlantic,0.631,31825,544.1,270.26,30.33,1413.23,8.49,0.497,5.229
2026-04-10,CMP1006,Spring_Forecast_Launch,Search,Atlantic,0.456,68534,1619.8,712.78,98.63,6325.67,10.4,0.44,8.875
2026-04-29,CMP1005,Local_News_Sponsorship,Video,British Columbia,0.619,67518,715.2,625.67,13.32,880.52,9.27,,1.407
2025-12-12,CMP1004,Brand_Lift_National,Connected TV,British Columbia,0.819,76441,2223.5,450.77,91.37,8100.89,5.9,0.203,17.971
2026-02-20,CMP1006,Spring_Forecast_Launch,Native,British Columbia,0.916,26110,198.5,195.37,5.57,474.88,7.48,0.984,2.431
2026-03-02,CMP1003,Severe_Weather_Awareness,Connected TV,Atlantic,0.593,65791,844.8,375.38,36.55,3270.57,5.71,0.444,8.713
2025-11-25,CMP1005,Local_News_Sponsorship,Display,Atlantic,0.388,38110,836.4,306.4,17.51,758.88,8.04,0.366,2.477
2025-11-18,CMP1007,B2B_Partner_Coop,Display,Ontario,0.198,53999,930.6,571.8,35.63,3582.53,10.59,0.614,6.265
2026-01-29,CMP1002,Premium_Upgrade_Q1,Video,British Columbia,0.875,33852,657.5,330.47,21.59,275.8,9.76,0.503,0.835
2026-04-03,CMP1000,Winter_Storm_Alert_Promo,Search,British Columbia,0.601,70780,883.0,573.33,28.67,2478.22,8.1,0.649,4.323
2026-04-06,CMP1003,Severe_Weather_Awareness,Search,Ontario,0.315,22248,237.4,225.33,5.69,627.32,10.13,0.949,2.784
2026-01-09,CMP1003,Severe_Weather_Awareness,Display,Quebec,0.879,82740,810.4,666.56,42.8,1732.45,8.06,,2.599
2026-03-05,CMP1001,App_Download_Push,Connected TV,Alberta,0.329,53579,978.4,432.59,27.37,1443.82,8.07,0.442,3.338
2025-12-13,CMP1005,Local_News_Sponsorship,Search,British Columbia,0.669,27063,341.0,286.85,14.4,1163.21,10.6,0.841,4.055
2026-04-18,CMP1005,Local_News_Sponsorship,Video,Ontario,0.601,78093,2238.7,443.79,104.57,7453.48,5.68,0.198,16.795
2026-03-01,CMP1001,App_Download_Push,Native,Alberta,0.6,51745,1336.6,559.82,85.8,7352.43,10.82,0.419,13.133
2026-04-22,CMP1006,Spring_Forecast_Launch,Display,Alberta,0.651,27635,421.8,214.2,17.2,1153.51,7.75,0.508,5.385
2026-03-23,CMP1007,B2B_Partner_Coop,Connected TV,Atlantic,0.372,54991,1356.4,312.9,50.45,1066.0,5.69,0.231,3.407
2026-04-19,CMP1003,Severe_Weather_Awareness,Connected TV,Quebec,0.531,32646,,142.0,38.42,2974.11,4.35,,20.945
2026-02-08,CMP1003,Severe_Weather_Awareness,Search,British Columbia,0.685,68353,321.9,536.5,14.81,1103.88,7.85,1.667,2.058
2026-01-14,CMP1006,Spring_Forecast_Launch,Video,British Columbia,0.737,24841,404.0,233.73,19.65,1865.03,9.41,0.579,7.98
2025-12-01,CMP1001,App_Download_Push,Connected TV,Alberta,0.68,21085,486.7,98.76,14.69,707.74,4.68,0.203,7.167
2026-03-02,CMP1000,Winter_Storm_Alert_Promo,Connected TV,Quebec,0.593,50340,852.5,389.42,58.47,2549.47,7.74,0.457,6.547
2026-03-13,CMP1001,App_Download_Push,Search,Quebec,0.33,38244,934.2,218.85,26.84,3300.81,5.72,0.234,15.083
2026-03-25,CMP1005,Local_News_Sponsorship,Display,Atlantic,0.47,61939,1308.5,389.23,56.24,3497.15,6.28,0.297,8.985
2026-04-25,CMP1003,Severe_Weather_Awareness,Native,Quebec,0.536,29629,351.5,418.89,13.7,1185.01,14.14,1.192,2.829
2026-01-14,CMP1003,Severe_Weather_Awareness,Display,Quebec,0.737,69824,244.4,732.4,13.68,708.97,10.49,2.996,0.968
2025-11-11,CMP1002,Premium_Upgrade_Q1,Display,Atlantic,0.281,48037,737.1,274.14,34.07,2608.75,5.71,0.372,9.516
2026-04-29,CMP1001,App_Download_Push,Search,British Columbia,0.619,57913,659.3,371.4,19.3,1120.56,6.41,0.563,3.017
2026-01-23,CMP1006,Spring_Forecast_Launch,Native,Alberta,0.64,59244,793.6,407.83,24.71,1444.0,6.88,0.514,3.541
2026-01-23,CMP1006,Spring_Forecast_Launch,Video,Alberta,0.64,69883,976.0,520.17,30.76,1005.17,7.44,0.533,1.932
2026-03-15,CMP1002,Premium_Upgrade_Q1,Connected TV,British Columbia,0.615,67023,1243.5,536.42,59.21,5083.31,8.0,0.431,9.476
2026-03-01,CMP1003,Severe_Weather_Awareness,Connected TV,Atlantic,0.6,79652,546.6,826.41,18.66,1178.98,10.38,1.512,1.427
2025-11-22,CMP1007,B2B_Partner_Coop,Search,Atlantic,0.317,21696,326.8,162.28,15.01,610.9,7.48,0.497,3.764
2025-12-06,CMP1005,Local_News_Sponsorship,Connected TV,Alberta,0.682,57962,1116.3,456.69,14.78,482.03,7.88,0.409,1.056
2026-04-02,CMP1006,Spring_Forecast_Launch,Display,British Columbia,0.656,66670,1468.7,358.51,42.68,3108.94,5.38,0.244,8.672
2026-03-13,CMP1007,B2B_Partner_Coop,Native,British Columbia,0.33,27041,413.8,162.35,18.06,793.46,6.0,0.392,4.887
2026-03-23,CMP1004,Brand_Lift_National,Native,British Columbia,0.372,68675,302.2,730.62,14.34,942.48,10.64,2.418,1.29
2025-12-05,CMP1006,Spring_Forecast_Launch,Display,Ontario,0.781,61919,822.4,301.59,42.54,3182.93,4.87,0.367,10.554
2026-03-22,CMP1006,Spring_Forecast_Launch,Search,Atlantic,0.353,45771,521.4,717.33,6.61,461.57,15.67,1.376,0.643
2026-04-15,CMP1005,Local_News_Sponsorship,Video,Ontario,0.56,37103,389.3,352.61,14.51,963.93,9.5,0.906,2.734
2026-03-20,CMP1001,App_Download_Push,Display,British Columbia,0.502,120322,711.0,3197.0,19.01,675.88,26.57,4.496,0.211
2025-12-14,CMP1002,Premium_Upgrade_Q1,Connected TV,Alberta,0.816,67617,1069.9,493.31,58.2,3732.45,7.3,0.461,7.566
2025-11-26,CMP1002,Premium_Upgrade_Q1,Search,Ontario,0.145,61335,815.8,615.04,12.7,1230.88,10.03,0.754,2.001
2026-03-07,CMP1003,Severe_Weather_Awareness,Search,Atlantic,0.496,63441,1159.2,619.38,13.92,1275.75,9.76,0.534,2.06
2026-02-12,CMP1006,Spring_Forecast_Launch,Search,Atlantic,0.805,77861,1670.3,674.15,104.27,3146.55,8.66,0.404,4.667
2026-04-11,CMP1006,Spring_Forecast_Launch,Video,British Columbia,0.61,75347,571.8,580.79,14.18,1034.56,7.71,1.016,1.781
2025-11-18,CMP1002,Premium_Upgrade_Q1,Connected TV,Atlantic,0.198,31888,588.2,210.29,22.02,1437.39,6.59,0.358,6.835
2025-12-03,CMP1005,Local_News_Sponsorship,Display,Ontario,0.811,50959,196.1,490.77,9.79,287.53,9.63,2.502,0.586
2026-02-10,CMP1006,Spring_Forecast_Launch,Search,Alberta,0.709,85515,1804.1,1385.89,82.69,6068.81,16.21,0.768,4.379
2025-12-24,CMP1004,Brand_Lift_National,Native,British Columbia,0.631,91505,1898.8,580.45,79.69,9273.74,6.34,0.306,15.977
2025-11-11,CMP1002,Premium_Upgrade_Q1,Video,Alberta,0.281,69393,674.7,706.74,35.69,3432.99,10.18,1.048,4.857
2025-11-15,CMP1003,Severe_Weather_Awareness,Connected TV,,0.186,71798,,,15.79,1174.81,9.6,,1.705
2025-11-21,CMP1006,Spring_Forecast_Launch,Native,Alberta,0.139,46499,883.9,378.15,36.43,1798.11,8.13,0.428,4.755
2026-01-26,CMP1002,Premium_Upgrade_Q1,Video,Atlantic,0.704,72159,790.0,835.68,53.29,5899.88,11.58,1.058,7.06
2026-02-20,CMP1002,Premium_Upgrade_Q1,Connected TV,Alberta,0.916,53882,1173.0,696.91,27.07,2108.78,12.93,0.594,3.026
2026-03-16,CMP1001,App_Download_Push,Video,Alberta,0.303,213516,2831.7,5150.3,117.89,10827.36,24.12,1.819,2.102
2026-04-04,CMP1007,B2B_Partner_Coop,Native,Atlantic,0.634,60305,648.9,398.94,45.42,3014.14,6.62,0.615,7.555
2026-01-11,CMP1006,Spring_Forecast_Launch,Native,Ontario,0.837,38480,520.2,394.35,16.25,1253.97,10.25,0.758,3.18
2025-11-02,CMP1004,Brand_Lift_National,Native,British Columbia,0.14,55348,967.7,694.09,8.76,465.77,12.54,0.717,0.671
2026-04-27,CMP1004,Brand_Lift_National,Display,Alberta,0.511,53215,1036.8,615.78,41.64,3450.58,11.57,0.594,5.604
2026-04-13,CMP1004,Brand_Lift_National,Connected TV,Quebec,0.602,50082,596.5,446.56,14.1,1123.35,8.92,0.749,2.516
2026-04-17,CMP1003,Severe_Weather_Awareness,Search,Atlantic,0.65,39485,292.8,402.59,4.16,169.48,10.2,1.375,0.421
2025-11-05,CMP1004,Brand_Lift_National,Connected TV,Ontario,0.105,52364,756.5,691.49,28.33,2076.09,13.21,0.914,3.002
2026-03-26,CMP1002,Premium_Upgrade_Q1,Native,British Columbia,0.595,53159,535.9,442.79,10.5,430.46,8.33,0.826,0.972
2026-02-17,CMP1003,Severe_Weather_Awareness,Connected TV,Alberta,0.614,68734,1028.3,283.8,72.62,5029.02,4.13,0.276,17.72
2026-03-11,CMP1004,Brand_Lift_National,Display,Alberta,0.66,68323,939.8,617.86,42.4,2880.52,9.04,0.657,4.662
2026-03-14,CMP1001,App_Download_Push,Display,,0.557,36131,,,24.25,1752.27,11.4,,4.255
2025-12-27,CMP1000,Winter_Storm_Alert_Promo,Native,Quebec,0.815,65882,1209.7,1264.81,59.32,3841.92,19.2,1.046,3.038
2026-03-29,CMP1005,Local_News_Sponsorship,Search,Alberta,0.305,28346,328.1,269.09,18.42,1372.99,9.49,,5.102
2025-12-11,CMP1005,Local_News_Sponsorship,Video,Alberta,0.982,46693,818.4,235.8,43.08,2016.04,5.05,0.288,8.55
2026-02-18,CMP1001,App_Download_Push,Native,Ontario,0.616,63236,837.9,712.09,26.85,1260.12,11.26,0.85,1.77
2026-01-08,CMP1003,Severe_Weather_Awareness,Video,Atlantic,0.789,104848,1783.8,906.15,117.65,2675.08,8.64,0.508,2.952
2025-11-10,CMP1005,Local_News_Sponsorship,Display,Ontario,0.221,36415,562.2,312.94,21.72,1398.6,8.59,0.557,4.469
2025-12-04,CMP1003,Severe_Weather_Awareness,Video,Quebec,0.786,142463,2749.5,3814.48,176.98,12223.51,26.78,1.387,3.204
2025-11-28,CMP1002,Premium_Upgrade_Q1,Search,Quebec  ,0.382,86704,1098.5,736.19,31.07,2578.71,8.49,,3.503
2026-03-03,CMP1002,Premium_Upgrade_Q1,Native,Atlantic,0.369,70084,1333.3,901.42,54.07,3269.46,12.86,0.676,3.627
2025-12-25,CMP1006,Spring_Forecast_Launch,Native,Quebec,0.638,69720,974.8,361.31,48.7,3925.57,5.18,0.371,10.865
2026-04-04,CMP1005,Local_News_Sponsorship,Search,Ontario,0.634,67479,1222.5,828.34,49.39,2606.21,12.28,0.678,3.146
2026-01-06,CMP1002,Premium_Upgrade_Q1,Display,Atlantic,0.77,46587,617.0,424.78,21.8,1618.4,9.12,0.688,3.81
2026-03-30,CMP1001,App_Download_Push,Video,Ontario,0.522,34109,244.3,276.12,6.0,480.31,8.09,1.13,1.74
2025-11-02,CMP1007,B2B_Partner_Coop,Search,Atlantic,0.14,44593,597.8,365.94,31.35,788.08,8.21,0.612,2.154
2025-11-24,CMP1005,Local_News_Sponsorship,Video,Atlantic,0.166,50619,399.4,500.12,5.4,410.75,9.88,1.252,0.821
2026-02-17,CMP1001,App_Download_Push,Native,Quebec,0.614,64116,658.9,691.28,46.67,4290.42,10.78,1.049,6.207
2026-01-20,CMP1003,Severe_Weather_Awareness,Video,Alberta,0.941,48038,894.0,355.59,16.27,1497.47,7.4,0.398,4.211
2025-11-18,CMP1006,Spring_Forecast_Launch,Display,Alberta,0.198,54391,598.3,441.49,16.54,661.83,8.12,0.738,1.499
2025-12-06,CMP1005,Local_News_Sponsorship,Display,Alberta,0.682,39326,335.2,431.68,23.95,712.88,10.98,1.288,1.651
2026-03-27,CMP1001,App_Download_Push,Search,British Columbia,0.462,143540,2353.5,3106.61,72.03,6306.16,21.64,1.32,2.03
2025-11-07,CMP1004,Brand_Lift_National,Connected TV,Atlantic,0.262,34048,443.7,325.19,17.07,887.28,9.55,0.733,2.729
2026-03-25,CMP1001,App_Download_Push,Native,Quebec,0.47,65473,733.9,666.69,43.84,2789.58,10.18,0.908,4.184
2026-02-21,CMP1005,Local_News_Sponsorship,Native,Ontario,0.763,72865,1588.5,789.82,59.2,3401.96,10.84,0.497,4.307
2026-04-26,CMP1007,B2B_Partner_Coop,Native,Atlantic,0.419,34523,358.7,232.82,15.08,845.68,6.74,0.649,3.632
2025-11-11,CMP1007,B2B_Partner_Coop,Connected TV,British Columbia,0.281,67910,577.7,478.24,14.29,1176.59,7.04,0.828,2.46
2025-12-04,CMP1002,Premium_Upgrade_Q1,Display,British Columbia,0.786,126749,2036.2,2436.7,42.37,3695.36,19.22,1.197,1.517
2026-01-20,CMP1001,App_Download_Push,Connected TV,Quebec,0.941,34417,1133.5,320.34,35.23,2175.99,9.31,0.283,6.793
2026-01-25,CMP1006,Spring_Forecast_Launch,Connected TV,Quebec,0.644,34719,513.7,478.62,15.29,950.09,13.79,0.932,1.985
2026-03-29,CMP1002,Premium_Upgrade_Q1,Native,Quebec,0.305,65311,527.7,414.36,0.53,30.86,6.34,0.785,0.074
2026-02-21,CMP1001,App_Download_Push,Video,British Columbia,0.763,85477,799.1,733.55,43.45,2303.9,8.58,0.918,3.141
2025-12-20,CMP1002,Premium_Upgrade_Q1,Video,British Columbia,0.912,64664,682.9,749.48,21.32,1991.44,11.59,1.097,2.657
2025-11-25,CMP1000,Winter_Storm_Alert_Promo,Native,Ontario,0.388,94591,1885.4,940.31,47.04,4259.53,9.94,0.499,4.53
2025-12-05,CMP1006,Spring_Forecast_Launch,Connected TV,Alberta,0.781,61779,542.7,350.88,17.78,1000.14,5.68,0.647,2.85
2026-01-13,CMP1007,B2B_Partner_Coop,Connected TV,Atlantic,0.709,51823,844.0,769.39,48.63,2880.3,14.85,0.912,3.744
2026-03-16,CMP1002,Premium_Upgrade_Q1,Display,Quebec,0.303,158160,3010.6,3788.75,53.57,3783.37,23.96,1.258,0.999
2026-04-11,CMP1002,Premium_Upgrade_Q1,Connected TV,Ontario,0.61,64079,1124.8,351.2,60.02,4567.38,5.48,0.312,13.005
2025-11-28,CMP1007,B2B_Partner_Coop,Video,Ontario,0.382,63351,1190.0,421.67,48.04,2813.68,6.66,0.354,6.673
2026-02-01,CMP1005,Local_News_Sponsorship,Connected TV,Atlantic,0.705,45626,1055.6,384.57,55.58,3662.3,8.43,0.364,9.523
2026-04-21,CMP1002,Premium_Upgrade_Q1,Native,British Columbia,0.505,30570,444.9,274.81,3.72,148.15,8.99,0.618,0.539
2026-02-07,CMP1007,B2B_Partner_Coop,Video,British Columbia,0.895,29429,346.6,352.02,15.01,743.33,11.96,1.015,2.112
2026-04-02,CMP1003,Severe_Weather_Awareness,Display,Alberta,0.656,45703,257.3,347.5,11.37,842.74,7.6,1.35,2.425
2026-02-12,CMP1003,Severe_Weather_Awareness,Search,British Columbia,0.805,55889,851.3,592.29,21.6,1835.52,10.6,0.696,3.099
2026-04-26,CMP1002,Premium_Upgrade_Q1,Display,Quebec,0.419,83580,1321.8,620.22,57.7,7762.14,7.42,0.469,12.515
2026-02-25,CMP1000,Winter_Storm_Alert_Promo,Video,Quebec,0.861,55237,686.1,247.94,29.89,1791.88,4.49,0.361,7.227
2025-12-30,CMP1007,B2B_Partner_Coop,Search,Ontario,0.769,43949,317.6,361.37,15.16,920.43,8.22,1.138,2.547
2026-03-19,CMP1005,Local_News_Sponsorship,Native,Quebec,0.363,91768,979.3,942.52,24.27,1049.35,10.27,0.962,1.113
2026-01-09,CMP1005,Local_News_Sponsorship,Native,Ontario,0.879,54629,1075.1,507.09,23.62,1429.39,9.28,0.472,2.819
2026-03-05,CMP1006,Spring_Forecast_Launch,Video,Atlantic,0.329,62737,1283.5,627.99,10.53,388.72,10.01,0.489,0.619
2026-01-02,CMP1006,Spring_Forecast_Launch,Video,Ontario,0.632,45923,840.9,325.63,23.9,1759.51,7.09,0.387,5.403
2026-03-03,CMP1006,Spring_Forecast_Launch,Connected TV,British Columbia,0.369,29427,470.3,219.81,25.06,1659.14,7.47,0.467,7.548
2025-12-17,CMP1004,Brand_Lift_National,Search,Ontario,0.82,50089,923.8,333.0,39.63,2793.82,6.65,0.36,8.39
2025-11-25,CMP1006,Spring_Forecast_Launch,Video,British Columbia,0.388,12526,153.0,93.62,10.01,507.51,7.47,0.612,5.421
2026-01-17,CMP1006,Spring_Forecast_Launch,Connected TV,Alberta,0.604,35431,926.5,328.54,31.93,985.94,9.27,0.355,3.001
2025-12-07,CMP1000,Winter_Storm_Alert_Promo,Video,Atlantic,0.618,59074,898.4,424.83,31.27,3102.69,7.19,0.473,7.303
2026-01-10,CMP1003,Severe_Weather_Awareness,Search,British Columbia,0.617,55476,1276.3,590.5,37.08,2855.03,10.64,0.463,4.835
2026-01-23,CMP1006,Spring_Forecast_Launch,Video,Quebec,0.64,54214,762.8,459.61,35.3,3290.56,8.48,0.603,7.16
2026-03-04,CMP1001,App_Download_Push,Connected TV,Atlantic,0.424,65395,1093.0,485.69,56.04,3104.92,7.43,0.444,6.393
2026-01-18,CMP1000,Winter_Storm_Alert_Promo,Display,Atlantic,0.731,112882,1061.5,1917.49,32.72,1699.74,16.99,1.806,0.886
2026-03-31,CMP1006,Spring_Forecast_Launch,Search,Atlantic,0.39,42632,826.8,290.48,30.33,2299.5,6.81,0.351,7.916
2026-03-05,CMP1003,Severe_Weather_Awareness,Native,Quebec,0.329,55298,538.5,595.3,17.47,1205.25,10.77,1.105,2.025
2026-03-25,CMP1003,Severe_Weather_Awareness,Search,Ontario,0.47,71952,1741.0,425.4,65.97,5410.05,5.91,0.244,12.717
2026-04-08,CMP1004,Brand_Lift_National,Search,Quebec,0.4,40199,615.2,476.66,24.09,1020.02,11.86,0.775,2.14
2025-11-24,CMP1007,B2B_Partner_Coop,Video,Ontario,0.166,52703,887.1,428.73,81.45,5758.4,8.13,0.483,13.431
2026-03-25,CMP1000,Winter_Storm_Alert_Promo,Video,Ontario,0.47,53428,702.9,503.04,17.97,1660.22,9.42,0.716,3.3
2026-04-19,CMP1001,App_Download_Push,Video,Atlantic,0.531,35894,814.2,158.87,19.99,635.84,4.43,0.195,4.002
2026-02-22,CMP1001,App_Download_Push,Video,Alberta,0.625,23658,550.6,224.5,36.14,3304.06,9.49,0.408,14.717
2025-11-07,CMP1004,Brand_Lift_National,Connected TV,Quebec,0.262,61140,1764.7,331.99,46.06,4362.13,5.43,0.188,13.139
2026-03-18,CMP1002,Premium_Upgrade_Q1,Connected TV,Alberta,0.677,51691,441.4,579.32,21.42,2051.82,11.21,1.312,3.542
2026-04-13,CMP1005,Local_News_Sponsorship,Display,Alberta,0.602,61996,854.6,541.85,43.82,992.4,8.74,0.634,1.832
2026-03-14,CMP1006,Spring_Forecast_Launch,Connected TV,Atlantic,0.557,50378,1935.2,366.24,42.65,2545.93,7.27,0.189,6.951
2026-03-06,CMP1002,Premium_Upgrade_Q1,Search,Atlantic,0.632,36128,823.3,334.37,19.94,983.24,9.25,0.406,2.941
2025-12-28,CMP1007,B2B_Partner_Coop,Search,Alberta,0.826,41149,440.7,434.54,14.4,1584.05,10.56,0.986,3.645
2025-11-14,CMP1007,B2B_Partner_Coop,Search,Ontario,0.127,95801,2063.9,2091.3,78.78,1666.09,21.83,1.013,0.797
2026-01-13,CMP1002,Premium_Upgrade_Q1,Display,Ontario,0.709,38935,532.8,350.99,21.99,1082.61,9.01,0.659,3.084
2025-11-01,CMP1004,Brand_Lift_National,Native,Atlantic,0.332,52675,863.7,450.62,55.3,3329.63,8.55,0.522,7.389
2026-03-21,CMP1005,Local_News_Sponsorship,Native,Alberta,0.352,38041,369.9,337.94,22.57,1714.41,8.88,0.914,5.073
2026-01-16,CMP1005,Local_News_Sponsorship,Display,British Columbia,0.809,51245,650.1,626.7,10.15,601.61,12.23,0.964,0.96
2026-04-25,CMP1004,Brand_Lift_National,Video,Quebec,0.536,51652,1009.7,268.75,11.29,901.6,5.2,0.266,3.355
2025-11-04,CMP1001,App_Download_Push,Native,Atlantic,0.314,21140,280.8,169.66,6.54,501.1,8.03,0.604,2.954
2026-02-18,CMP1001,App_Download_Push,Connected TV,British Columbia,0.616,55029,1348.1,526.92,77.05,4023.75,9.58,0.391,7.636
2026-01-22,CMP1001,App_Download_Push,Native,Atlantic,0.923,46162,418.4,351.12,13.31,1080.83,7.61,0.839,3.078
2026-01-24,CMP1000,Winter_Storm_Alert_Promo,Native,Ontario,0.625,75773,999.4,224.54,57.55,3537.94,2.96,0.225,15.757
2026-03-30,CMP1001,App_Download_Push,Video,Alberta,0.522,32719,630.1,302.55,18.76,1487.73,9.25,0.48,4.917
2026-02-22,CMP1003,Severe_Weather_Awareness,Native,British Columbia,0.625,57858,1069.9,675.2,32.2,1624.59,11.67,0.631,2.406
2025-12-31,CMP1005,Local_News_Sponsorship,Native,Quebec,0.82,14525,219.9,94.79,7.31,743.58,6.53,0.431,7.845
2026-01-07,CMP1005,Local_News_Sponsorship,Native,Alberta,1.0,66043,1023.5,849.2,43.12,2839.54,12.86,0.83,3.344
2026-03-07,CMP1002,Premium_Upgrade_Q1,Search,Quebec,0.496,52077,906.1,517.4,68.89,6062.87,9.94,0.571,11.718
2026-04-21,CMP1000,Winter_Storm_Alert_Promo,Search,British Columbia,0.505,43981,862.8,558.57,20.22,1764.58,12.7,0.647,3.159
2026-03-24,CMP1007,B2B_Partner_Coop,Video,Quebec,0.333,36941,36.9,251.61,1.87,124.69,6.81,6.811,0.496
2026-01-26,CMP1007,B2B_Partner_Coop,Native,Alberta,0.704,57563,609.8,591.12,32.1,2146.3,10.27,0.969,3.631
2026-01-15,CMP1003,Severe_Weather_Awareness,Search,Alberta,0.822,77501,1126.6,634.81,63.06,4479.38,8.19,0.563,7.056
2026-01-04,CMP1003,Severe_Weather_Awareness,Connected TV,Alberta,0.762,57018,1075.3,358.47,52.3,3836.76,6.29,0.333,10.703
2025-12-07,CMP1004,Brand_Lift_National,Native,British Columbia,0.618,52642,732.4,557.6,24.52,1471.51,10.59,0.761,2.639
2026-01-27,CMP1005,Local_News_Sponsorship,Display,British Columbia,0.948,40976,294.3,688.33,9.92,703.12,16.8,2.339,1.021
2025-12-22,CMP1004,Brand_Lift_National,Native,Ontario,0.871,89395,1819.4,1735.53,84.47,7265.99,19.41,0.954,4.187
2025-11-19,CMP1001,App_Download_Push,Native,Quebec,0.142,41668,548.5,469.24,25.47,1480.81,11.26,0.856,3.156
2026-02-20,CMP1007,B2B_Partner_Coop,Video,British Columbia,0.916,62713,1064.2,292.35,31.08,1750.67,4.66,0.275,5.988
2026-03-26,CMP1007,B2B_Partner_Coop,Display,Atlantic,0.595,57140,1727.1,590.52,63.84,4919.1,10.33,0.342,8.33
2026-01-17,CMP1003,Severe_Weather_Awareness,Video,Quebec,0.604,26098,591.8,238.71,11.08,1245.06,9.15,0.403,5.216
2025-11-07,CMP1006,Spring_Forecast_Launch,Connected TV,British Columbia,0.262,56553,923.4,395.91,59.38,4291.48,7.0,0.429,10.84
2026-04-13,CMP1002,Premium_Upgrade_Q1,Video,British Columbia,0.602,60642,524.2,609.5,22.02,1279.33,10.05,1.163,2.099
2026-04-28,CMP1004,Brand_Lift_National,Search,Quebec,0.676,68712,1107.5,631.45,43.69,2613.93,9.19,0.57,4.14
2025-11-28,CMP1002,Premium_Upgrade_Q1,Display,Quebec,0.382,46040,661.7,382.33,24.6,1723.25,8.3,0.578,4.507
2026-03-12,CMP1004,Brand_Lift_National,Display,Atlantic,0.555,36588,36.6,335.93,1.64,99.26,9.18,9.181,0.295
2026-03-26,CMP1005,Local_News_Sponsorship,Video,Atlantic,0.595,43717,1054.0,380.08,77.23,6761.96,8.69,0.361,17.791
2025-12-15,CMP1002,Premium_Upgrade_Q1,Search,Quebec,0.976,65210,1160.9,781.35,46.73,3968.01,11.98,0.673,5.078
2026-01-29,CMP1006,Spring_Forecast_Launch,Native,Atlantic,0.875,50514,810.1,424.34,23.76,1178.83,8.4,0.524,2.778
2026-03-10,CMP1007,B2B_Partner_Coop,Search,,0.348,52911,,150.45,17.59,334.74,2.84,,2.225
2026-04-23,CMP1004,Brand_Lift_National,Display,Ontario,0.419,61271,1033.6,845.51,44.53,5551.13,13.8,0.818,6.565
2026-02-21,CMP1005,Local_News_Sponsorship,Connected TV,Atlantic,0.763,40183,1213.5,190.67,51.25,3777.88,4.74,0.157,19.814
2025-12-25,CMP1004,Brand_Lift_National,Search,Quebec,0.638,39145,727.9,444.61,58.62,3264.21,11.36,0.611,7.342
2026-03-24,CMP1006,Spring_Forecast_Launch,Connected TV,Ontario,0.333,55500,587.5,483.3,27.95,2539.58,8.71,0.823,5.255
2026-01-31,CMP1005,Local_News_Sponsorship,Native,Quebec,0.712,68744,1088.4,535.3,47.83,4733.23,7.79,0.492,8.842
2026-03-25,CMP1002,Premium_Upgrade_Q1,Display,Quebec,0.47,40602,454.0,394.93,17.78,1246.39,9.73,0.87,3.156
2025-11-25,CMP1007,B2B_Partner_Coop,Display,British Columbia,0.388,43739,428.9,511.9,17.64,1305.54,11.7,1.194,2.55
2026-03-12,CMP1000,Winter_Storm_Alert_Promo,Connected TV,Quebec,0.555,73587,1266.6,524.25,63.15,5406.35,7.12,0.414,10.312
2026-04-17,CMP1003,Severe_Weather_Awareness,Native,British Columbia,0.65,66072,573.8,157.34,26.54,767.06,2.38,0.274,4.875
2026-02-09,CMP1003,Severe_Weather_Awareness,Native,Ontario,0.796,52374,788.5,480.55,21.06,1785.7,9.18,0.609,3.716
2026-02-06,CMP1003,Severe_Weather_Awareness,Display,Alberta,0.755,95202,1097.6,1192.12,59.37,4808.82,12.52,1.086,4.034
2025-12-24,CMP1003,Severe_Weather_Awareness,Video,Ontario,0.631,56763,1392.9,541.42,47.72,3241.07,9.54,0.389,5.986
2025-12-11,CMP1003,Severe_Weather_Awareness,Native,Atlantic,0.982,83361,1731.2,632.32,70.51,6249.22,7.59,0.365,9.883
2025-11-29,CMP1001,App_Download_Push,Video,Alberta,0.374,37891,708.1,440.97,31.6,1772.2,11.64,0.623,4.019
2026-02-19,CMP1006,Spring_Forecast_Launch,Search,Alberta,0.729,35302,357.5,356.68,17.15,1517.67,10.1,0.998,4.255
2026-03-23,CMP1004,Brand_Lift_National,Video,Alberta,0.372,66389,275.2,642.22,14.76,855.95,9.67,2.333,1.333
2025-12-16,CMP1006,Spring_Forecast_Launch,Connected TV,Quebec,0.729,75422,999.5,487.13,36.83,1440.09,6.46,0.487,2.956
2026-02-08,CMP1000,Winter_Storm_Alert_Promo,Native,British Columbia,0.685,74503,590.2,617.67,26.63,1817.6,8.29,1.047,2.943
2026-01-13,CMP1001,App_Download_Push,Native,British Columbia,0.709,48450,1039.9,278.38,76.87,4053.77,5.75,0.268,14.562
2025-12-05,CMP1007,B2B_Partner_Coop,Native,British Columbia,0.781,20604,488.0,261.4,22.12,2306.14,12.69,0.536,8.822
2026-03-07,CMP1006,Spring_Forecast_Launch,Search,Atlantic,0.496,62202,1164.8,318.45,73.62,6112.54,5.12,0.273,19.194
2026-04-10,CMP1002,Premium_Upgrade_Q1,Connected TV,Alberta,0.456,71341,1493.8,733.73,54.0,4074.98,10.28,0.491,5.554
2026-03-20,CMP1007,B2B_Partner_Coop,Native,Atlantic,0.502,41209,286.0,758.0,15.43,1455.08,18.39,2.651,1.92
2026-04-24,CMP1001,App_Download_Push,Connected TV,Quebec,0.658,66471,1238.4,793.72,38.68,1767.09,11.94,0.641,2.226
2025-11-08,CMP1002,Premium_Upgrade_Q1,Native,Atlantic,0.364,83357,884.1,899.41,33.92,2033.07,10.79,1.017,2.26
2026-02-28,CMP1001,App_Download_Push,Search,British Columbia,0.727,53564,965.1,364.25,37.78,1990.18,6.8,0.377,5.464
2026-04-11,CMP1006,Spring_Forecast_Launch,Display,Alberta,0.61,50579,1002.3,499.81,26.52,1674.86,9.88,0.499,3.351
2025-11-11,CMP1005,Local_News_Sponsorship,Connected TV,British Columbia,0.281,44644,565.0,499.05,27.71,1729.04,11.18,0.883,3.465
2025-12-17,CMP1006,Spring_Forecast_Launch,Search,Quebec,0.82,59498,841.2,229.76,42.16,2264.03,3.86,0.273,9.854
2026-01-10,CMP1007,B2B_Partner_Coop,Connected TV,Atlantic,0.617,42471,644.7,194.71,38.2,3554.35,4.58,0.302,18.255
2026-01-09,CMP1000,Winter_Storm_Alert_Promo,Search,Quebec,0.879,51471,957.3,589.93,44.01,4440.27,11.46,0.616,7.527
2025-11-06,CMP1007,B2B_Partner_Coop,Search,Alberta,0.253,46484,630.2,406.98,25.96,2275.58,8.76,0.646,5.591
2025-11-06,CMP1007,B2B_Partner_Coop,Native,Ontario,0.253,54770,969.5,465.98,27.88,1680.53,8.51,0.481,3.606
2025-11-04,CMP1003,Severe_Weather_Awareness,Search,Quebec,0.314,48028,71.5,308.98,2.02,37.59,6.43,4.32,0.122
2026-04-07,CMP1006,Spring_Forecast_Launch,Native,Ontario,0.421,48227,624.0,413.82,22.22,1770.06,8.58,0.663,4.277
2026-03-27,CMP1003,Severe_Weather_Awareness,Native,Atlantic,0.462,72390,1079.7,1773.5,30.11,1988.25,24.5,1.643,1.121
2026-04-11,CMP1004,Brand_Lift_National,Connected TV,Atlantic,0.61,48464,128.8,399.03,5.53,472.77,8.23,3.099,1.185
2025-11-30,CMP1006,Spring_Forecast_Launch,Video,Alberta,0.151,99248,1805.3,930.17,69.37,2418.03,9.37,0.515,2.6
2025-11-14,CMP1003,Severe_Weather_Awareness,Connected TV,British Columbia,0.127,64744,1240.3,638.34,18.96,1342.77,9.86,0.515,2.104
2026-03-25,CMP1007,B2B_Partner_Coop,Display,Atlantic,0.47,36694,1025.6,229.31,47.76,2670.11,6.25,0.224,11.644
2025-11-04,CMP1003,Severe_Weather_Awareness,Native,Ontario,0.314,35562,488.5,194.18,8.08,636.28,5.46,0.398,3.277
2026-04-17,CMP1005,Local_News_Sponsorship,Connected TV,Atlantic,0.65,41484,900.1,513.08,36.66,2306.98,12.37,0.57,4.496
2026-01-22,CMP1005,Local_News_Sponsorship,Display,Alberta,0.923,53776,783.3,342.19,34.62,2385.11,6.36,0.437,6.97
2025-12-11,CMP1005,Local_News_Sponsorship,Connected TV,British Columbia,0.982,62099,1454.9,467.06,40.71,2018.33,7.52,0.321,4.321
2026-04-23,CMP1003,Severe_Weather_Awareness,Search,Quebec,0.419,51981,631.1,404.1,33.01,1558.87,7.77,0.64,3.858
2026-01-20,CMP1005,Local_News_Sponsorship,Search,Atlantic,0.941,55830,768.5,637.15,47.05,1908.15,11.41,0.829,2.995
2025-12-16,CMP1001,App_Download_Push,Native,Atlantic,0.729,37159,559.0,236.6,25.36,1722.84,6.37,0.423,7.282
2026-01-01,CMP1002,Premium_Upgrade_Q1,Video,Atlantic,0.954,32477,306.3,192.07,17.43,1142.22,5.91,0.627,5.947
2026-02-05,CMP1007,B2B_Partner_Coop,Native,Alberta,0.851,53459,687.0,670.42,38.74,3031.51,12.54,0.976,4.522
2026-01-04,CMP1006,Spring_Forecast_Launch,Native,Ontario,0.762,62959,498.7,480.55,24.21,1665.13,7.63,0.964,3.465
2026-03-15,CMP1001,App_Download_Push,Video,Quebec,0.615,35648,865.9,143.95,39.86,3556.95,4.04,0.166,24.71
2026-02-04,CMP1004,Brand_Lift_National,Native,British Columbia,0.654,47082,565.1,439.0,21.87,1448.37,9.32,0.777,3.299
2026-01-03,CMP1004,Brand_Lift_National,Search,Alberta,0.611,30419,30.4,139.31,1.07,120.34,4.58,4.58,0.864
2026-03-18,CMP1003,Severe_Weather_Awareness,Display,Atlantic,0.677,44199,719.1,483.64,12.11,672.0,10.94,0.673,1.389
2025-12-14,CMP1005,Local_News_Sponsorship,Display,Ontario,0.816,35390,704.6,384.77,21.75,1927.03,10.87,0.546,5.008
2025-12-08,CMP1004,Brand_Lift_National,native,British Columbia,0.915,40013,957.3,225.26,31.71,2012.94,5.63,0.235,8.936
2026-04-13,CMP1004,Brand_Lift_National,Search,British Columbia,0.602,79916,558.5,993.31,33.69,1577.67,12.43,1.778,1.588
2026-02-14,CMP1005,Local_News_Sponsorship,Connected TV,Atlantic,0.844,47694,581.4,447.09,25.87,1242.5,9.37,0.769,2.779
2026-02-02,CMP1001,App_Download_Push,Video,Atlantic,0.952,39976,732.3,401.39,49.65,2404.41,10.04,0.548,5.99
2025-12-21,CMP1000,Winter_Storm_Alert_Promo,Search,Ontario,0.786,62530,1120.5,449.85,76.48,5616.74,7.19,0.401,12.486
2025-12-21,CMP1000,Winter_Storm_Alert_Promo,Video,British Columbia,0.786,98106,1419.5,526.51,53.11,1870.68,5.37,0.371,3.553
2026-04-07,CMP1004,Brand_Lift_National,Connected TV,Quebec,0.421,47756,1218.5,303.02,44.26,2323.06,6.35,0.249,7.666
2026-02-05,CMP1001,App_Download_Push,Search,Atlantic,0.851,61851,982.8,493.62,29.29,1204.3,7.98,0.502,2.44
2026-03-05,CMP1005,Local_News_Sponsorship,Video,Atlantic,0.329,42421,641.3,410.04,22.89,2340.63,9.67,0.639,5.708
2026-01-26,CMP1004,Brand_Lift_National,Display,Atlantic,0.704,36783,830.5,361.32,48.75,3175.62,9.82,0.435,8.789
2026-03-27,CMP1004,Brand_Lift_National,Connected TV,Quebec,0.462,102573,2075.1,966.2,120.83,6083.16,9.42,0.466,6.296
2025-11-18,CMP1006,Spring_Forecast_Launch,Display,Atlantic,0.198,30505,500.6,351.99,32.16,2591.72,11.54,0.703,7.363
2026-03-27,CMP1006,Spring_Forecast_Launch,Native,Quebec,0.462,90061,1040.3,2553.0,35.63,2546.73,28.35,2.454,0.998
2025-12-19,CMP1001,App_Download_Push,Video,Alberta,0.843,30513,466.8,237.09,8.38,538.65,7.77,0.508,2.272
2025-11-04,CMP1001,App_Download_Push,Connected TV,Ontario,0.314,24254,335.9,318.21,12.56,1235.28,13.12,0.947,3.882
2026-02-02,CMP1002,Premium_Upgrade_Q1,Video,Atlantic,0.952,44512,793.3,460.73,33.05,2811.18,10.35,0.581,6.102
2026-01-18,CMP1007,B2B_Partner_Coop,Search,Alberta,0.731,68500,815.6,867.16,57.69,3532.61,12.66,1.063,4.074
2025-11-05,CMP1003,Severe_Weather_Awareness,Native,Quebec,0.105,49060,727.7,444.68,39.45,1687.6,9.06,0.611,3.795
2026-02-24,CMP1001,App_Download_Push,Display,Quebec,0.857,58363,888.4,463.88,50.78,2852.89,7.95,0.522,6.15
2026-03-17,CMP1004,Brand_Lift_National,Connected TV,Quebec,0.511,41425,700.5,498.77,22.61,1215.7,12.04,0.712,2.437
2026-04-15,CMP1007,B2B_Partner_Coop,Video,Alberta,0.56,43063,711.5,439.14,30.47,2072.31,10.2,0.617,4.719
2026-04-14,CMP1005,Local_News_Sponsorship,Video,British Columbia,0.669,62555,1445.9,649.58,82.51,2299.32,10.38,0.449,3.54
2026-01-08,CMP1000,Winter_Storm_Alert_Promo,Connected TV,British Columbia,0.789,25113,281.5,220.88,7.93,439.63,8.8,0.785,1.99
2026-03-26,CMP1003,Severe_Weather_Awareness,Search,British Columbia,0.595,86110,671.0,666.33,31.49,2589.01,7.74,0.993,3.885
2026-01-07,CMP1001,App_Download_Push,Video,Alberta,1.0,41327,450.1,128.64,14.07,1043.07,3.11,0.286,8.109
2026-03-05,CMP1002,Premium_Upgrade_Q1,Display,Alberta,0.329,42964,634.3,197.01,37.1,2574.12,4.59,0.311,13.066
2026-01-04,CMP1006,Spring_Forecast_Launch,Native,Atlantic,0.762,56855,1111.7,477.32,51.97,2352.32,8.4,0.429,4.928
2026-01-11,CMP1000,Winter_Storm_Alert_Promo,Video,Alberta,0.837,35534,847.3,295.23,35.91,1944.66,8.31,0.348,6.587
2026-01-06,CMP1007,B2B_Partner_Coop,Connected TV,Ontario,0.77,59785,615.0,463.15,23.26,987.99,7.75,0.753,2.133
2026-01-24,CMP1007,B2B_Partner_Coop,Native,British Columbia,0.625,63842,569.4,317.79,22.29,767.13,4.98,0.558,2.414
2025-11-28,CMP1006,Spring_Forecast_Launch,Video,British Columbia,0.382,73596,1438.7,505.9,47.78,2871.05,6.87,0.352,5.675
2026-04-08,CMP1003,Severe_Weather_Awareness,Connected TV,Atlantic,0.4,58587,1318.4,345.5,25.46,1667.32,5.9,0.262,4.826
2026-04-01,CMP1001,App_Download_Push,Native,Atlantic,0.668,44526,643.8,523.69,35.64,2070.61,11.76,0.813,3.954
2026-04-29,CMP1005,Local_News_Sponsorship,Native,Quebec,0.619,32627,309.2,268.56,6.68,337.95,8.23,0.869,1.258
2026-01-19,CMP1007,B2B_Partner_Coop,Video,British Columbia,0.774,35596,633.1,268.19,25.5,1431.71,7.53,0.424,5.338
2026-03-14,CMP1004,Brand_Lift_National,Video,Alberta,0.557,22811,440.4,204.61,14.71,1058.1,8.97,0.465,5.171
2026-01-19,CMP1001,App_Download_Push,Video,British Columbia,0.774,64733,1404.1,433.06,66.07,3557.72,6.69,0.308,8.215
2025-12-12,CMP1007,B2B_Partner_Coop,Search,British Columbia,0.819,42300,322.3,430.09,11.94,788.8,10.17,1.334,1.834
2026-03-01,CMP1007,B2B_Partner_Coop,Connected TV,British Columbia,0.6,20233,672.3,196.29,32.35,1984.65,9.7,0.292,10.111
2026-02-06,CMP1004,Brand_Lift_National,Search,Ontario,0.755,61122,1309.8,393.26,43.68,3136.55,6.43,0.3,7.976
2025-11-28,CMP1005,Local_News_Sponsorship,Display,Quebec,0.382,49040,49.0,647.44,1.85,141.98,13.2,13.202,0.219
2026-03-02,CMP1004,Brand_Lift_National,Connected TV,Ontario,0.593,47453,726.6,452.32,27.33,830.63,9.53,0.622,1.836
2025-11-11,CMP1002,Premium_Upgrade_Q1,Video,Quebec,0.281,62456,1118.2,490.15,9.38,753.68,7.85,0.438,1.538
2026-01-31,CMP1006,Spring_Forecast_Launch,Search,Ontario,0.712,53811,520.2,275.31,18.84,1470.54,5.12,0.529,5.341
2026-02-22,CMP1001,App_Download_Push,Video,Ontario,0.625,49452,1193.6,410.43,43.92,2977.86,8.3,0.344,7.255
2026-04-01,CMP1003,Severe_Weather_Awareness,Search,Atlantic,0.668,61101,1265.7,478.02,40.74,2752.09,7.82,0.378,5.757
2026-03-19,CMP1003,Severe_Weather_Awareness,Video,Alberta,0.363,51524,819.5,278.5,16.55,1447.86,5.41,,5.199
2026-03-02,CMP1007,B2B_Partner_Coop,Connected TV,British Columbia,0.593,88958,2532.3,782.39,133.07,5403.51,8.8,0.309,6.906
2026-03-03,CMP1001,App_Download_Push,Native,Quebec,0.369,50966,612.8,548.25,19.84,452.9,10.76,0.895,0.826
2026-01-26,CMP1000,Winter_Storm_Alert_Promo,Display,Ontario,0.704,45874,938.7,345.79,50.96,3450.92,7.54,0.368,9.98
2026-03-08,CMP1005,Local_News_Sponsorship,Native,Alberta,0.319,55505,289.3,575.89,14.57,276.54,10.38,1.99,0.48
2026-01-17,CMP1005,Local_News_Sponsorship,Display,Quebec,0.604,971945,90.64062957422368,341.68,21.79,964.24,8.7,0.506,2.822
2026-04-15,CMP1005,Local_News_Sponsorship,Search,Ontario,0.56,77021,561.1,650.4,37.5,2204.46,8.44,1.159,3.389
2026-01-17,CMP1007,B2B_Partner_Coop,Video,Alberta,0.604,60319,992.2,365.12,13.73,1283.55,6.05,0.368,3.515
2026-02-21,CMP1002,Premium_Upgrade_Q1,Search,Atlantic,0.763,45705,616.7,301.21,7.91,404.67,6.59,0.488,1.344
2025-12-29,CMP1000,Winter_Storm_Alert_Promo,Search,Quebec,0.631,55306,1140.8,585.15,48.97,2750.04,10.58,0.513,4.7
2026-01-05,CMP1004,Brand_Lift_National,Video,Quebec,0.64,26479,220.2,224.6,9.26,636.13,8.48,1.02,2.832
2026-01-07,CMP1000,Winter_Storm_Alert_Promo,Display,Quebec,1.0,76445,191.0,953.52,7.06,634.48,12.47,4.992,0.665
2026-03-22,CMP1000,Winter_Storm_Alert_Promo,Video,British Columbia,0.353,64692,294.8,682.39,10.76,383.5,10.55,2.315,0.562
2026-01-15,CMP1000,Winter_Storm_Alert_Promo,Video,Quebec,0.822,50473,1043.1,315.31,60.88,4355.12,6.25,0.302,13.812
2026-01-08,CMP1007,B2B_Partner_Coop,Native,Ontario,0.789,54081,393.7,417.0,9.3,743.07,7.71,1.059,1.782
2025-11-16,CMP1001,App_Download_Push,Native,British Columbia,0.307,48917,437.8,330.19,15.23,554.79,6.75,0.754,1.68
2026-02-17,CMP1004,Brand_Lift_National,Video,Ontario,0.614,38763,767.1,326.2,30.59,2024.15,8.42,0.425,6.205
2026-04-17,CMP1007,B2B_Partner_Coop,Native,British Columbia,0.65,63944,460.4,539.04,18.07,1211.74,8.43,1.171,2.248
2026-02-08,CMP1000,Winter_Storm_Alert_Promo,Search,Alberta,0.685,78889,866.8,562.99,31.96,2263.24,7.14,0.65,4.02
2026-02-11,CMP1002,Premium_Upgrade_Q1,Video,Atlantic,0.956,39809,720.8,500.17,26.54,1298.87,12.56,0.694,2.597
2026-02-02,CMP1006,Spring_Forecast_Launch,Connected TV,Ontario,0.952,39286,544.1,276.28,14.92,1043.4,7.03,0.508,3.777
2026-02-23,CMP1005,Local_News_Sponsorship,Search,Alberta,0.77,37901,709.6,390.39,29.89,2020.19,10.3,0.55,5.175
2025-12-14,CMP1004,Brand_Lift_National,Video,Alberta,0.816,29593,332.7,221.74,9.57,566.87,7.49,,2.556
2026-01-27,CMP1000,Winter_Storm_Alert_Promo,Connected TV,Ontario,0.948,150140,4328.4,1936.83,244.24,16463.72,12.9,0.447,8.5
2026-04-08,CMP1001,App_Download_Push,Search,Alberta,0.4,65590,705.5,309.04,17.57,426.95,4.71,0.438,1.382
2025-12-19,CMP1003,Severe_Weather_Awareness,Video,Ontario,0.843,61030,868.0,443.48,47.87,4167.62,7.27,0.511,9.397
2026-03-26,CMP1003,Severe_Weather_Awareness,Video,Atlantic,0.595,67264,469.9,462.98,11.66,855.6,6.88,0.985,1.848
2026-02-02,CMP1003,Severe_Weather_Awareness,Native,Atlantic,0.952,73052,1715.4,796.68,45.8,2283.72,10.91,0.464,2.867
2026-03-16,CMP1005,Local_News_Sponsorship,Search,Ontario,0.303,99260,1375.9,1727.52,11.89,556.09,17.4,1.256,0.322
2025-12-30,CMP1005,Local_News_Sponsorship,Connected TV,Alberta,0.769,80334,2057.1,738.38,91.65,5742.24,9.19,0.359,7.777
2026-01-28,CMP1007,B2B_Partner_Coop,Native,Ontario,0.886,28791,341.9,358.1,11.46,532.39,12.44,1.048,1.487
2025-12-02,CMP1001,App_Download_Push,Native,Atlantic,0.662,69346,841.2,671.56,28.77,2025.02,9.68,0.798,3.015
2026-01-19,CMP1004,Brand_Lift_National,native,British Columbia,0.774,46383,515.9,409.89,15.42,978.18,8.84,0.794,2.386
2026-02-24,CMP1004,Brand_Lift_National,Display,British Columbia,0.857,47460,891.6,550.17,61.25,4389.27,11.59,0.617,7.978
2025-12-31,CMP1004,Brand_Lift_National,Native,Quebec,0.82,75557,1064.2,417.13,59.4,4426.66,5.52,0.392,10.612
2026-02-28,CMP1007,B2B_Partner_Coop,Search,Atlantic,0.727,47542,1097.6,241.09,37.27,3263.46,5.07,0.22,13.536
2025-11-19,CMP1004,Brand_Lift_National,Video,Ontario,0.142,69757,1468.7,355.96,82.39,4686.3,5.1,0.242,13.165
2025-11-13,CMP1006,Spring_Forecast_Launch,Display,Quebec,0.34,47401,935.5,475.02,34.41,966.13,10.02,0.508,2.034
2025-12-17,CMP1000,Winter_Storm_Alert_Promo,Connected TV,Atlantic,0.82,80223,825.4,697.1,21.67,1958.67,8.69,0.845,2.81
2026-03-04,CMP1005,Local_News_Sponsorship,Video,British Columbia,0.424,51339,444.6,369.1,24.41,910.93,7.19,0.83,2.468
2026-02-09,CMP1005,Local_News_Sponsorship,Search,Alberta,0.796,61040,904.8,731.52,18.38,880.88,11.98,0.808,1.204
2026-01-10,CMP1002,Premium_Upgrade_Q1,Connected TV,British Columbia,0.617,52397,672.2,470.68,23.31,1789.61,8.98,0.7,3.802
2026-02-14,CMP1007,B2B_Partner_Coop,Display,Atlantic,0.844,57164,1063.5,654.82,35.28,1826.53,11.45,0.616,2.789
2025-12-15,CMP1002,Premium_Upgrade_Q1,Display,Atlantic,0.976,49947,340.4,531.91,7.18,522.94,10.65,1.563,0.983
2026-01-29,CMP1004,Brand_Lift_National,Search,Atlantic,0.875,53420,978.0,500.26,61.5,3271.85,9.36,0.512,6.54
2026-01-13,CMP1004,Brand_Lift_National,Search,Alberta,0.709,55534,1180.4,619.35,39.93,2517.31,11.15,0.525,4.064
2026-03-12,CMP1007,B2B_Partner_Coop,Display,Quebec,0.555,53407,676.9,439.45,40.91,2185.89,8.23,0.649,4.974
2025-12-12,CMP1002,Premium_Upgrade_Q1,Display,British Columbia,0.819,57723,1052.7,355.41,56.61,3296.22,6.16,0.338,9.274
2026-04-09,CMP1001,App_Download_Push,Search,Quebec,0.673,50827,947.9,452.55,54.67,3209.79,8.9,0.477,7.093
2026-04-17,CMP1001,App_Download_Push,Connected TV,Ontario,0.65,41932,501.5,504.92,23.1,1163.13,12.04,1.007,2.304
2025-12-07,CMP1005,Local_News_Sponsorship,Search,Alberta,0.618,51961,1080.2,294.4,63.33,3784.4,5.67,0.273,12.855
2026-02-27,CMP1003,Severe_Weather_Awareness,Video,Alberta,0.742,52331,468.5,560.86,24.8,1522.62,10.72,1.197,2.715
2026-03-05,CMP1002,Premium_Upgrade_Q1,Display,Quebec,0.329,68792,2019.0,531.43,81.25,6450.92,7.73,0.263,12.139
2025-11-12,CMP1001,App_Download_Push,Native,British Columbia,0.243,62765,826.0,549.93,54.06,2064.68,8.76,0.666,3.754
2026-04-24,CMP1004,Brand_Lift_National,Video,Alberta,0.658,1142216,136.89296444646772,240.7,4.22,223.94,5.21,0.236,0.93
2026-01-04,CMP1000,Winter_Storm_Alert_Promo,Search,Ontario,0.762,84051,1394.6,816.93,37.35,2948.97,9.72,0.586,3.61
2025-12-12,CMP1004,Brand_Lift_National,Display,Ontario,0.819,40952,381.4,302.29,22.4,1475.4,7.38,0.793,4.881
2026-01-01,CMP1004,Brand_Lift_National,Connected TV,Alberta,0.954,71602,2706.3,595.4,97.68,3808.92,8.32,0.22,6.397
2026-03-24,CMP1000,Winter_Storm_Alert_Promo,Display,Atlantic,0.333,61933,468.9,586.69,28.31,1403.19,9.47,1.251,2.392
2026-03-15,CMP1000,Winter_Storm_Alert_Promo,Video,Atlantic,0.615,9244,202.3,71.36,11.35,1236.65,7.72,0.353,17.331
2026-04-03,CMP1004,Brand_Lift_National,Display,Quebec,0.601,87207,1920.2,625.22,45.71,2990.55,7.17,0.326,4.783
2026-01-16,CMP1002,Premium_Upgrade_Q1,Display,Alberta,0.809,71383,676.5,674.83,26.89,2485.53,9.45,0.998,3.683
2026-01-31,CMP1007,B2B_Partner_Coop,Search,British Columbia,0.712,38134,775.0,212.34,31.73,2912.93,5.57,0.274,13.718
2026-03-16,CMP1000,Winter_Storm_Alert_Promo,Video,Atlantic,0.303,144169,4488.6,2177.87,231.62,16182.23,15.11,0.485,7.43
2026-03-19,CMP1003,Severe_Weather_Awareness,Video,Ontario,0.363,48233,483.3,490.19,26.77,702.05,10.16,1.014,1.432
2026-03-03,CMP1005,Local_News_Sponsorship,Video,Quebec,0.369,52145,414.2,439.23,11.62,995.04,8.42,1.06,2.265
2026-03-18,CMP1005,Local_News_Sponsorship,Video,Atlantic  ,0.677,52298,940.9,678.06,54.53,2341.65,12.97,0.721,3.453
2026-04-28,CMP1002,Premium_Upgrade_Q1,Display,British Columbia,0.676,50529,1016.0,520.28,74.51,4071.88,10.3,0.512,7.826
2025-12-02,CMP1006,Spring_Forecast_Launch,Search,Atlantic,0.662,36592,634.0,355.89,39.64,1740.44,9.73,0.561,4.89
2026-03-03,CMP1007,B2B_Partner_Coop,Connected TV,Quebec,0.369,74071,1249.4,645.09,70.7,3248.53,8.71,0.516,5.036
2025-12-13,CMP1005,Local_News_Sponsorship,Search,Alberta,0.669,52149,584.4,361.04,34.11,2650.5,6.92,0.618,7.341
2025-11-22,CMP1005,Local_News_Sponsorship,Video,Quebec,0.317,85655,886.7,1034.52,39.21,3002.34,12.08,1.167,2.902
2025-12-12,CMP1007,B2B_Partner_Coop,Connected TV,British Columbia,0.819,74241,1136.0,438.53,64.98,4307.78,5.91,0.386,9.823
2025-12-06,CMP1001,App_Download_Push,Display,Quebec,0.682,46325,241.6,557.16,6.86,586.58,12.03,2.306,1.053
2026-01-17,CMP1006,Spring_Forecast_Launch,Display,Alberta,0.604,54354,929.3,333.24,32.55,1503.42,6.13,0.359,4.512
2026-01-31,CMP1003,Severe_Weather_Awareness,Connected TV,Atlantic,0.712,64515,915.8,703.85,3.05,172.97,10.91,0.769,0.246
2026-01-14,CMP1003,Severe_Weather_Awareness,Native,Ontario,0.737,23246,248.3,265.3,11.97,635.03,11.41,1.069,2.394
2025-11-15,CMP1006,Spring_Forecast_Launch,Video,Quebec,0.186,62812,794.4,242.33,23.68,1535.89,3.86,0.305,6.338
2025-12-02,CMP1007,B2B_Partner_Coop,Connected TV,Quebec,0.662,20331,20.3,220.49,0.81,14.59,10.84,10.845,0.066
2025-11-27,CMP1007,B2B_Partner_Coop,Video,British Columbia,0.377,41683,698.5,381.96,20.16,1261.31,9.16,0.547,3.302
2025-12-21,CMP1003,Severe_Weather_Awareness,Video,Ontario,0.786,35057,724.1,260.2,16.13,1541.29,7.42,0.359,5.923
2026-02-03,CMP1003,Severe_Weather_Awareness,Display,,0.628,43237,,,24.79,1429.6,10.61,,3.116
2026-03-20,CMP1003,Severe_Weather_Awareness,Video,,0.502,138315,,2588.5,74.53,3852.9,18.71,,1.488
2026-01-13,CMP1002,Premium_Upgrade_Q1,Connected TV,Atlantic,0.709,43678,1216.6,370.27,39.1,2625.45,8.48,0.304,7.091
2026-03-22,CMP1000,Winter_Storm_Alert_Promo,Search,Atlantic,0.353,51586,781.2,615.05,16.15,1000.52,11.92,0.787,1.627
2026-04-29,CMP1006,Spring_Forecast_Launch,Native,Atlantic,0.619,45946,287.3,241.78,15.78,1503.23,5.26,0.842,6.217
2025-12-11,CMP1001,App_Download_Push,Search,Atlantic,0.982,45085,282.8,314.84,9.61,549.06,6.98,1.113,1.744
2026-02-21,CMP1000,Winter_Storm_Alert_Promo,Native,Alberta,0.763,74534,937.3,822.09,56.2,5657.8,11.03,0.877,6.882
2026-04-17,CMP1002,Premium_Upgrade_Q1,Video,Atlantic,0.65,52840,1287.0,60.15,52.22,3621.72,1.14,0.047,60.207
2026-01-30,CMP1003,Severe_Weather_Awareness,Display,British Columbia,0.87,110479,1668.4,1049.59,76.51,7814.66,9.5,0.629,7.445
2026-01-25,CMP1001,App_Download_Push,Search,Atlantic,0.644,39859,298.8,314.26,19.88,1451.29,7.88,1.052,4.618
2026-04-04,CMP1003,Severe_Weather_Awareness,Search,Alberta,0.634,62948,983.8,680.39,62.62,7205.63,10.81,0.692,10.59
2026-02-15,CMP1002,Premium_Upgrade_Q1,Native,Alberta,0.683,67604,1364.0,465.65,59.41,4432.73,6.89,0.341,9.519
2026-04-27,CMP1005,Local_News_Sponsorship,Display,Quebec,0.511,28039,581.3,232.39,32.45,2979.03,8.29,0.4,12.819
2026-01-17,CMP1001,App_Download_Push,Native,Alberta,0.604,62298,701.2,507.09,15.59,1167.5,8.14,0.723,2.302
2026-01-24,CMP1002,Premium_Upgrade_Q1,Connected TV,Atlantic,0.625,47674,857.8,298.23,45.44,2145.06,6.26,0.348,7.193
2025-12-02,CMP1005,Local_News_Sponsorship,Search,Quebec,0.662,64151,575.4,660.54,21.65,1650.11,10.3,1.148,2.498
2026-03-05,CMP1000,Winter_Storm_Alert_Promo,Search,British Columbia,0.329,49673,643.5,288.16,21.18,1426.67,5.8,0.448,4.951
2026-02-28,CMP1006,Spring_Forecast_Launch,Native,British Columbia,0.727,76079,838.2,516.32,34.6,1885.4,6.79,0.616,3.652
2026-01-07,CMP1002,Premium_Upgrade_Q1,Display,Alberta,1.0,30616,416.4,316.16,14.23,564.34,10.33,0.759,1.785
2026-03-03,CMP1004,Brand_Lift_National,Native,British Columbia,0.369,48166,374.1,501.37,24.55,2118.06,10.41,1.34,4.225
2026-03-05,CMP1003,Severe_Weather_Awareness,Video,Quebec,0.329,57817,1335.0,341.98,57.44,3985.7,5.91,0.256,11.655
2026-02-05,CMP1001,App_Download_Push,Search,Quebec,0.851,70773,620.5,406.23,21.58,1549.93,5.74,0.655,3.815
2025-11-20,CMP1000,Winter_Storm_Alert_Promo,Search,Ontario,0.355,56110,914.2,346.72,43.23,1701.61,6.18,0.379,4.908
2026-03-23,CMP1003,Severe_Weather_Awareness,Display,Atlantic,0.372,47210,1044.3,347.74,78.64,5166.39,7.37,0.333,14.857
2026-04-15,CMP1006,Spring_Forecast_Launch,Native,Atlantic,0.56,56459,700.8,745.33,23.38,2158.78,13.2,1.064,2.896
2025-12-28,CMP1001,App_Download_Push,Connected TV,Alberta,0.826,51989,1135.8,440.78,36.13,3250.74,8.48,0.388,7.375
2026-01-31,CMP1002,Premium_Upgrade_Q1,Connected TV,Ontario,0.712,48548,1409.3,467.3,37.01,2606.19,9.63,0.332,5.577
2025-11-18,CMP1007,B2B_Partner_Coop,Display,Alberta,0.198,67396,1808.5,540.99,154.58,9344.38,8.03,0.299,17.273
2026-02-28,CMP1005,Local_News_Sponsorship,Search,British Columbia,0.727,18088,171.8,139.34,7.17,488.18,7.7,0.811,3.504
2025-12-06,CMP1005,Local_News_Sponsorship,Connected TV,Atlantic,0.682,41126,1505.3,337.07,50.38,4297.88,8.2,0.224,12.751
2026-02-25,CMP1006,Spring_Forecast_Launch,Video,British Columbia,0.861,46781,1199.4,514.68,52.16,5294.94,11.0,0.429,10.288
2026-01-16,CMP1002,Premium_Upgrade_Q1,Video,British Columbia,0.809,68231,1225.6,777.38,67.81,4254.47,11.39,0.634,5.473
2026-04-08,CMP1000,Winter_Storm_Alert_Promo,Native,Alberta,0.4,33320,509.1,377.53,23.1,1495.7,11.33,0.742,3.962
2026-04-11,CMP1000,Winter_Storm_Alert_Promo,Video,Quebec,0.61,68496,1384.6,583.69,62.54,4382.35,8.52,0.422,7.508
2026-02-15,CMP1006,Spring_Forecast_Launch,Connected TV,Alberta,0.683,59588,739.0,484.21,19.03,1544.81,8.13,0.655,3.19
2026-03-13,CMP1001,App_Download_Push,Video,British Columbia,0.33,36332,677.0,371.22,21.08,2055.11,10.22,0.548,5.536
2026-03-16,CMP1007,B2B_Partner_Coop,Connected TV,British Columbia,0.303,133144,1444.0,1975.45,50.67,5057.34,14.84,1.368,2.56
2026-02-08,CMP1004,Brand_Lift_National,Video,Alberta,0.685,60869,1173.1,705.1,87.9,6949.24,11.58,0.601,9.856
2026-02-06,CMP1007,B2B_Partner_Coop,Native,Quebec,0.755,44235,814.3,427.18,35.01,2847.2,9.66,0.525,6.665
2026-01-18,CMP1007,B2B_Partner_Coop,Video,Atlantic,0.731,74976,1064.4,1141.84,28.26,2933.37,15.23,1.073,2.569
2026-01-06,CMP1007,B2B_Partner_Coop,Display,British Columbia,0.77,46525,776.8,380.47,40.83,1891.7,8.18,0.49,4.972
2025-11-25,CMP1002,Premium_Upgrade_Q1,Native,Quebec,0.388,49580,1103.5,480.61,72.6,4157.7,9.69,0.436,8.651
2025-11-10,CMP1001,App_Download_Push,Search,Alberta,0.221,42835,259.0,369.83,9.9,874.95,8.63,1.428,2.366
2025-12-10,CMP1004,Brand_Lift_National,Search,Atlantic,0.987,60886,927.6,525.58,69.49,5393.39,8.63,0.567,10.262
2026-03-30,CMP1001,App_Download_Push,Display,Atlantic,0.522,48033,850.0,471.21,24.73,1485.3,9.81,0.554,3.152
2026-03-19,CMP1004,Brand_Lift_National,Video,Ontario,0.363,70989,809.3,277.9,44.09,2933.63,3.91,0.343,10.557
2026-01-22,CMP1000,Winter_Storm_Alert_Promo,Video,Atlantic,0.923,57683,1195.5,362.19,1.2,39.34,6.28,0.303,0.109
2026-01-20,CMP1000,Winter_Storm_Alert_Promo,Native,Alberta,0.941,61800,964.2,555.9,70.7,4685.77,9.0,0.577,8.429
2026-04-07,CMP1003,Severe_Weather_Awareness,Search,Atlantic,0.421,53825,292.4,546.9,12.68,758.94,10.16,1.87,1.388
2025-12-11,CMP1002,Premium_Upgrade_Q1,Video,Alberta,0.982,52698,572.8,530.38,20.74,2002.7,10.06,0.926,3.776
2026-04-01,CMP1006,Spring_Forecast_Launch,Connected TV,Quebec,0.668,37094,698.8,369.35,34.24,2338.21,9.96,0.529,6.331
2026-02-24,CMP1004,Brand_Lift_National,Display,Alberta,0.857,47927,1355.0,202.12,43.89,4205.95,4.22,0.149,20.809
2025-12-27,CMP1006,Spring_Forecast_Launch,Display,Ontario,0.815,69518,1002.5,440.4,34.33,3034.39,6.33,0.439,6.89
2025-12-06,CMP1003,Severe_Weather_Awareness,Native,British Columbia,0.682,58981,1016.9,202.24,48.86,6207.44,3.43,0.199,30.694
2025-12-26,CMP1005,Local_News_Sponsorship,Display,Ontario,0.931,38586,1047.0,377.44,58.09,290.43,9.78,0.361,0.769
2025-11-16,CMP1000,Winter_Storm_Alert_Promo,Video,British Columbia,0.307,36492,583.0,427.57,16.09,1039.11,11.72,0.733,2.43
2026-02-19,CMP1005,Local_News_Sponsorship,Connected TV,Alberta,0.729,29847,265.7,150.95,9.11,670.64,5.06,0.568,4.443
2026-01-01,CMP1005,Local_News_Sponsorship,Search,Atlantic,0.954,46156,178.0,350.85,5.75,555.46,7.6,1.971,1.583
2025-12-24,CMP1003,Severe_Weather_Awareness,Native,Atlantic,0.631,52995,1030.7,425.36,37.2,2552.75,8.03,0.413,6.001
2025-12-13,CMP1004,Brand_Lift_National,Native,Quebec,0.669,51771,433.1,538.86,7.25,424.03,10.41,1.244,0.787
2025-12-25,CMP1002,Premium_Upgrade_Q1,Connected TV,British Columbia,0.638,50563,1154.3,398.35,78.22,6760.26,7.88,0.345,16.971
2026-02-08,CMP1000,Winter_Storm_Alert_Promo,Video,Ontario,0.685,35167,258.6,312.38,14.41,985.38,8.88,1.208,3.154
2025-12-01,CMP1004,Brand_Lift_National,Search,Quebec,0.68,80719,2089.7,687.19,139.44,11155.84,8.51,0.329,16.234
2026-03-28,CMP1006,Spring_Forecast_Launch,Video,Ontario,0.634,56407,1072.3,502.38,51.24,5293.5,8.91,0.469,10.537
2026-01-29,CMP1003,Severe_Weather_Awareness,Video,British Columbia,0.875,94184,1474.8,871.05,69.93,3967.29,9.25,0.591,4.555
2025-11-27,CMP1007,B2B_Partner_Coop,Native,Alberta,0.377,39633,570.2,292.68,27.58,1876.33,7.38,0.513,6.411
2025-11-05,CMP1000,Winter_Storm_Alert_Promo,Video,Atlantic,0.105,38807,662.3,366.66,39.28,3417.67,9.45,0.554,9.321
2025-11-29,CMP1003,Severe_Weather_Awareness,Connected TV,Alberta,0.374,47119,,533.25,28.22,2165.53,11.32,,4.061
2026-01-01,CMP1004,Brand_Lift_National,Native,Quebec,0.954,76544,928.7,442.34,24.27,1370.48,5.78,0.476,3.098
2025-11-22,CMP1004,Brand_Lift_National,Video,Atlantic,0.317,49981,1217.7,387.32,66.22,5935.79,7.75,0.318,15.325
2026-03-12,CMP1003,Severe_Weather_Awareness,Native,Quebec,0.555,59639,575.7,448.64,18.97,1002.29,7.52,0.779,2.234
2026-02-15,CMP1002,Premium_Upgrade_Q1,Display,Alberta,0.683,64152,499.2,784.96,18.0,1820.33,12.24,1.572,2.319
2025-12-15,CMP1004,Brand_Lift_National,Connected TV,British Columbia,0.976,39953,779.0,316.22,43.17,1854.99,7.91,0.406,5.866
2025-11-04,CMP1003,Severe_Weather_Awareness,Connected TV,Atlantic,0.314,50764,751.5,300.67,29.42,2529.5,5.92,0.4,8.413
2025-12-19,CMP1004,Brand_Lift_National,Connected TV,Ontario,0.843,37169,148.8,221.94,1.79,131.6,5.97,1.492,0.593
2026-03-02,CMP1003,Severe_Weather_Awareness,display,Alberta  ,0.593,67903,967.8,585.03,38.19,1886.16,8.62,0.604,3.224
2025-12-11,CMP1001,App_Download_Push,Search,Alberta,0.982,39280,409.8,403.32,6.53,218.0,10.27,0.984,0.541
2026-01-03,CMP1006,Spring_Forecast_Launch,Display,Quebec,0.611,60921,949.3,292.97,34.64,1456.93,4.81,0.309,4.973
2026-01-14,CMP1004,Brand_Lift_National,Connected TV,Quebec,0.737,17177,64.3,103.37,0.86,27.67,6.02,1.607,0.268
2026-01-30,CMP1003,Severe_Weather_Awareness,Display,Alberta,0.87,56798,526.4,572.75,35.86,1694.52,10.08,1.088,2.959
2025-11-11,CMP1003,Severe_Weather_Awareness,Display,Ontario,0.281,55831,708.7,566.88,21.53,1498.8,10.15,0.8,2.644
2026-03-14,CMP1003,Severe_Weather_Awareness,Search,Alberta,0.557,56908,614.8,662.26,17.15,1108.12,11.64,1.077,1.673
2025-12-12,CMP1004,Brand_Lift_National,Native,Alberta,0.819,62186,731.3,624.34,49.68,3698.25,10.04,0.854,5.923
2025-12-26,CMP1007,B2B_Partner_Coop,Search,Atlantic,0.931,46263,699.5,460.54,14.91,965.99,9.95,0.658,2.098
2025-12-12,CMP1002,Premium_Upgrade_Q1,Display,Quebec,0.819,64264,702.6,607.45,40.44,3976.73,9.45,0.865,6.547
2026-01-02,CMP1000,Winter_Storm_Alert_Promo,Search,Atlantic,0.632,64544,963.0,519.45,24.59,1105.9,8.05,0.539,2.129
2026-03-17,CMP1006,Spring_Forecast_Launch,Search,British Columbia,0.511,58695,752.6,608.28,46.14,2917.53,10.36,0.808,4.796
2026-03-30,CMP1007,B2B_Partner_Coop,Connected TV,Quebec,0.522,76603,1687.0,717.84,9.17,458.37,9.37,0.426,0.639
2026-01-19,CMP1000,Winter_Storm_Alert_Promo,Connected TV,Quebec,0.774,68159,910.0,816.75,45.99,2924.78,11.98,0.897,3.581
2026-01-11,CMP1002,Premium_Upgrade_Q1,Display,British Columbia,0.837,47061,740.6,459.75,34.11,3063.52,9.77,0.621,6.663
2025-11-01,CMP1001,App_Download_Push,Video,Ontario,0.332,53970,880.4,576.33,38.17,2999.17,10.68,0.655,5.204
2026-04-16,CMP1001,App_Download_Push,Search,Alberta,0.544,49591,743.9,533.04,27.55,3504.13,10.75,0.717,6.574
2026-03-09,CMP1000,Winter_Storm_Alert_Promo,Search,British Columbia,0.405,64276,773.9,399.02,24.49,957.51,6.21,0.516,2.4
2025-11-01,CMP1005,Local_News_Sponsorship,Native,Atlantic,0.332,38485,435.9,313.58,24.41,1663.21,8.15,0.719,5.304
2026-01-23,CMP1003,Severe_Weather_Awareness,Search,Alberta,0.64,90251,2071.3,772.36,67.12,3642.51,8.56,0.373,4.716
2026-02-23,CMP1006,Spring_Forecast_Launch,Video,Quebec,0.77,39009,573.1,411.51,28.4,2324.87,10.55,0.718,5.65
2026-02-03,CMP1000,Winter_Storm_Alert_Promo,Display,Quebec,0.628,16126,208.6,184.05,10.2,785.71,11.41,0.882,4.269
2025-12-06,CMP1002,Premium_Upgrade_Q1,Native,Alberta,0.682,68443,823.3,892.12,35.91,2141.87,13.03,1.084,2.401
2025-12-28,CMP1002,Premium_Upgrade_Q1,Search,Ontario,0.826,26347,476.8,245.07,23.36,1775.76,9.3,0.514,7.246
2025-11-12,CMP1003,Severe_Weather_Awareness,Video,Ontario,0.243,56863,627.7,566.06,29.59,1932.3,9.95,0.902,3.414
2026-01-16,CMP1007,B2B_Partner_Coop,Connected TV,Atlantic,0.809,60114,1748.0,598.1,61.98,2256.6,9.95,0.342,3.773
2026-01-07,CMP1003,Severe_Weather_Awareness,Connected TV,Quebec,1.0,63955,1940.8,418.89,80.22,6751.78,6.55,0.216,16.118
2026-02-13,CMP1006,Spring_Forecast_Launch,Display,Alberta,0.8,58169,327.4,482.33,11.51,911.31,8.29,1.473,1.889
2026-01-14,CMP1005,Local_News_Sponsorship,Connected TV,Atlantic,0.737,47042,600.9,388.37,17.04,748.08,8.26,0.646,1.926
2026-01-10,CMP1000,Winter_Storm_Alert_Promo,Display,Quebec,0.617,60330,1059.3,413.33,35.61,2923.14,6.85,0.39,7.072
2026-01-13,CMP1004,Brand_Lift_National,Search,Ontario,0.709,84123,829.9,861.95,27.54,2264.43,10.25,1.039,2.627
2025-11-24,CMP1001,App_Download_Push,Search,Atlantic,0.166,50937,874.6,260.21,14.75,696.92,5.11,0.298,2.678
2026-04-16,CMP1000,Winter_Storm_Alert_Promo,Video,Quebec,0.544,46025,991.2,418.57,52.77,4450.4,9.09,0.422,10.632
2026-03-28,CMP1000,Winter_Storm_Alert_Promo,Display,Atlantic,0.634,82476,1015.6,1126.99,29.83,2552.99,13.66,1.11,2.265
2026-01-11,CMP1000,Winter_Storm_Alert_Promo,Search,Alberta,0.837,27483,378.6,371.85,23.5,1290.0,13.53,0.982,3.469
2026-03-27,CMP1005,Local_News_Sponsorship,Video,Atlantic,0.462,116939,1135.8,2995.47,13.71,1303.78,25.62,2.637,0.435
2026-02-14,CMP1006,Spring_Forecast_Launch,Display,British Columbia,0.844,32500,334.4,494.79,19.59,1384.04,15.22,1.48,2.797
2026-04-16,CMP1003,Severe_Weather_Awareness,Display,Alberta,0.544,53889,649.7,419.37,20.15,1108.24,7.78,0.645,2.643
2026-04-15,CMP1007,B2B_Partner_Coop,Video,Ontario,0.56,79260,965.2,449.21,57.05,3222.4,5.67,0.465,7.173
2026-04-03,CMP1003,Severe_Weather_Awareness,Native,British Columbia,0.601,19953,165.9,210.25,5.59,332.61,10.54,1.267,1.582
2025-12-04,CMP1002,Premium_Upgrade_Q1,Video,British Columbia,0.786,152264,2620.3,4597.1,140.08,8447.14,30.19,1.754,1.837
2025-12-18,CMP1003,Severe_Weather_Awareness,Display,Alberta,0.95,58267,1226.7,482.5,63.59,5011.59,8.28,0.393,10.387
2026-04-02,CMP1001,App_Download_Push,Video,British Columbia,0.656,47071,1190.3,290.36,28.67,1690.66,6.17,0.244,5.823
2025-12-19,CMP1001,App_Download_Push,Display,Ontario,0.843,22359,610.9,215.67,30.73,1743.65,9.65,0.353,8.085
2025-12-13,CMP1001,App_Download_Push,Connected TV,Atlantic,0.669,53823,934.2,291.24,35.85,1796.19,5.41,0.312,6.167
2025-11-26,CMP1000,Winter_Storm_Alert_Promo,Native,Quebec,0.145,28241,265.5,208.81,14.78,1100.33,7.39,0.787,5.269
2026-01-05,CMP1002,Premium_Upgrade_Q1,Video,Quebec,0.64,73797,1410.9,723.99,23.02,1113.73,9.81,0.513,1.538
2026-04-27,CMP1005,Local_News_Sponsorship,Display,Ontario,0.511,66451,930.4,465.04,31.53,2396.27,7.0,0.5,5.153
2026-02-15,CMP1001,App_Download_Push,Search,Alberta,0.683,56791,462.1,422.1,23.38,1354.12,7.43,0.913,3.208
2025-11-17,CMP1001,App_Download_Push,Native,Atlantic,0.137,58153,1289.7,505.27,48.34,4201.93,8.69,0.392,8.316
2026-04-14,CMP1004,Brand_Lift_National,Native,Atlantic,0.669,48472,650.0,260.08,36.05,2956.89,5.37,0.4,11.369
2026-01-22,CMP1003,Severe_Weather_Awareness,Native,Atlantic,0.923,98949,1837.3,1034.13,57.99,4255.9,10.45,0.563,4.115
2026-01-07,CMP1003,Severe_Weather_Awareness,Video,Ontario,1.0,41472,965.9,567.92,57.18,2370.77,13.69,0.588,4.175
2025-12-06,CMP1002,Premium_Upgrade_Q1,Video,Alberta,0.682,50534,748.9,542.47,22.51,1406.34,10.73,0.724,2.592
2026-03-17,CMP1007,B2B_Partner_Coop,Connected TV,Atlantic,0.511,46234,424.0,59.14,19.09,1222.08,1.28,0.139,20.663
2026-04-16,CMP1002,Premium_Upgrade_Q1,Video,Ontario,0.544,47144,995.1,688.88,33.61,2352.58,14.61,0.692,3.415
2025-11-01,CMP1003,Severe_Weather_Awareness,Connected TV,Alberta,0.332,65769,901.2,545.93,13.24,477.34,8.3,0.606,0.874
2026-01-25,CMP1005,Local_News_Sponsorship,Video,Quebec,0.644,44957,587.6,302.81,20.08,1076.25,6.74,0.515,3.554
2025-11-08,CMP1003,Severe_Weather_Awareness,Search,Alberta,0.364,51607,1057.8,215.05,55.99,3214.27,4.17,0.203,14.947
2026-02-15,CMP1002,Premium_Upgrade_Q1,Display,Quebec,0.683,53259,651.8,640.05,32.02,3005.41,12.02,0.982,4.696
2026-04-13,CMP1007,B2B_Partner_Coop,Video,Quebec,0.602,46427,276.3,327.93,10.58,707.67,7.06,1.187,2.158
2026-02-18,CMP1004,Brand_Lift_National,Connected TV,Atlantic,0.616,46136,1269.0,293.44,32.45,2262.54,6.36,0.231,7.71
2026-03-29,CMP1004,Brand_Lift_National,Native,British Columbia,0.305,56692,402.9,651.47,25.44,1870.5,11.49,1.617,2.871
2026-04-08,CMP1002,Premium_Upgrade_Q1,Search,Alberta,0.4,67664,1290.6,369.41,55.0,4204.49,5.46,0.286,11.381
2026-03-19,CMP1007,B2B_Partner_Coop,Connected TV,Ontario,0.363,45763,854.0,543.79,26.78,1781.63,11.88,0.637,3.276
2026-01-11,CMP1001,App_Download_Push,Connected TV,Alberta,0.837,57128,791.7,406.9,18.2,614.84,7.12,0.514,1.511
2026-02-01,CMP1002,Premium_Upgrade_Q1,Native,Ontario,0.705,60851,838.9,734.13,51.06,3478.06,12.06,0.875,4.738
2026-02-02,CMP1001,App_Download_Push,Native,Alberta,0.952,62176,1415.1,608.36,97.22,7619.39,9.78,0.43,12.524
2026-03-23,CMP1002,Premium_Upgrade_Q1,Video,Atlantic,0.372,47367,1151.7,232.55,31.93,1269.85,4.91,0.202,5.461
2026-02-22,CMP1000,Winter_Storm_Alert_Promo,Video,,0.625,59947,,603.51,16.27,1641.64,10.07,,2.72
2026-03-31,CMP1007,B2B_Partner_Coop,Native,Ontario,0.39,31772,297.4,204.54,14.29,612.68,6.44,0.688,2.995
2026-01-26,CMP1004,Brand_Lift_National,Native,Atlantic,0.704,61178,1485.4,705.34,103.01,7847.55,11.53,0.475,11.126
2026-02-20,CMP1006,Spring_Forecast_Launch,Native,Quebec,0.916,69404,1180.3,529.08,50.04,3464.96,7.62,0.448,6.549
2026-03-25,CMP1000,Winter_Storm_Alert_Promo,Connected TV,Alberta,0.47,23183,401.6,169.26,13.59,993.96,7.3,0.421,5.872
2025-12-23,CMP1001,App_Download_Push,Video,Alberta,0.976,63917,799.0,392.53,32.93,2303.58,6.14,0.491,5.868
2025-12-14,CMP1007,B2B_Partner_Coop,Connected TV,Quebec,0.816,56133,1268.4,508.53,40.43,1062.32,9.06,0.401,2.089
2026-03-31,CMP1003,Severe_Weather_Awareness,Native,Quebec,0.39,40448,401.6,336.54,19.16,1482.66,8.32,0.838,4.406
2026-04-07,CMP1001,App_Download_Push,Connected TV,Alberta,0.421,47389,852.4,412.23,41.43,2293.68,8.7,0.484,5.564
2026-01-26,CMP1004,Brand_Lift_National,Display,Ontario,0.704,2125964,110.58183628777164,745.34,31.1,1865.64,8.67,0.904,2.503
2026-04-18,CMP1005,Local_News_Sponsorship,Connected TV,Alberta,0.601,50198,716.9,409.9,39.62,3675.96,8.17,0.572,8.968
2025-11-12,CMP1006,Spring_Forecast_Launch,Video,Alberta,0.243,67487,973.7,494.68,29.76,2212.61,7.33,0.508,4.473
2026-01-24,CMP1002,Premium_Upgrade_Q1,Connected TV,British Columbia,0.625,37414,572.9,89.09,13.59,1578.76,2.38,0.156,17.72
2025-11-12,CMP1004,Brand_Lift_National,Video,Atlantic,0.243,56996,686.4,226.53,21.25,916.78,3.97,0.33,4.047
2025-12-11,CMP1002,Premium_Upgrade_Q1,Search,British Columbia,0.982,56304,1089.9,517.14,59.9,4515.4,9.18,0.474,8.731
2026-02-05,CMP1003,Severe_Weather_Awareness,Video,Alberta,0.851,48240,1231.9,418.41,57.63,3475.37,8.67,0.34,8.306
2026-02-02,CMP1007,B2B_Partner_Coop,Search,Ontario  ,0.952,61139,1001.1,417.73,1.21,104.69,6.83,0.417,0.251
2025-11-13,CMP1006,Spring_Forecast_Launch,Search,Ontario,0.34,35637,678.9,90.76,37.68,1558.29,2.55,0.134,17.169
2026-03-04,CMP1001,App_Download_Push,Connected TV,Ontario,0.424,60426,759.7,703.69,38.49,2167.43,11.65,0.926,3.08
2026-01-28,CMP1001,App_Download_Push,Native,Alberta,0.886,36043,886.9,351.21,33.93,3735.98,9.74,0.396,10.637
2026-01-10,CMP1006,Spring_Forecast_Launch,Video,British Columbia,0.617,33048,632.3,286.32,43.02,4481.08,8.66,0.453,15.65
2026-04-24,CMP1005,Local_News_Sponsorship,Connected TV,Ontario,0.658,67693,659.4,574.61,23.3,1731.3,8.49,0.871,3.013
2026-03-10,CMP1001,App_Download_Push,Video,Quebec,0.348,25740,325.0,163.4,20.15,1565.44,6.35,0.503,9.58
2026-02-22,CMP1005,Local_News_Sponsorship,Display,British Columbia,0.625,50910,834.3,379.3,34.57,3305.87,7.45,0.455,8.716
2025-11-13,CMP1005,Local_News_Sponsorship,Connected TV,Alberta,0.34,31642,329.8,186.38,13.0,821.52,5.89,0.565,4.408
2026-03-13,CMP1000,Winter_Storm_Alert_Promo,Display,Atlantic,0.33,44922,818.7,490.33,35.84,3136.33,10.91,0.599,6.396
2026-04-29,CMP1003,Severe_Weather_Awareness,Video,Ontario,0.619,61334,960.2,691.56,61.45,3685.08,11.28,0.72,5.329
2025-11-26,CMP1004,Brand_Lift_National,Native,Alberta,0.145,51251,899.2,438.11,54.86,3573.14,8.55,0.487,8.156
2025-12-08,CMP1002,Premium_Upgrade_Q1,Search,Alberta,0.915,82074,759.9,698.77,18.02,1078.28,8.51,0.92,1.543
2026-04-13,CMP1005,Local_News_Sponsorship,Display,Atlantic,0.602,46399,765.1,263.74,3.43,339.67,5.68,0.345,1.288
2026-01-13,CMP1006,Spring_Forecast_Launch,Video,Ontario,0.709,36229,646.7,339.96,15.68,1253.94,9.38,0.526,3.689
2026-04-16,CMP1003,Severe_Weather_Awareness,Video,British Columbia,0.544,102067,1004.3,883.92,34.84,2883.97,8.66,0.88,3.263
2025-12-19,CMP1000,Winter_Storm_Alert_Promo,Search,Quebec,0.843,71313,1110.7,640.8,63.42,4230.01,8.99,0.577,6.601
2025-12-24,CMP1000,Winter_Storm_Alert_Promo,Video,Quebec,0.631,77154,911.4,545.61,45.15,770.5,7.07,0.599,1.412
2026-01-18,CMP1002,Premium_Upgrade_Q1,Video,British Columbia,0.731,53148,883.6,816.48,26.4,2556.6,15.36,0.924,3.131
2026-01-18,CMP1004,Brand_Lift_National,Connected TV,Quebec,0.731,134391,3319.4,489.69,202.17,4880.94,3.64,0.148,9.967
2026-02-16,CMP1006,Spring_Forecast_Launch,Display,British Columbia,0.765,57473,924.9,570.75,37.65,2808.77,9.93,0.617,4.921
2026-04-16,CMP1003,Severe_Weather_Awareness,Native,British Columbia,0.544,51475,323.2,506.23,8.56,713.88,9.83,1.566,1.41
2026-01-12,CMP1004,Brand_Lift_National,Display,Ontario,0.694,49252,1270.1,577.33,35.68,1835.51,11.72,0.455,3.179
2026-04-26,CMP1000,Winter_Storm_Alert_Promo,Native,Quebec,0.419,75839,718.5,837.88,32.92,995.03,11.05,1.166,1.188
2026-04-16,CMP1007,B2B_Partner_Coop,Native,Atlantic,0.544,53402,973.1,508.85,62.9,4299.6,9.53,0.523,8.45
2025-11-11,CMP1001,App_Download_Push,Display,Atlantic,0.281,21965,329.4,188.89,17.92,465.01,8.6,0.573,2.462
2026-03-21,CMP1005,Local_News_Sponsorship,Connected TV,Ontario,0.352,55951,510.4,577.99,28.91,2214.16,10.33,1.132,3.831
2026-02-21,CMP1005,Local_News_Sponsorship,Native,British Columbia,0.763,56493,954.9,257.23,54.03,4081.54,4.55,0.269,15.867
2026-04-20,CMP1000,Winter_Storm_Alert_Promo,Search,Alberta,0.615,70487,1071.6,745.77,60.99,4809.35,10.58,0.696,6.449
2026-01-13,CMP1002,Premium_Upgrade_Q1,Native,Quebec,0.709,54191,1324.2,597.46,58.73,2921.06,11.02,0.451,4.889
2025-11-08,CMP1006,Spring_Forecast_Launch,Display,British Columbia,0.364,54963,821.5,537.7,27.7,3035.81,9.78,0.655,5.646
2026-01-03,CMP1002,Premium_Upgrade_Q1,Video,Atlantic,0.611,64200,702.1,455.26,26.81,2516.64,7.09,0.648,5.528
2025-11-02,CMP1005,Local_News_Sponsorship,Search,Ontario,0.14,42848,979.4,192.58,20.79,685.47,4.49,0.197,3.56
2026-04-28,CMP1000,Winter_Storm_Alert_Promo,Search,Ontario,0.676,80157,931.1,801.18,54.84,2772.49,10.0,0.86,3.461
2025-11-05,CMP1001,App_Download_Push,Search,Ontario,0.105,44371,738.3,250.76,24.2,2269.13,5.65,0.34,9.049
2025-11-20,CMP1004,Brand_Lift_National,Native,Atlantic,0.355,65130,1525.4,498.11,63.47,2501.61,7.65,0.327,5.022
2026-01-22,CMP1005,Local_News_Sponsorship,Video,Ontario,0.923,73826,1418.9,1153.32,87.69,5934.05,15.62,0.813,5.145
2025-12-02,CMP1007,B2B_Partner_Coop,Native,British Columbia,0.662,56641,421.0,450.84,17.48,1216.53,7.96,1.071,2.698
2026-02-03,CMP1001,App_Download_Push,Display,British Columbia  ,0.628,70299,1954.2,658.47,76.97,4844.6,9.37,0.337,7.357
2026-02-07,CMP1005,Local_News_Sponsorship,Native,Quebec,0.895,78293,1355.3,919.3,41.34,3570.28,11.74,0.678,3.884
2026-04-24,CMP1001,App_Download_Push,Connected TV,British Columbia,0.658,57275,1229.8,605.37,35.68,1314.1,10.57,0.492,2.171
2025-11-08,CMP1000,Winter_Storm_Alert_Promo,Video,Atlantic  ,0.364,75591,976.3,419.53,50.83,2617.74,5.55,0.43,6.24
2025-12-14,CMP1006,Spring_Forecast_Launch,Connected TV,Alberta,0.816,76168,1361.9,381.59,27.78,1900.73,5.01,0.28,4.981
2026-03-18,CMP1005,Local_News_Sponsorship,Search,Alberta,0.677,37262,695.8,326.65,37.05,1826.6,8.77,0.469,5.592
2026-01-30,CMP1002,Premium_Upgrade_Q1,Display,British Columbia,0.87,42573,118.6,330.4,6.17,296.7,7.76,2.786,0.898
2025-11-09,CMP1004,Brand_Lift_National,Native,Quebec,0.317,66969,146.8,672.59,7.09,505.03,10.04,4.582,0.751
2026-04-09,CMP1007,B2B_Partner_Coop,Search,Ontario,0.673,47945,299.2,296.33,10.01,862.57,6.18,0.99,2.911
2025-11-29,CMP1004,Brand_Lift_National,Connected TV,Alberta,0.374,41857,999.3,319.87,51.68,3410.3,7.64,0.32,10.662
2026-03-10,CMP1000,Winter_Storm_Alert_Promo,Search,Atlantic,0.348,45476,701.7,473.78,28.28,1235.19,10.42,0.675,2.607
2026-04-24,CMP1005,Local_News_Sponsorship,Display,Quebec,0.658,50251,432.3,439.33,9.42,564.85,8.74,1.016,1.286
2026-04-07,CMP1000,Winter_Storm_Alert_Promo,Display,Quebec,0.421,61347,1400.4,642.92,72.92,3413.83,10.48,0.459,5.31
2026-02-25,CMP1006,Spring_Forecast_Launch,Connected TV,Ontario,0.861,23313,252.5,230.86,12.85,764.96,9.9,0.914,3.314
2025-11-17,CMP1004,Brand_Lift_National,Connected TV,Quebec,0.137,55956,642.1,382.99,14.03,1186.22,6.84,0.596,3.097
2025-11-26,CMP1002,Premium_Upgrade_Q1,Display,British Columbia,0.145,48768,344.0,651.64,15.37,1145.2,13.36,1.894,1.757
2026-04-06,CMP1005,Local_News_Sponsorship,Search,Alberta,0.315,35518,742.5,133.02,43.74,3795.39,3.75,0.179,28.533
2026-03-03,CMP1003,Severe_Weather_Awareness,Connected TV,Alberta,0.369,39365,581.7,192.11,28.44,2643.97,4.88,0.33,13.763
2026-03-28,CMP1001,App_Download_Push,Video,Alberta,0.634,2764,47.4,4.96,2.07,129.26,1.79,0.105,26.067
2025-12-21,CMP1004,Brand_Lift_National,Video,Alberta,0.786,21958,82.5,229.49,1.39,54.63,10.45,2.782,0.238
2026-04-24,CMP1003,Severe_Weather_Awareness,Search,British Columbia,0.658,48033,417.8,421.04,17.71,1314.77,8.77,1.008,3.123
2025-12-13,CMP1006,Spring_Forecast_Launch,Connected TV,Quebec,0.669,65104,912.3,544.5,39.65,2001.05,8.36,0.597,3.675
2026-03-20,CMP1000,Winter_Storm_Alert_Promo,Video,Atlantic,0.502,213936,4761.2,3466.23,143.49,11013.04,16.2,0.728,3.177
2026-04-02,CMP1007,B2B_Partner_Coop,Display,Atlantic,0.656,38349,303.5,249.78,17.59,717.57,6.51,0.823,2.873
2026-04-03,CMP1002,Premium_Upgrade_Q1,Display,Ontario,0.601,35516,411.7,232.66,13.0,507.11,6.55,0.565,2.18
2026-01-17,CMP1007,B2B_Partner_Coop,Search,Quebec,0.604,58835,848.8,414.26,39.03,1505.58,7.04,0.488,3.634
2026-02-06,CMP1005,Local_News_Sponsorship,Display,Atlantic,0.755,46796,574.4,307.48,33.21,1358.67,6.57,0.535,4.419
2026-01-18,CMP1001,App_Download_Push,Display,British Columbia,0.731,90739,1865.6,1441.9,82.7,5146.02,15.89,0.773,3.569
2026-01-26,CMP1003,Severe_Weather_Awareness,Video,Ontario,0.704,48157,245.1,358.34,8.84,592.86,7.44,1.462,1.654
2025-12-08,CMP1000,Winter_Storm_Alert_Promo,Connected TV,Ontario,0.915,81312,2160.1,577.48,89.89,4678.49,7.1,0.267,8.102
2026-01-30,CMP1005,Local_News_Sponsorship,Display,Ontario,0.87,73448,1384.2,450.85,76.3,3912.22,6.14,0.326,8.677
2025-11-16,CMP1002,Premium_Upgrade_Q1,Video,Ontario,0.307,68603,,651.79,0.96,67.96,9.5,,0.104
2025-12-05,CMP1002,Premium_Upgrade_Q1,Display,British Columbia,0.781,64073,679.5,480.39,14.98,1569.61,7.5,0.707,3.267
2025-11-02,CMP1005,Local_News_Sponsorship,Display,Quebec,0.14,72832,733.2,655.91,38.61,2518.66,9.01,0.895,3.84
2026-04-03,CMP1006,Spring_Forecast_Launch,Search,British Columbia,0.601,21721,518.9,135.48,13.76,938.56,6.24,0.261,6.928
2026-04-19,CMP1000,Winter_Storm_Alert_Promo,Search,Quebec,0.531,84507,1850.0,814.5,100.72,6839.39,9.64,0.44,8.397
2026-01-02,CMP1004,Brand_Lift_National,Video,Ontario,0.632,53014,1380.3,651.08,74.15,4599.13,12.28,0.472,7.064
2026-01-19,CMP1001,App_Download_Push,Video,Ontario,0.774,60027,515.4,682.91,23.7,2018.59,11.38,1.325,2.956
2026-03-16,CMP1004,Brand_Lift_National,Video,Atlantic,0.303,110337,417.0,1452.57,14.24,1317.39,13.16,3.483,0.907
2025-11-02,CMP1001,App_Download_Push,Video,Ontario,0.14,46175,757.0,328.38,35.63,3037.78,7.11,0.434,9.251
2025-12-05,CMP1002,Premium_Upgrade_Q1,Video,Ontario,0.781,63809,515.7,388.71,12.24,469.63,6.09,0.754,1.208
2026-02-20,CMP1007,B2B_Partner_Coop,Connected TV,British Columbia,0.916,55489,1432.0,597.41,46.02,3340.16,10.77,0.417,5.591
2025-12-11,CMP1006,Spring_Forecast_Launch,Search,British Columbia,0.982,74112,1063.9,744.67,43.73,2676.26,10.05,0.7,3.594
2026-02-10,CMP1007,B2B_Partner_Coop,Video,British Columbia,0.709,103182,819.9,2025.01,36.17,1912.96,19.63,2.47,0.945
2026-01-12,CMP1001,App_Download_Push,Video,Alberta,0.694,54578,314.1,626.16,14.3,828.48,11.47,1.993,1.323
2025-12-25,CMP1006,Spring_Forecast_Launch,Search,British Columbia,0.638,82126,2062.1,732.76,82.57,6241.61,8.92,0.355,8.518
2025-11-04,CMP1003,Severe_Weather_Awareness,Connected TV,Ontario,0.314,37620,755.4,298.94,37.55,2430.69,7.95,0.396,8.131
2026-03-01,CMP1006,Spring_Forecast_Launch,Native,Quebec,0.6,50963,755.7,604.78,37.62,2440.18,11.87,0.8,4.035
2026-02-27,CMP1001,App_Download_Push,Video,Ontario,0.742,49322,447.0,146.29,26.25,1520.71,2.97,0.327,10.395
2025-12-04,CMP1003,Severe_Weather_Awareness,Display,Ontario,0.786,152641,2313.1,2729.4,112.51,11080.28,17.88,1.18,4.06
2026-03-07,CMP1005,Local_News_Sponsorship,Native,Quebec,0.496,55316,800.0,459.23,33.66,2510.96,8.3,0.574,5.468
2026-02-13,CMP1004,Brand_Lift_National,Display,Ontario,0.8,46239,735.0,362.26,31.47,2031.03,7.83,0.493,5.607
2026-01-14,CMP1000,Winter_Storm_Alert_Promo,Video,Alberta,0.737,53034,1070.3,377.84,90.31,4534.48,7.12,0.353,12.001
2025-11-12,CMP1002,Premium_Upgrade_Q1,Video,Quebec,0.243,57537,1196.3,501.7,54.88,3901.0,8.72,0.419,7.776
2025-12-24,CMP1006,Spring_Forecast_Launch,Search,Atlantic,0.631,36220,415.9,170.38,29.36,1320.29,4.7,0.41,7.749
2025-12-21,CMP1007,B2B_Partner_Coop,Display,Quebec,0.786,64395,320.2,214.6,17.79,1092.53,3.33,0.67,5.091
2025-12-04,CMP1005,Local_News_Sponsorship,Search,Ontario,0.786,134465,2121.7,1879.45,109.71,3953.11,13.98,0.886,2.103
2025-11-14,CMP1003,Severe_Weather_Awareness,Video,Atlantic,0.127,114975,1288.6,1796.61,6.56,182.31,15.63,1.394,0.101
2026-04-19,CMP1004,Brand_Lift_National,Display,Ontario,0.531,75572,892.0,914.21,23.48,1433.84,12.1,1.025,1.568
2026-03-08,CMP1002,Premium_Upgrade_Q1,Search,Alberta,0.319,61826,865.7,679.94,24.13,1129.62,11.0,0.785,1.661
2025-12-22,CMP1006,Spring_Forecast_Launch,Display,Alberta,0.871,70149,832.7,846.5,24.78,1245.09,12.07,1.017,1.471
2026-04-14,CMP1002,Premium_Upgrade_Q1,Connected TV,British Columbia,0.669,41116,1278.8,208.17,50.37,4768.24,5.06,0.163,22.906
2025-12-30,CMP1002,Premium_Upgrade_Q1,Search,British Columbia,0.769,28748,384.6,140.63,13.04,749.79,4.89,0.366,5.332
2026-04-08,CMP1007,B2B_Partner_Coop,native,Quebec,0.4,63184,592.6,375.09,17.59,815.49,5.94,0.633,2.174
2026-03-13,CMP1004,Brand_Lift_National,Search,British Columbia,0.33,36921,478.5,177.01,27.12,881.08,4.79,0.37,4.977
2026-03-29,CMP1002,Premium_Upgrade_Q1,Search,British Columbia,0.305,43953,850.5,343.66,25.14,2470.73,7.82,0.404,7.189
2026-02-06,CMP1002,Premium_Upgrade_Q1,Display,Alberta,0.755,38599,596.4,506.33,11.45,567.86,13.12,0.849,1.122
2026-03-02,CMP1004,Brand_Lift_National,Display,Alberta,0.593,45886,418.8,667.9,18.32,1639.78,14.56,1.595,2.455
2025-11-18,CMP1002,Premium_Upgrade_Q1,Display,Quebec,0.198,38141,549.3,378.73,11.84,854.24,9.93,0.69,2.256
2026-01-02,CMP1007,B2B_Partner_Coop,Connected TV,Atlantic,0.632,73725,280.7,1026.17,12.54,929.21,13.92,3.656,0.906
2025-12-18,CMP1004,Brand_Lift_National,Search,Alberta,0.95,69272,1464.5,662.13,64.9,3733.27,9.56,0.452,5.638
2026-03-18,CMP1001,App_Download_Push,Connected TV,Atlantic,0.677,45657,964.5,445.68,32.67,1464.79,9.76,0.462,3.287
2026-02-26,CMP1005,Local_News_Sponsorship,Native,Quebec,0.957,140604,784.3,2735.97,17.93,1052.0,19.46,3.489,0.385
2026-04-04,CMP1000,Winter_Storm_Alert_Promo,Search,British Columbia,0.634,25672,314.3,280.97,11.53,654.52,10.94,0.894,2.329
2026-02-18,CMP1007,B2B_Partner_Coop,Display,Atlantic,0.616,85407,2308.0,1152.87,31.62,2983.33,13.5,0.5,2.588
2026-03-19,CMP1000,Winter_Storm_Alert_Promo,Video,Alberta,0.363,56067,1435.8,530.3,49.5,2639.82,9.46,0.369,4.978
2025-12-31,CMP1001,App_Download_Push,Display,Alberta,0.82,52229,1025.5,371.3,64.63,5902.23,7.11,0.362,15.896
2025-12-11,CMP1003,Severe_Weather_Awareness,Search,Alberta,0.982,69901,757.8,483.15,39.84,2555.89,6.91,0.638,5.29
2026-02-17,CMP1006,Spring_Forecast_Launch,Connected TV,Alberta,0.614,37976,544.9,398.06,13.5,790.86,10.48,0.731,1.987
2025-11-24,CMP1007,B2B_Partner_Coop,Connected TV,Atlantic,0.166,43982,796.7,281.61,23.68,1274.1,6.4,0.353,4.524
2025-12-24,CMP1006,Spring_Forecast_Launch,Search,Ontario,0.631,45716,880.6,441.43,24.3,1421.29,9.66,0.501,3.22
2026-04-29,CMP1007,B2B_Partner_Coop,Video,Atlantic,0.619,44585,783.1,366.41,39.27,1541.84,8.22,0.468,4.208
