user_id,signup_date,acquisition_channel,region,plan_type,avg_monthly_sessions,alerts_enabled,push_notifications_enabled,tenure_months,churned,churn_date,ltv_cad
U100452,2024-12-10,Native,Atlantic,Free,0.85,1,0,12.9,0,,0.0
U101657,2025-11-24,Referral,Ontario,Free,5.9,1,1,1.27,0,,0.0
U100062,2024-12-03,Organic,Ontario,Premium,0.27,0,0,13.13,0,,304.5
U102057,2024-12-12,Organic,Quebec,Plus,11.41,1,0,12.83,0,,142.87
U102447,2025-08-08,Native,British Columbia,Plus,9.64,1,1,4.87,0,,75.26
U101629,2025-03-16,Search,Quebec,Free,2.37,1,0,9.7,1,2025-11-28,0.0
U100932,2025-09-15,Display,Alberta,Premium,9.17,1,1,3.6,0,,137.68
U101819,2025-06-30,Search,Ontario,Plus,3.26,1,0,6.17,0,,102.07
U101784,2024-10-08,Organic,British Columbia,Free,17.67,1,1,15.0,1,2025-03-30,0.0
U101094,2024-06-13,Connected TV,Quebec,Free,11.33,1,1,18.9,1,2024-10-14,0.0
U102921,2025-11-23,Referral,Ontario,Premium,32.06,1,0,1.3,1,2025-12-24,32.38
U102902,2025-11-18,Organic,,Free,,1,0,1.47,1,2025-11-25,0.0
U100078,2025-01-19,Organic,Alberta,Plus,6.1,1,0,11.57,0,,152.55
U101499,2025-09-04,Display,Ontario,Free,7.99,0,0,3.97,0,,0.0
U102007,2024-08-14,Native,Ontario,Free,5.59,1,1,16.83,0,,0.0
U100289,2025-10-02,Native,Alberta,Free,6.33,1,0,3.03,1,2025-10-09,0.0
U100782,2025-07-06,Video,Quebec,Free,9.46,0,0,5.97,1,2025-12-03,0.0
U102388,2024-12-18,Connected TV,Ontario,Plus,3.43,1,0,12.63,1,2025-06-08,60.1
U102276,2025-02-12,Display,Ontario,Plus,3.92,1,1,10.77,0,,55.8
U101214,2025-09-06,Native,British Columbia,Premium,5.74,1,0,3.9,0,,135.19
U100117,2024-07-10,Display,Quebec,Plus,3.14,0,0,18.0,1,2025-09-16,84.54
U100268,2025-01-31,Video,British Columbia,Premium,9.66,1,0,11.17,1,2025-06-03,131.46
U102828,2024-11-11,Search,Ontario,Free,1.8,0,0,13.87,1,2025-03-09,0.0
U101155,2025-03-13,Organic,Quebec,Free,9.85,1,1,9.8,1,2025-10-22,0.0
U102051,2025-03-03,Search,Quebec,Plus,8.2,1,1,10.13,1,2025-03-19,6.63
U102349,2025-05-23,Display,Ontario,Plus,7.77,0,0,7.43,0,,96.84
U101396,2025-06-06,Referral,Ontario,Free,12.37,0,1,6.97,1,2025-11-11,0.0
U102843,2024-08-20,Referral,Ontario,FREE,3.63,0,0,16.63,0,,0.0
U100380,2024-12-31,Display,British Columbia,Free,15.66,0,1,12.2,0,,0.0
U101870,2025-09-23,Organic,Ontario,Premium,20.99,0,0,3.33,0,,104.17
U102879,2025-06-28,Search,Alberta,Free,18.0,1,1,6.23,0,,0.0
U102665,2024-12-25,Display,Quebec,Plus,6.17,1,1,12.4,0,,133.26
U100706,2025-05-03,Search,Quebec,Plus,4.34,1,1,8.1,0,,109.51
U102134,2025-05-19,Organic,Quebec,Plus,7.4,1,0,7.57,0,,86.47
U100374,2025-05-11,Display,Ontario,Free,1.77,1,0,7.83,0,,0.0
U100391,2025-06-30,Referral,British Columbia,Free,8.17,1,1,6.17,1,2025-08-04,0.0
U101621,2025-11-14,Connected TV,Ontario,Free,5.2,0,1,1.6,0,,0.0
U102153,2024-11-17,Referral,Atlantic,Premium,1.5,1,0,13.67,1,2025-03-17,116.54
U101788,2024-12-23,Connected TV,Ontario,Free,6.0,0,1,12.47,1,2025-02-09,0.0
U101194,2025-03-12,Display,Ontario,Plus,6.1,1,0,9.83,0,,107.52
U100121,2025-06-16,Video,Ontario,Plus,7.82,1,0,6.63,0,,118.65
U102981,2025-02-22,Organic,Ontario,Free,7.66,1,1,10.43,0,,0.0
U100640,2024-06-05,Connected TV,Ontario,Free,8.03,1,1,19.17,0,,0.0
U100501,2024-11-21,Organic,Ontario,Free,20.37,1,1,13.53,0,,0.0
U100142,2024-07-05,Organic,Quebec,Free,2.47,1,1,18.17,1,2025-03-07,0.0
U101197,2024-07-03,Search,Quebec,Plus,3.57,0,1,18.23,0,,218.25
U102422,2024-10-11,Search,British Columbia,Free,11.14,0,1,14.9,0,,0.0
U101729,2025-11-01,Video,Quebec,Plus,1.35,1,0,2.03,0,,25.53
U101418,2024-11-27,Video,Quebec,Free,7.45,1,0,13.33,0,,0.0
U101560,2025-10-19,Search,Ontario,Free,23.5,1,0,2.47,0,,0.0
U101679,2024-08-17,Native,Ontario,Free,5.85,0,0,16.73,0,,0.0
U100946,2025-10-03,Organic,Alberta,Plus,11.75,1,1,3.0,0,,27.78
U102915,2025-06-02,Referral,Atlantic,Premium,3.24,1,1,7.1,0,,205.59
U100132,2025-02-27,Organic,Quebec,Free,7.91,1,0,10.27,0,,0.0
U102766,2024-08-03,Connected TV,Quebec,Free,4.55,1,1,17.2,0,,0.0
U102595,2024-09-19,Video,Alberta,Free,3.77,1,0,15.63,0,,0.0
U101972,2025-04-29,Organic,British Columbia,Free,1.91,1,0,8.23,0,,0.0
U100338,2025-01-26,Display,Ontario,Premium,20.79,1,0,11.33,0,,476.94
U100912,2024-10-12,Referral,British Columbia,Plus,11.79,1,0,14.87,0,,203.37
U102336,2025-11-25,Video,British Columbia,Plus,2.09,1,1,1.23,0,,13.83
U100275,2025-07-28,Connected TV,Alberta,Plus,3.97,1,1,5.23,0,,79.44
U100773,2025-02-28,Search,Atlantic,Free,2.21,1,0,10.23,1,2025-04-25,0.0
U100293,2025-06-14,Connected TV,Quebec,Free,5.87,1,0,6.7,0,,0.0
U100670,2024-06-04,Display,British Columbia,Premium,4.49,1,1,19.2,1,2025-06-09,349.19
U101700,2025-05-31,Native,British Columbia,Free,6.54,1,1,7.17,0,,0.0
U102323,2025-02-14,Native,Ontario,Free,1.76,0,0,10.7,1,2025-09-28,0.0
U102221,2024-07-30,Display,Quebec,Plus,6.86,1,1,17.33,0,,141.93
U102146,2024-12-12,Display,Alberta,Free,1.88,0,0,12.83,1,2025-09-20,0.0
U102882,2025-06-28,Search,Ontario,Free,2.73,1,1,6.23,1,2025-08-21,0.0
U101530,2025-04-18,Organic,British Columbia,Free,4.58,0,1,8.6,0,,0.0
U100326,2024-07-19,Display,Quebec,Plus,12.2,1,1,17.7,0,,156.74
U102265,2025-06-16,Connected TV,Alberta,Plus,3.15,1,1,6.63,0,,94.42
U101333,2025-04-14,Organic,Quebec,Free,6.19,1,1,8.73,0,,0.0
U101331,2024-06-16,Referral,Quebec,Free,4.14,1,1,18.8,0,,0.0
U100455,2024-12-03,Search,British Columbia,Free,4.43,0,1,13.13,0,,0.0
U100876,2025-06-01,Connected TV,Alberta,Plus,4.25,1,1,7.13,0,,97.29
U100643,2025-01-17,Search,Ontario,Premium,12.34,0,1,11.63,1,2025-05-16,156.26
U101253,2025-01-02,Search,Quebec,Free,5.82,1,0,12.13,1,2025-01-30,0.0
U102495,2025-08-18,Display,Quebec,Plus,2.59,1,1,4.53,1,2025-11-10,34.81
U102710,2024-12-28,Display,Quebec,Free,11.71,1,1,12.3,1,2025-02-16,0.0
U100276,2024-11-30,Display,British Columbia,Free,1.55,1,1,13.23,0,,0.0
U100037,2024-06-14,Native,British Columbia,Plus,5.65,0,1,18.87,0,,202.27
U101925,2025-09-17,Display,Ontario,Plus,16.75,1,1,3.53,0,,41.02
U102684,2025-07-17,Search,Quebec,Free,15.12,1,0,5.6,0,,0.0
U101000,2024-06-13,Search,Alberta,Premium,18.2,1,1,18.9,1,2025-01-18,251.84
U101267,2024-06-05,Search,Quebec,Premium,5.84,1,0,19.17,0,,548.48
U101597,2025-10-21,Search,British Columbia,Plus,10.23,0,0,2.4,1,2025-12-15,33.53
U102298,2024-10-11,Search,Ontario,Plus,9.22,0,1,14.9,0,,125.52
U101774,2024-10-29,Search,Alberta,Plus,5.0,1,1,14.3,0,,240.67
U102250,2024-08-02,Video,Quebec,Free,18.46,1,0,17.23,0,,0.0
U102865,2025-07-06,Search,Ontario,Free,6.78,1,1,5.97,1,2025-11-26,0.0
U100868,2025-06-03,Connected TV,Ontario,Plus,1.22,1,1,7.07,1,2025-10-02,44.47
U100696,2025-10-12,Video,British Columbia,Free,8.71,0,1,2.7,0,,0.0
U100091,2024-12-27,Referral,Atlantic,Free,1.03,1,0,12.33,1,2025-02-27,0.0
U101115,2024-10-09,Connected TV,Quebec,Plus,13.96,0,0,14.97,0,,112.63
U100273,2024-10-09,Organic,British Columbia,Premium,3.85,1,0,14.97,1,2025-12-02,342.27
U101473,2024-07-31,Search,Alberta,Free,4.97,1,1,17.3,0,,0.0
U102272,2024-08-06,Connected TV,Ontario,Premium,2.7,1,1,17.1,0,,605.02
U102308,2025-11-16,Native,British Columbia,Free,3.61,0,0,1.53,0,,0.0
U101873,2025-03-11,Native,Quebec,Premium,14.42,0,1,9.87,0,,294.15
U100103,2025-03-17,Search,Ontario,Plus,7.08,1,1,9.67,0,,135.14
U101996,2025-06-16,Native,British Columbia,Free,3.11,1,1,6.63,0,,0.0
U102549,2025-03-18,Referral,Quebec,Premium,17.88,1,1,9.63,0,,304.19
U100270,2024-07-30,Display,Quebec,Free,6.42,1,0,17.33,1,2025-04-28,0.0
U100008,2025-07-09,Search,Ontario,Plus,7.46,1,1,5.87,0,,61.28
U102030,2025-05-04,Search,Alberta,Plus,5.82,0,1,8.07,0,,160.9
U101066,2025-03-26,Search,Quebec,Plus,4.55,0,1,9.37,0,,122.36
U101958,2025-08-23,Organic,Ontario,Plus,5.99,0,0,4.37,0,,62.74
U101613,2024-11-06,Search,Ontario,Premium,1.7,1,0,14.03,0,,373.54
U100183,2024-06-14,Video,,Free,,1,0,18.87,0,,0.0
U102753,2025-03-30,Display,Ontario,Free,11.03,1,1,9.23,1,2025-11-22,0.0
U101220,2025-01-17,Search,Atlantic,Plus,6.55,1,1,11.63,0,,230.13
U101462,2025-05-08,Referral,Quebec,Free,2.37,1,1,7.93,0,,0.0
U101432,2025-11-15,Connected TV,Atlantic,Free,0.74,1,1,1.57,0,,0.0
U102920,2024-12-28,Search,Atlantic,Free,7.6,1,1,12.3,0,,0.0
U102987,2025-01-15,Display,Alberta,Plus,3.62,1,0,11.7,0,,163.88
U100416,2024-09-20,Search,Alberta,Plus,9.84,1,1,15.6,0,,160.6
U101125,2024-06-01,Referral,Ontario,Plus,11.35,0,0,19.3,0,,174.31
U100467,2025-07-22,Search,Quebec,Plus,6.31,0,0,5.43,0,,76.33
U102124,2024-07-11,Connected TV,Quebec,Plus,2.55,1,1,17.97,0,,117.96
U100050,2025-06-12,Organic,Ontario,Plus,9.44,0,1,6.77,0,,102.94
U101289,2025-09-22,Video,Atlantic,Free,2.79,0,1,3.37,0,,0.0
U102242,2025-07-18,Native,Quebec,Free,7.01,1,1,5.57,1,2025-12-10,0.0
U101989,2025-01-10,Video,British Columbia,Free,10.49,1,1,11.87,0,,0.0
U100953,2025-08-19,Video,British Columbia,Premium,12.65,0,0,4.5,0,,146.25
U102610,2024-09-27,Display,Ontario,Premium,2.19,0,0,15.37,0,,385.83
U100248,2024-06-14,Display,Quebec,Free,0.15,1,0,18.87,0,,0.0
U100100,2025-09-02,Organic,Ontario,Plus,17.9,1,1,4.03,0,,31.48
U102941,2025-05-15,Search,Quebec,Free,4.1,1,0,7.7,1,2025-12-20,0.0
U102033,2025-08-01,Display,Quebec,Plus,6.68,1,0,5.1,0,,58.0
U100523,2024-06-21,Connected TV,Atlantic,Plus,4.48,0,0,18.63,0,,231.48
U101040,2024-09-07,Referral,Ontario,Plus,9.29,0,1,16.03,1,2025-11-13,114.31
U101383,2025-01-05,Video,Quebec,Free,1.98,0,0,12.03,0,,0.0
U101161,2025-10-23,Display,Quebec,Free,7.85,1,0,2.33,0,,0.0
U102790,2024-11-01,Search,British Columbia,Free,6.3,1,0,14.2,0,,0.0
U100736,2025-08-31,Referral,British Columbia,Free,8.49,1,1,4.1,1,2025-10-02,0.0
U101521,2024-11-25,Organic,Ontario,Premium,21.69,0,1,13.4,0,,673.25
U102072,2024-06-10,Video,Ontario,Free,4.62,1,0,19.0,0,,0.0
U100415,2025-04-04,Search,Atlantic,Free,0.69,1,1,9.07,1,2025-10-23,0.0
U101807,2025-05-12,Search,Quebec,Plus,6.12,1,1,7.8,1,2025-07-04,17.29
U102395,2024-06-19,Video,Quebec,Free,10.57,1,0,18.7,0,,0.0
U100908,2024-07-24,Connected TV,Ontario,Free,5.58,1,0,17.53,0,,0.0
U100943,2025-01-13,Search,British Columbia,Free,4.63,1,1,11.77,0,,0.0
U102340,2025-04-25,Organic,Ontario,Free,4.69,1,0,8.37,0,,0.0
U100137,2024-12-23,Search,Ontario,Premium,6.55,0,0,12.47,0,,459.6
U102463,2025-07-18,Search,Alberta,Free,1.94,1,0,5.57,0,,0.0
U100905,2024-07-01,Search,Ontario,Plus,34.0,1,0,18.3,1,2025-11-16,276.03
U102133,2024-11-21,Search,Quebec,Plus,2.42,0,0,13.53,0,,187.39
U102225,2025-07-01,Connected TV,Alberta,Plus,9.19,1,0,6.13,0,,23.08
U102974,2025-11-28,Organic,Ontario,Plus,11.96,1,0,1.13,0,,9.59
U100536,2024-06-05,Search,Ontario,Plus,13.87,1,0,19.17,0,,213.81
U101869,2025-09-07,Search,Alberta,Free,10.49,0,1,3.87,0,,0.0
U102953,2024-07-19,Organic,Ontario,Plus,9.44,0,1,17.7,0,,268.38
U101933,2024-06-01,Organic,Atlantic,Premium,9.78,1,1,19.3,0,,596.77
U100133,2025-06-06,Organic,Ontario,Premium,7.62,0,0,6.97,0,,193.33
U102194,2025-09-22,Search,Ontario,Free,7.84,0,1,3.37,0,,0.0
U101671,2024-09-08,Organic,Ontario,Free,1.74,1,0,16.0,0,,0.0
U102896,2025-06-19,Native,Alberta,Free,17.12,1,1,6.53,0,,0.0
U100212,2025-01-22,Referral,British Columbia,Plus,9.44,1,0,11.47,0,,171.45
U101481,2025-11-22,Referral,Ontario,Free,6.66,0,0,1.33,1,2025-12-03,0.0
U101280,2025-10-24,Referral,Ontario,Plus,9.63,0,1,2.3,0,,30.36
U101020,2025-05-26,Native,Alberta,Free,11.81,1,1,7.33,1,2025-10-30,0.0
U102658,2024-07-14,Connected TV,Atlantic,Plus,2.19,0,1,17.87,0,,193.08
U100583,2024-10-23,Native,Ontario,Free,0.45,1,0,14.5,0,,0.0
U100465,2025-08-13,Organic,,Free,,1,0,4.7,0,,0.0
U101591,2025-04-10,Native,Alberta,Free,8.61,1,0,8.87,0,,0.0
U101230,2024-11-02,Search,British Columbia,Free,5.82,1,0,14.17,0,,0.0
U101162,2025-11-29,Display,Alberta,Free,1.63,0,1,1.1,0,,0.0
U101915,2024-08-12,Search,Quebec,Free,3.17,0,1,16.9,0,,0.0
U100532,2025-04-08,Video,Ontario,Plus,3.56,1,1,8.93,0,,108.45
U100794,2024-11-01,Display,Ontario,Plus,4.2,1,0,14.2,1,2025-07-24,129.52
U101490,2025-08-28,Display,Quebec,Plus,3.28,0,0,4.2,0,,54.89
U100774,2024-06-21,Organic,Quebec,Free,2.85,0,0,18.63,0,,0.0
U102767,2025-10-29,Organic,Ontario,Plus,2.29,1,1,2.13,0,,27.4
U101293,2025-10-09,Display,Ontario,Plus,10.42,1,0,2.8,1,2025-12-19,32.69
U101187,2025-02-07,Native,Ontario,Premium,3.42,0,1,10.93,0,,271.88
U100031,2025-04-23,Connected TV,Atlantic,Free,1.57,1,1,8.43,0,,0.0
U102167,2025-05-06,Search,Alberta,Free,1.98,1,1,8.0,1,2025-05-16,0.0
U100164,2024-06-02,Organic,,Free,,1,0,19.27,1,2025-10-28,
U100913,2025-02-09,Native,Ontario,Plus,2.58,1,1,10.87,0,,122.9
U100789,2025-08-10,Search,Atlantic,Premium,16.25,0,0,4.8,0,,120.84
U100949,2024-06-08,Organic,Atlantic,Free,10.6,1,1,19.07,0,,0.0
U101924,2025-09-15,Search,Quebec,Free,3.69,0,1,3.6,0,,0.0
U100412,2025-10-10,Display,Quebec,Plus,9.48,0,0,2.77,0,,26.31
U102301,2025-03-23,Search,Atlantic,Plus,11.48,1,1,9.47,0,,112.41
U101136,2024-10-14,Search,Ontario,Premium,6.16,1,1,14.8,1,2025-04-20,137.41
U102839,2025-11-17,Display,British Columbia,Free,12.56,1,0,1.5,0,,0.0
U101452,2025-05-16,Search,British Columbia,Premium,5.57,1,0,7.67,1,2025-11-06,233.52
U100181,2024-06-12,Referral,Quebec,Plus,16.05,1,1,18.93,0,,202.42
U100460,2025-02-12,Search,Quebec,Plus,9.77,1,1,10.77,0,,128.68
U102028,2025-07-15,Display,Quebec,Plus,4.61,0,0,5.67,0,,65.01
U102822,2024-10-23,Video,Alberta,Plus,3.71,0,1,14.5,0,,118.11
U100042,2024-12-08,Display,Alberta,Free,12.81,0,0,12.97,0,,0.0
U102256,2025-05-15,Organic,Quebec,Free,11.84,1,1,7.7,0,,0.0
U101801,2024-12-28,Display,Ontario,Free,9.77,1,0,12.3,0,,0.0
U102675,2025-01-21,Connected TV,British Columbia,Plus,13.51,1,1,11.5,0,,109.87
U102459,2024-12-27,Connected TV,Quebec,Free,0.63,0,0,12.33,0,,0.0
U100881,2024-07-14,Video,Atlantic,Free,0.35,1,1,17.87,0,,0.0
U101542,2024-06-11,Search,British Columbia,Free,2.87,0,1,18.97,0,,0.0
U102840,2025-10-18,Native,Ontario,Free,1.39,1,1,2.5,0,,0.0
U102478,2024-06-12,Organic,Quebec,Plus,9.42,0,1,18.93,0,,251.04
U100944,2024-06-21,Video,Ontario,Free,10.46,0,1,18.63,1,2025-01-20,0.0
U101961,2025-05-03,Video,British Columbia,Premium,11.37,1,1,8.1,0,,232.32
U100654,2025-05-18,Connected TV,British Columbia,Free,7.62,0,1,7.6,1,2025-10-05,0.0
U100436,2024-08-02,Connected TV,Ontario,Plus,1.85,1,1,17.23,0,,116.92
U102808,2025-02-07,Video,Alberta,Free,6.47,1,0,10.93,1,2025-03-19,0.0
U100198,2025-08-16,Search,Alberta,Free,5.95,0,0,4.6,1,2025-11-06,0.0
U101417,2025-09-19,Search,Atlantic,Plus,6.87,1,1,3.47,0,,42.13
U101890,2025-11-29,Search,Alberta,Premium,4.35,1,1,1.1,0,,44.29
U100419,2025-05-01,Connected TV,Quebec,Plus,0.91,1,1,8.17,1,2025-09-29,42.7
U100054,2024-11-13,Connected TV,Atlantic,Plus,6.42,0,1,13.8,0,,191.15
U100712,2025-03-09,Organic,Ontario,Plus,24.02,1,1,9.93,0,,167.02
U100524,2025-07-20,Display,Atlantic,Plus,4.9,1,1,5.5,0,,67.98
U101347,2025-07-04,Organic,Ontario,Plus,4.19,0,0,6.03,0,,50.99
U101650,2024-09-26,Display,Quebec,Free,4.99,0,1,15.4,0,,0.0
U100823,2025-04-28,Search,Ontario,Free,7.98,1,1,8.27,0,,0.0
U101952,2025-10-25,Display,Ontario,Free,2.62,1,0,2.27,0,,0.0
U102886,2024-11-21,Search,Ontario,Plus,3.0,1,0,13.53,0,,117.41
U102566,2025-09-24,Search,Alberta,Plus,5.68,1,0,3.3,0,,25.89
U101493,2025-09-23,Organic,British Columbia,Plus,9.34,0,1,3.33,0,,36.98
U102234,2024-09-17,Organic,British Columbia,Free,12.94,0,0,15.7,0,,0.0
U100492,2025-07-03,Organic,British Columbia,Plus,6.54,0,1,6.07,0,,78.24
U102845,2024-07-14,Display,Ontario,Plus,2.25,1,1,17.87,0,,183.77
U102016,2025-09-24,Display,Quebec,Premium,6.0,1,1,3.3,1,2025-10-27,52.37
U101969,2025-08-03,Native,Quebec,Free,2.44,1,0,5.03,0,,0.0
U102462,2025-03-21,Search,Ontario,Free,7.26,1,1,9.53,0,,0.0
U100874,2025-08-19,Video,Ontario,Free,7.13,1,1,4.5,0,,0.0
U101076,2025-03-08,Organic,British Columbia,Free,11.75,1,0,9.97,1,2025-08-19,0.0
U101421,2025-08-31,Connected TV,Quebec,Plus,4.84,1,1,4.1,0,,50.58
U100705,2025-09-03,Display,Ontario,Premium,11.64,0,1,4.0,1,2025-11-24,79.87
U102260,2024-12-10,Native,Atlantic,Premium,11.56,0,1,12.9,0,,444.39
U101386,2025-05-06,Referral,British Columbia,Plus,18.5,1,1,8.0,0,,121.39
U102111,2024-06-21,Search,British Columbia,Free,5.55,0,0,18.63,0,,0.0
U102231,2025-11-19,Organic,British Columbia,Free,14.26,1,0,1.43,0,,0.0
U101307,2024-10-22,Organic,Ontario,Free,5.14,1,0,14.53,0,,0.0
U100694,2024-06-21,Organic,Atlantic,Premium,2.72,1,1,18.63,0,,560.35
U100041,2025-04-27,Referral,Atlantic,Free,1.98,1,0,8.3,0,,0.0
U100064,2024-11-12,Referral,Ontario,Free,10.54,1,1,13.83,0,,0.0
U102127,2025-11-09,Organic,Alberta,Plus,2.09,0,1,1.77,0,,20.97
U102804,2025-10-19,Connected TV,Ontario,Free,7.34,1,1,2.47,1,2025-11-14,0.0
U101450,2025-05-31,Organic,,Free,,1,0,7.17,0,,0.0
U100372,2025-10-31,Search,Ontario,Free,0.93,1,0,2.07,1,2025-12-23,0.0
U101406,2024-08-07,Search,Ontario,Free,5.25,1,1,17.07,1,2025-12-07,0.0
U102131,2024-10-22,Video,Atlantic,Plus,2.69,1,1,14.53,0,,209.62
U100667,2025-02-27,Referral,Alberta,Free,12.46,1,1,10.27,1,2025-11-30,0.0
U101342,2025-09-13,Connected TV,Ontario,Plus,6.78,0,0,3.67,0,,36.21
U101875,2025-11-08,Referral,Alberta,Free,3.09,1,1,1.8,0,,0.0
U101259,2025-04-08,Organic,Ontario,Free,5.88,0,0,8.93,1,2025-05-28,0.0
U100341,2025-10-28,Search,Atlantic,Free,4.84,0,1,2.17,0,,0.0
U100551,2024-08-11,Organic,Atlantic,Plus,12.12,1,0,16.93,0,,272.63
U102156,2024-08-11,Video,Ontario,Premium,19.45,1,1,16.93,0,,384.32
U102086,2025-07-18,Search,Atlantic,Plus,4.92,0,0,5.57,1,2025-10-18,37.27
U101433,2024-08-18,Search,Ontario,Plus,2.36,1,1,16.7,1,2024-12-30,83.32
U100644,2024-12-23,Display,British Columbia,Free,8.64,1,0,12.47,0,,0.0
U101357,2025-04-26,Organic,Ontario,Free,19.4,1,1,8.33,0,,0.0
U101236,2024-08-05,Connected TV,Ontario,Free,12.16,1,1,17.13,1,2024-09-02,0.0
U102531,2024-08-14,Referral,Atlantic,Free,6.62,1,1,16.83,1,2024-10-16,0.0
U102554,2025-10-29,Display,Quebec,Free,12.3,1,1,2.13,1,2025-11-28,0.0
U100101,2024-07-02,Search,Quebec,Free,3.97,1,0,18.27,1,2024-10-05,0.0
U102515,2025-07-15,Display,Ontario,Plus,3.17,1,0,5.67,0,,57.42
U100921,2025-02-21,Search,Alberta,Free,3.2,1,0,10.47,0,,0.0
U100474,2024-06-16,Native,Alberta,Plus,5.77,1,1,18.8,0,,244.87
U101329,2025-08-04,Video,Ontario,Free,0.61,1,0,5.0,0,,0.0
U101892,2024-11-02,Search,Ontario,Free,4.76,0,1,14.17,1,2025-03-17,0.0
U102229,2025-11-18,Display,British Columbia,Plus,0.49,1,0,1.47,0,,22.85
U100445,2024-12-29,Referral,Ontario,Plus,9.62,1,0,12.27,0,,144.55
U100920,2025-08-18,Search,,Free,,0,1,4.53,0,,
U101343,2024-08-08,Display,Quebec,Free,8.11,1,0,17.03,0,,0.0
U101119,2025-03-22,Organic,Ontario,Free,16.72,0,1,9.5,0,,0.0
U100762,2024-07-21,Search,British Columbia,Free,1.97,1,1,17.63,0,,0.0
U102703,2024-08-11,Search,Alberta,Premium,12.97,0,1,16.93,0,,503.88
U100292,2024-06-15,Search,Ontario,Plus,4.31,0,1,18.83,0,,190.23
U101893,2025-10-25,Display,Ontario,Plus,5.75,1,0,2.27,0,,26.31
U102398,2024-06-12,Display,Ontario,Plus,5.5,1,1,18.93,0,,225.74
U101223,2025-11-28,Search,Ontario,Plus,0.91,1,1,1.13,0,,15.2
U101010,2024-09-16,Display,Alberta,FREE,5.06,1,1,15.73,0,,0.0
U100844,2024-11-02,Organic,Ontario,Free,5.61,1,1,14.17,1,2025-07-10,0.0
U100783,2025-05-25,Video,Quebec,Free,6.51,1,1,7.37,1,2025-10-06,0.0
U100879,2025-06-25,Organic,Ontario,Plus,11.5,1,0,6.33,0,,46.15
U100225,2024-10-11,Organic,Ontario,Plus,1.71,1,0,14.9,0,,163.33
U101523,2024-09-04,Native,Ontario,Plus,0.36,0,0,16.13,1,2025-11-03,170.07
U100311,2025-06-28,Native,British Columbia,Free,7.85,1,1,6.23,0,,0.0
U100178,2025-02-27,Organic,Quebec,Free,4.35,0,0,10.27,1,2025-04-10,0.0
U102853,2025-01-15,Display,Ontario,Plus,5.34,1,1,11.7,0,,153.18
U100299,2025-03-26,Search,Ontario,Plus,7.47,1,1,9.37,0,,95.52
U101242,2025-02-16,Referral,Ontario,Free,6.84,0,1,10.63,0,,0.0
U101711,2024-12-14,Video,Quebec,Free,9.63,0,0,12.77,1,2025-08-28,0.0
U101815,2024-12-02,Referral,Quebec,Free,0.85,1,1,13.17,0,,0.0
U100358,2025-07-18,Organic,Ontario,Free,2.84,0,1,5.57,1,2025-08-28,0.0
U102501,2024-09-27,Referral,Ontario,Free,17.35,1,0,15.37,0,,0.0
U102734,2025-03-16,Search,Alberta,Premium,10.19,0,1,9.7,0,,328.23
U102096,2025-08-06,Search,Quebec,Free,6.76,1,0,4.93,0,,0.0
U101101,2024-08-02,Organic,Quebec,Premium,5.84,1,0,17.23,0,,518.99
U102039,2025-04-22,Referral,Quebec,Free,4.33,1,0,8.47,1,2025-12-03,0.0
U100732,2025-02-15,Organic,Ontario,Premium,1.86,1,0,10.67,0,,392.61
U102230,2025-02-23,Display,Ontario,Premium,7.14,0,0,10.4,0,,277.67
U102123,2024-08-30,Video,Alberta,Free,3.18,0,0,16.3,0,,0.0
U100371,2025-02-18,Video,Atlantic,Free,4.99,1,0,10.57,1,2025-06-26,0.0
U101504,2025-08-12,Search,Quebec,Free,4.28,1,0,4.73,1,2025-08-27,0.0
U100945,2024-08-30,Search,Alberta,Free,11.29,1,1,16.3,0,,0.0
U100340,2025-10-11,Display,Ontario,Free,5.64,1,0,2.73,0,,0.0
U100869,2025-01-11,Referral,Ontario,Free,10.53,0,0,11.83,0,,0.0
U100651,2024-09-10,Search,Alberta,Free,2.1,1,0,15.93,0,,0.0
U101934,2025-07-02,Organic,Alberta,Premium,12.7,1,0,6.1,0,,157.37
U101276,2024-07-14,Search,Atlantic,Free,2.03,0,1,17.87,1,2025-09-07,0.0
U102429,2024-12-05,Referral,Alberta,Free,16.68,1,1,13.07,1,2025-04-22,0.0
U102869,2025-06-21,Search,Atlantic,Free,3.82,1,1,6.47,0,,0.0
U102700,2025-05-21,Display,Ontario,Free,4.9,1,1,7.5,1,2025-11-13,0.0
U101175,2025-11-13,Display,Alberta,Premium,18.88,1,1,1.63,1,2025-12-25,42.48
U101758,2025-09-09,Search,Ontario,Free,6.54,1,0,3.8,0,,0.0
U102506,2025-04-18,Display,Ontario,Free,3.94,1,0,8.6,0,,0.0
U101546,2025-08-25,Display,Quebec,Plus,3.82,1,1,4.3,0,,66.29
U100148,2025-11-12,Organic,Quebec,Plus,3.44,0,0,1.67,0,,26.1
U100417,2025-08-18,Organic,Alberta,Free,5.09,1,1,4.53,0,,0.0
U100811,2025-11-01,Connected TV,British Columbia,Free,3.24,0,1,2.03,1,2025-11-15,0.0
U100180,2024-06-28,Connected TV,Atlantic,Free,2.93,1,0,18.4,1,2025-09-18,0.0
U101687,2024-12-08,Organic,Ontario,Free,11.37,1,1,12.97,1,2025-06-26,0.0
U101502,2024-12-14,Referral,Atlantic,Plus,10.56,1,1,12.77,0,,63.4
U102897,2024-08-11,Search,Quebec,Free,6.96,0,1,16.93,0,,0.0
U102838,2025-08-12,Search,Ontario,Premium,15.29,1,1,4.73,0,,190.41
U101750,2025-11-11,Organic,British Columbia,Free,7.87,1,0,1.7,0,,0.0
U100220,2024-12-15,Organic,Ontario,Free,19.62,1,1,12.73,0,,0.0
U102525,2025-09-10,Display,Ontario,Free,12.7,0,0,3.77,1,2025-09-19,0.0
U102179,2025-01-11,Display,Ontario,Free,5.53,1,1,11.83,0,,0.0
U101048,2025-06-03,Connected TV,Ontario,Plus,4.41,1,1,7.07,0,,116.58
U101036,2025-08-17,Video,Atlantic,Plus,4.74,0,0,4.57,0,,65.9
U101470,2024-07-28,Organic,Ontario,Free,1.84,1,1,17.4,0,,0.0
U101190,2025-09-16,Search,Quebec,Free,8.84,1,1,3.57,1,2025-12-25,0.0
U100575,2025-10-26,Organic,Ontario,Plus,9.33,1,0,2.23,0,,21.71
U102885,2025-09-29,Organic,Alberta,Plus,6.95,1,0,3.13,0,,45.02
U100790,2024-11-13,Display,Ontario,Free,4.36,0,1,13.8,0,,0.0
U100918,2025-02-15,Organic,Ontario,Premium,9.38,0,0,10.67,0,,342.49
U102043,2024-11-16,Referral,Alberta,Plus,2.85,1,0,13.7,1,2025-11-28,231.57
U100563,2025-11-22,Search,Quebec,Free,4.74,0,0,1.33,0,,0.0
U100399,2025-08-21,Native,Ontario,Free,4.08,1,0,4.43,1,2025-10-26,0.0
U102271,2025-10-26,Display,British Columbia,Free,3.48,1,1,2.23,0,,0.0
U100493,2025-05-09,Native,Ontario,Free,3.48,0,0,7.9,1,2025-11-06,0.0
U101627,2025-05-07,Native,Ontario,Free,5.32,0,0,7.97,1,2025-05-27,0.0
U101312,2025-10-08,Video,Ontario,Plus,3.99,1,0,2.83,0,,32.77
U100805,2024-11-12,Video,Alberta,Free,2.0,0,1,13.83,1,2025-09-25,0.0
U102940,2024-11-04,Organic,Ontario,Free,13.38,0,1,14.1,0,,0.0
U101863,2025-05-18,Native,Atlantic,Premium,10.46,1,0,7.6,0,,185.91
U101529,2024-08-25,Search,Ontario,Premium,3.94,1,0,16.47,0,,541.9
U101598,2024-11-18,Video,British Columbia,Free,3.38,1,0,13.63,0,,0.0
U102919,2025-09-20,Display,Ontario,Plus,3.85,1,1,3.43,1,2025-10-26,22.58
U102239,2024-11-25,Native,Alberta,Free,2.69,1,1,13.4,0,,0.0
U102247,2025-09-20,Search,British Columbia,Free,8.83,1,0,3.43,0,,0.0
U100690,2025-08-09,Referral,Quebec,Free,11.08,1,0,4.83,0,,0.0
U101163,2025-02-04,Search,Atlantic,Plus,7.15,1,1,11.03,0,,143.36
U100363,2025-03-07,Search,British Columbia,Free,2.14,1,1,10.0,0,,0.0
U100191,2024-07-01,Video,Quebec,Free,5.21,1,1,18.3,0,,0.0
U101446,2025-02-15,Organic,Atlantic,Free,4.38,0,1,10.67,0,,0.0
U101686,2024-06-10,Organic,Quebec,Premium,4.28,1,0,19.0,0,,400.8
U102967,2024-08-10,Referral,Quebec,Plus,10.97,1,0,16.97,0,,242.43
U100226,2025-05-24,Search,Quebec,Premium,10.63,1,0,7.4,0,,157.1
U100756,2025-07-11,Display,Ontario,Free,5.66,1,0,5.8,0,,0.0
U100708,2024-10-19,Organic,Alberta,Free,0.96,0,0,14.63,1,2025-05-02,0.0
U100083,2025-08-14,Search,,Plus,,1,0,4.67,0,,28.14
U100974,2025-11-09,Search,British Columbia,Free,9.54,0,1,1.77,0,,0.0
U102961,2025-09-21,Display,Atlantic,Plus,0.72,1,1,3.4,0,,44.39
U101054,2025-08-11,Display,Ontario,Plus,0.9,1,0,4.77,0,,52.19
U101580,2025-07-21,Referral,Alberta,Plus,7.05,1,1,5.47,0,,69.32
U100182,2024-07-18,Organic,Ontario,Plus,1.18,1,0,17.73,0,,236.89
U100574,2025-04-10,Search,Atlantic,Plus,3.82,1,0,8.87,0,,87.48
U102254,2025-05-31,Referral,British Columbia,Plus,6.74,1,0,7.17,0,,58.36
U102441,2025-02-22,Referral,Alberta,Free,4.07,1,1,10.43,1,2025-07-10,0.0
U100663,2025-01-01,Search,Ontario,Free,6.16,1,0,12.17,0,,0.0
U102084,2024-12-10,Organic,Ontario,Premium,10.53,1,0,12.9,0,,419.58
U101805,2025-04-17,Native,Atlantic,Premium,6.06,1,1,8.63,0,,265.14
U102317,2025-08-15,Video,Alberta,Premium,4.77,1,0,4.63,0,,91.27
U100339,2024-09-16,Organic,Atlantic,Free,21.11,1,1,15.73,0,,0.0
U102141,2024-09-03,Display,Ontario,Free,8.71,1,0,16.17,0,,0.0
U101642,2025-04-28,Search,Alberta,Free,2.48,1,0,8.27,1,2025-05-25,0.0
U101024,2025-11-28,Organic,Atlantic,Plus,23.47,1,1,1.13,0,,12.67
U102341,2025-10-11,Video,Quebec,Premium,1.18,1,0,2.73,0,,77.13
U102782,2025-06-11,Video,British Columbia,Plus,2.5,0,0,6.8,0,,92.64
U102789,2025-02-21,Connected TV,Ontario,Free,3.2,0,1,10.47,0,,0.0
U101905,2024-10-03,Display,Alberta,Plus,1.53,1,0,15.17,0,,158.68
U101314,2024-06-19,Native,Ontario,Free,2.66,0,1,18.7,1,2024-07-26,0.0
U101420,2024-11-26,Organic,British Columbia,Free,7.27,0,1,13.37,0,,0.0
U101927,2025-09-19,Video,Ontario,Premium,4.5,0,1,3.47,0,,95.36
U101440,2024-11-23,Display,Ontario,Free,6.62,0,1,13.47,0,,0.0
U100393,2024-06-24,Native,Atlantic,Plus,4.44,1,0,18.53,0,,102.37
U102615,2025-06-06,Video,Ontario,Free,10.5,1,0,6.97,0,,0.0
U100907,2025-04-25,Search,Ontario,Premium,9.52,1,1,8.37,0,,204.7
U102151,2024-11-24,Display,Ontario,Plus,9.64,0,0,13.43,1,2025-10-02,120.38
U101713,2025-03-06,Video,Alberta,Plus,2.24,1,0,10.03,1,2025-03-30,6.64
U101752,2025-06-09,Search,Ontario,Plus,12.94,0,1,6.87,0,,46.7
U100582,2025-10-16,Connected TV,Ontario,Free,3.26,1,1,2.57,0,,0.0
U102497,2025-08-31,Search,Atlantic,Free,4.65,1,1,4.1,1,2025-09-18,0.0
U100395,2024-12-25,Organic,British Columbia,Free,8.45,0,0,12.4,1,2025-04-30,0.0
U100032,2024-12-02,Display,Ontario,Plus,0.78,0,0,13.17,0,,197.25
U100743,2025-03-04,Organic,Quebec,Plus,2.77,1,1,10.1,0,,149.63
U102922,2025-09-20,Native,Atlantic,Free,11.32,1,0,3.43,0,,0.0
U102018,2025-10-08,Organic,Alberta,Free,7.21,0,1,2.83,0,,0.0
U100934,2024-08-09,Native,Quebec,Free,2.41,0,1,17.0,0,,0.0
U102140,2025-05-05,Video,Ontario,Free,7.08,0,0,8.03,1,2025-05-21,0.0
U102307,2025-03-23,Display,Quebec,Plus,8.81,1,0,9.47,0,,109.44
U102403,2024-12-05,Search,Alberta,Plus,2.14,1,0,13.07,1,2025-02-16,29.93
U101423,2024-09-16,Connected TV,Alberta,Free,5.02,1,1,15.73,0,,0.0
U101919,2024-06-13,Native,Alberta,Plus,2.54,0,0,18.9,0,,224.85
U102648,2025-05-11,Organic,Ontario,Premium,0.41,0,0,7.83,0,,343.95
U101853,2024-10-08,Organic,Alberta,Free,1.63,1,0,15.0,0,,0.0
U101031,2025-07-15,Search,Quebec,Plus,6.13,0,1,5.67,0,,66.55
U100781,2024-06-21,Connected TV,Ontario,Plus,8.22,1,0,18.63,0,,238.2
U102728,2025-08-24,Native,Ontario,Free,6.36,1,1,4.33,0,,0.0
U101318,2024-06-24,Search,British Columbia,Free,4.87,0,0,18.53,0,,0.0
U102446,2025-08-20,Search,Alberta,Premium,6.7,1,1,4.47,0,,112.64
U101209,2025-01-29,Video,Ontario,Free,4.27,1,0,11.23,0,,0.0
U100900,2025-11-06,Video,Ontario,Free,6.19,1,1,1.87,0,,0.0
U100048,2025-09-02,Native,Alberta,Plus,1.65,0,1,4.03,1,2025-11-23,29.24
U102097,2024-06-04,Organic,Ontario,Plus,4.52,0,0,19.2,0,,265.38
U102055,2024-09-12,Video,Ontario,Free,5.15,1,1,15.87,0,,0.0
U101156,2024-07-13,Referral,Ontario,Free,8.95,1,0,17.9,0,,0.0
U101296,2024-11-11,Display,British Columbia,Plus,1.54,0,0,13.87,0,,189.25
U102625,2025-10-29,Referral,Quebec,Free,8.09,1,1,2.13,0,,0.0
U101634,2025-03-06,Referral,Alberta,Plus,10.94,1,0,10.03,0,,65.19
U102769,2024-07-23,Video,Ontario,Free,6.21,1,0,17.57,0,,0.0
U100926,2025-08-08,Organic,Quebec,Plus,7.07,0,1,4.87,0,,65.43
U102556,2025-04-21,Display,Ontario,Plus,4.26,1,0,8.5,0,,115.41
U100828,2024-09-20,Organic,Atlantic,Plus,5.45,1,1,15.6,0,,185.97
U102876,2025-11-26,Organic,Ontario,Free,1.83,0,0,1.2,0,,0.0
U102899,2025-03-18,Display,British Columbia,Free,4.12,1,1,9.63,0,,0.0
U100236,2025-08-27,Display,Ontario,Free,6.44,1,0,4.23,0,,0.0
U102108,2024-09-23,Connected TV,Ontario,Plus,4.98,0,1,15.5,0,,192.57
U102960,2025-05-01,Organic,Atlantic,Free,4.05,1,0,8.17,0,,0.0
U101370,2025-05-24,Organic,Quebec,Plus,6.42,1,1,7.4,0,,114.49
U100129,2025-09-16,Video,Ontario,Free,1.83,1,1,3.57,0,,0.0
U101914,2025-04-10,Connected TV,Ontario,Plus,1.64,0,0,8.87,0,,184.89
U101159,2024-11-16,Search,Ontario,Free,0.92,0,1,13.7,1,2025-06-01,0.0
U102585,2024-09-08,Display,Ontario,Plus,3.43,1,0,16.0,0,,227.4
U101002,2025-07-17,Search,Ontario,Plus,3.28,0,0,5.6,1,2025-09-06,20.16
U102252,2025-02-19,Video,British Columbia,Free,3.54,1,0,10.53,0,,0.0
U100287,2024-10-06,Search,Quebec,Free,7.06,1,1,15.07,0,,0.0
U102439,2025-05-10,Display,Atlantic,Free,8.96,1,1,7.87,0,,0.0
U101800,2025-10-09,Native,Quebec,Plus,5.0,1,0,2.8,0,,27.08
U101662,2025-07-29,Video,Alberta,Free,4.67,1,1,5.2,1,2025-10-17,0.0
U102009,2025-07-19,Organic,Atlantic,Free,15.39,1,1,5.53,0,,0.0
U100629,2024-11-10,Native,Alberta,Free,5.2,1,1,13.9,0,,0.0
U100970,2024-12-29,Native,Alberta,Free,3.47,0,0,12.27,1,2025-10-15,0.0
U101390,2025-07-28,Search,Ontario,Plus,7.8,0,1,5.23,0,,68.09
U100891,2025-11-30,Organic,Ontario,Free,18.96,0,0,1.07,0,,0.0
U100728,2025-07-03,Display,Ontario,Premium,18.78,1,1,6.07,0,,117.0
U102232,2024-09-07,Display,Ontario,Plus,3.35,0,0,16.03,0,,158.2
U102297,2025-01-29,Connected TV,British Columbia,Premium,16.52,1,0,11.23,0,,493.36
U102905,2025-10-02,Display,Quebec,Plus,13.02,1,1,3.03,0,,52.23
U100407,2025-09-22,Connected TV,Ontario,Free,5.92,0,1,3.37,0,,0.0
U100279,2024-09-21,Organic,British Columbia,Plus,9.81,1,1,15.57,0,,143.58
U101479,2025-04-06,Organic,Atlantic,Free,32.67,1,1,9.0,0,,0.0
U102783,2025-10-07,Video,Ontario,Free,3.4,1,1,2.87,0,,0.0
U101447,2025-03-31,Display,Alberta,Premium,3.92,1,1,9.2,0,,423.17
U101724,2025-06-12,Video,Alberta,Free,15.32,1,1,6.77,0,,0.0
U101485,2025-11-25,Search,Alberta,Free,11.16,1,1,1.23,1,2025-12-23,0.0
U102745,2025-11-26,Organic,British Columbia,Free,14.2,1,0,1.2,1,2025-12-22,0.0
U101124,2025-04-16,Search,British Columbia,Premium,12.98,1,0,8.67,0,,198.8
U100757,2025-03-06,Search,Ontario,Free,5.06,1,0,10.03,0,,0.0
U102180,2024-09-20,Native,Ontario,Free,11.12,0,0,15.6,1,2024-10-10,0.0
U101617,2025-03-29,Referral,Atlantic,Premium,9.57,1,0,9.27,0,,186.66
U101366,2025-07-02,Search,Ontario,Free,1.53,1,1,6.1,1,2025-11-15,0.0
U101055,2025-10-08,Organic,Ontario,Free,1.95,1,1,2.83,0,,0.0
U100657,2025-04-25,Search,Quebec,Premium,23.49,1,0,8.37,0,,348.4
U100274,2025-07-20,Video,British Columbia,Free,4.17,0,1,5.5,0,,0.0
U101913,2025-01-08,Organic,Quebec,Plus,5.57,0,1,11.93,0,,91.6
U102523,2025-06-04,Organic,Quebec,Free,6.66,1,1,7.03,0,,0.0
U101911,2025-11-06,Video,Quebec,Free,2.19,0,1,1.87,0,,0.0
U102677,2025-05-26,Connected TV,British Columbia,Free,4.78,1,1,7.33,0,,0.0
U100472,2025-04-04,Organic,Alberta,Plus,27.75,0,0,9.07,0,,113.28
U101044,2025-05-05,Search,Alberta,Free,2.47,1,1,8.03,0,,0.0
U101535,2024-07-26,Referral,Ontario,Free,1.8,1,1,17.47,1,2025-04-10,0.0
U100967,2024-10-02,Search,Atlantic,Free,8.32,0,1,15.2,0,,0.0
U100259,2025-10-17,Search,Quebec,Plus,5.69,1,0,2.53,0,,23.62
U102519,2024-08-09,Connected TV,Alberta,Plus,5.58,1,0,17.0,0,,254.58
U101797,2025-10-21,Video,Alberta,Plus,4.7,0,1,2.4,0,,23.54
U100872,2025-09-29,Display,Ontario,Free,13.26,1,1,3.13,0,,0.0
U100673,2025-09-16,Referral,British Columbia,Free,6.59,1,1,3.57,1,2025-09-25,0.0
U100503,2024-11-28,Organic,Quebec,Plus,6.62,1,1,13.3,0,,134.3
U100778,2024-12-13,Organic,Ontario,Free,4.88,1,1,12.8,1,2025-05-16,0.0
U100306,2024-09-21,Connected TV,Ontario,Free,4.7,1,1,15.57,0,,0.0
U100433,2024-09-29,Video,Alberta,Premium,18.21,1,1,15.3,0,,164.29
U101856,2025-01-10,Organic,Ontario,Plus,5.87,1,0,11.87,0,,137.23
U102481,2025-05-27,Connected TV,Ontario,PLUS,5.16,1,1,7.3,0,,96.61
U101593,2024-11-27,Native,Quebec,Free,4.96,1,0,13.33,1,2025-03-18,0.0
U100247,2024-08-24,Organic,British Columbia,Plus,9.1,1,1,16.5,0,,111.8
U100870,2025-10-22,Organic,Quebec,Plus,1.76,0,0,2.37,0,,31.09
U101526,2025-05-29,Search,Alberta,Plus,5.31,0,0,7.23,0,,56.82
U102895,2025-02-19,Organic,Ontario,Free,3.51,1,0,10.53,1,2025-12-16,0.0
U102037,2025-06-29,Organic,British Columbia,Plus,10.54,1,0,6.2,0,,73.22
U100996,2024-11-20,Organic,Quebec,Free,7.85,1,1,13.57,0,,0.0
U100791,2024-10-19,Search,Quebec,Free,8.13,1,1,14.63,0,,0.0
U102032,2025-04-16,Display,Ontario,Free,15.95,0,0,8.67,1,2025-08-12,0.0
U102742,2025-05-19,Display,Ontario,Free,6.05,1,0,7.57,1,2025-06-17,0.0
U102128,2025-03-23,Video,Ontario,Plus,2.98,1,0,9.47,0,,148.51
U102815,2025-05-21,Video,Quebec,Plus,3.61,1,1,7.5,0,,96.42
U101723,2024-06-02,Display,Ontario,Plus,13.26,1,1,19.27,0,,295.24
U101585,2025-08-11,Organic,British Columbia,Free,10.79,1,1,4.77,0,,0.0
U100301,2024-09-12,Connected TV,Ontario,Free,3.53,0,1,15.87,1,2025-09-05,0.0
U102092,2025-07-27,Search,Ontario,Premium,5.4,1,1,5.27,0,,160.19
U102830,2024-12-19,Native,Ontario,Free,7.32,1,1,12.6,0,,0.0
U101380,2025-11-09,Native,Ontario,Free,9.0,1,1,1.77,0,,0.0
U102468,2024-09-11,Video,Ontario,Free,6.26,1,0,15.9,1,2024-09-16,0.0
U101027,2025-07-05,Organic,British Columbia,Free,6.01,1,1,6.0,0,,0.0
U101365,2025-05-01,Connected TV,Ontario,Plus,4.19,1,0,8.17,1,2025-05-30,8.15
U100235,2024-12-17,Native,Quebec,Free,6.66,0,1,12.67,0,,0.0
U100610,2025-01-08,Organic,British Columbia,Plus,8.9,1,0,11.93,0,,108.61
U100324,2024-09-21,Organic,Ontario,Premium,15.98,1,0,15.57,0,,478.53
U100122,2025-08-12,Connected TV,Ontario,Plus,4.12,1,1,4.73,0,,81.67
U102263,2025-10-08,Referral,Atlantic,Plus,10.11,1,0,2.83,0,,34.82
U102591,2024-10-19,Organic,Ontario,Free,8.93,1,0,14.63,0,,0.0
U101180,2024-07-31,Video,Quebec,Premium,1.97,1,0,17.3,0,,611.33
U100521,2025-10-31,Display,Quebec,Plus,6.17,1,0,2.07,1,2025-12-01,13.95
U100350,2024-12-09,Search,Quebec,Plus,3.92,1,0,12.93,0,,102.66
U102776,2025-09-17,Connected TV,Ontario,Free,4.42,1,1,3.53,1,2025-12-19,0.0
U102690,2025-11-12,Video,Ontario,Free,0.67,1,0,1.67,0,,0.0
U100163,2024-12-12,Referral,British Columbia,Plus,1.57,1,1,12.83,0,,200.02
U102868,2024-07-18,Organic,British Columbia,Plus,1.04,0,0,17.73,0,,197.22
U101411,2024-11-06,Display,Atlantic,Plus,2.85,1,0,14.03,0,,153.15
U102759,2025-03-29,Display,Quebec,Plus,7.66,1,0,9.27,1,2025-05-09,23.29
U100684,2025-05-22,Video,Atlantic,Free,3.24,0,1,7.47,1,2025-11-09,0.0
U100030,2025-05-19,Organic,Quebec,Free,0.55,0,1,7.57,0,,0.0
U102264,2024-08-22,Display,,Free,,0,1,16.57,1,2024-08-31,
U100550,2025-06-26,Organic,British Columbia,Premium,30.35,1,0,6.3,0,,214.46
U101592,2025-05-22,Referral,Ontario,Free,3.35,1,1,7.47,0,,0.0
U100490,2025-06-17,Organic,Alberta,Premium,9.52,1,1,6.6,0,,231.22
U101645,2025-10-10,Display,British Columbia,Free,3.43,1,0,2.77,1,2025-12-06,0.0
U101906,2025-01-04,Referral,Ontario,Plus,1.39,1,1,12.07,0,,137.53
U102575,2024-07-15,Organic,Quebec,Free,5.76,1,0,17.83,0,,0.0
U101876,2025-02-19,Display,Atlantic,Plus,15.02,1,1,10.53,0,,83.12
U100750,2024-12-31,Search,British Columbia,Free,8.12,1,1,12.2,0,,0.0
U102507,2024-11-07,Display,British Columbia,Free,16.08,1,1,14.0,1,2025-12-02,0.0
U102363,2025-02-20,Search,British Columbia,Free,4.62,0,1,10.5,0,,0.0
U100024,2024-08-01,Referral,Alberta,Premium,2.78,0,1,17.27,0,,549.48
U100090,2025-01-18,Display,Alberta,Free,8.42,1,1,11.6,0,,0.0
U101466,2025-09-18,Display,Ontario,Plus,5.83,1,1,3.5,0,,45.39
U100151,2025-10-28,Video,Ontario,Premium,6.61,1,1,2.17,0,,71.32
U100238,2025-04-28,Connected TV,British Columbia,Free,5.26,1,1,8.27,0,,0.0
U101375,2025-07-09,Organic,Quebec,Free,7.09,1,0,5.87,0,,0.0
U101886,2024-08-25,Organic,Ontario,Plus,17.94,1,1,16.47,0,,213.18
U102045,2025-03-31,Native,British Columbia,Free,12.37,1,1,9.2,0,,0.0
U102683,2025-08-23,Video,Ontario,Plus,9.57,1,1,4.37,0,,42.27
U102555,2024-08-10,Search,Ontario,Plus,10.24,0,1,16.97,0,,156.37
U101852,2025-09-15,Connected TV,Ontario,Plus,1.15,1,0,3.6,0,,34.68
U100157,2025-05-10,Referral,Ontario,Premium,3.55,1,0,7.87,1,2025-09-27,94.94
U101941,2025-10-28,Connected TV,Ontario,Free,2.87,1,1,2.17,1,2025-12-08,0.0
U102891,2024-07-26,Native,Quebec,Free,7.75,1,0,17.47,0,,0.0
U100230,2024-06-20,Native,Quebec,Free,7.03,1,0,18.67,1,2025-09-10,0.0
U101032,2024-09-18,Search,Quebec,Plus,1.6,0,0,15.67,0,,230.48
U101644,2025-06-28,Video,British Columbia,Premium,14.66,1,0,6.23,0,,224.04
U102292,2025-04-30,Organic,British Columbia,Free,10.83,1,0,8.2,0,,0.0
U101064,2025-10-11,Video,Atlantic,Free,2.14,1,1,2.73,0,,0.0
U102866,2025-01-05,Connected TV,Alberta,Free,2.21,0,1,12.03,0,,0.0
U101174,2025-01-30,Video,British Columbia,Free,4.96,1,1,11.2,0,,0.0
U100544,2025-06-10,Search,Ontario,Free,2.14,1,1,6.83,0,,0.0
U101145,2024-07-14,Display,Ontario,Free,14.12,1,0,17.87,1,2025-08-06,0.0
U102939,2025-06-14,Native,Quebec,Premium,9.21,0,1,6.7,0,,230.27
U101849,2024-09-06,Native,Ontario,Free,3.11,1,0,16.07,1,2024-10-06,0.0
U102809,2024-09-01,Organic,Ontario,Free,4.74,1,0,16.23,0,,0.0
U100759,2025-11-03,Video,Ontario,Plus,6.22,1,0,1.97,0,,10.78
U100675,2025-08-28,Native,Alberta,Free,4.31,1,1,4.2,1,2025-10-02,0.0
U100494,2025-05-15,Search,Alberta,Free,2.67,0,0,7.7,1,2025-10-30,0.0
U100020,2024-09-27,Display,Ontario,Free,6.63,0,1,15.37,0,,0.0
U100425,2024-12-01,Organic,Ontario,Free,10.38,1,0,13.2,0,,0.0
U102758,2025-09-01,Display,Ontario,Free,4.47,1,1,4.07,0,,0.0
U102461,2024-08-13,Organic,Alberta,Free,4.08,1,1,16.87,0,,0.0
U100737,2025-09-06,Organic,Ontario,Plus,3.61,1,1,3.9,0,,48.79
U102754,2025-07-03,Search,British Columbia,Free,2.0,1,0,6.07,0,,0.0
U102487,2025-09-26,Search,Atlantic,Free,5.57,1,1,3.23,0,,0.0
U101757,2025-09-30,Organic,Quebec,Free,2.76,0,0,3.1,0,,0.0
U102047,2024-09-20,Search,Quebec,Free,2.79,0,0,15.6,0,,0.0
U101299,2024-06-28,Search,Atlantic,Premium,3.13,1,0,18.4,0,,539.22
U102110,2025-04-03,Organic,British Columbia,Free,2.86,1,0,9.1,1,2025-04-30,0.0
U100744,2025-09-07,Native,Atlantic,Plus,7.35,1,1,3.87,1,2025-11-22,30.16
U102989,2025-03-08,Search,Alberta,Plus,2.33,1,0,9.97,0,,173.0
U100379,2025-11-01,Search,Ontario,Free,6.76,1,1,2.03,0,,0.0
U100124,2024-07-06,Connected TV,Ontario,Plus,11.5,1,1,18.13,1,2025-07-01,195.12
U101663,2024-08-11,Video,Quebec,Free,9.29,1,1,16.93,0,,0.0
U100922,2025-07-11,Native,Quebec,Free,3.8,1,1,5.8,0,,0.0
U100833,2025-09-22,Display,Alberta,Plus,4.25,1,1,3.37,1,2025-11-02,13.04
U101874,2025-10-17,Display,Ontario,Plus,4.32,1,0,2.53,0,,30.65
U102810,2025-02-07,Display,Quebec,Free,6.71,1,0,10.93,0,,0.0
U101075,2025-10-04,Search,Ontario,Free,2.87,1,1,2.97,1,2025-11-07,0.0
U102632,2024-06-06,Search,Atlantic,Plus,9.56,1,1,19.13,0,,202.96
U100386,2025-04-10,Native,Ontario,Plus,0.75,1,0,8.87,0,,116.05
U101567,2025-11-30,Video,British Columbia,Free,2.01,1,0,1.07,1,2025-12-15,0.0
U102964,2024-07-21,Connected TV,Ontario,Plus,7.78,0,0,17.63,1,2024-09-08,26.71
U101942,2025-05-27,Search,Ontario,Free,4.48,1,1,7.3,0,,0.0
U100456,2025-05-30,Organic,Alberta,Free,8.13,1,0,7.2,0,,0.0
U102356,2024-07-21,Search,Ontario,Free,1.9,1,0,17.63,0,,0.0
U100469,2024-09-24,Video,Alberta,Free,6.71,1,0,15.47,0,,0.0
U102548,2025-05-10,Search,Ontario,Free,2.1,1,1,7.87,0,,0.0
U102220,2024-07-01,Native,Alberta,Premium,5.97,1,0,18.3,0,,591.2
U100196,2025-02-11,Organic,Ontario,Free,11.46,1,1,10.8,0,,0.0
U101117,2024-07-17,Organic,Atlantic,Free,1.19,1,0,17.77,1,2025-08-16,0.0
U100672,2024-12-07,Organic,Ontario,Plus,0.41,1,1,13.0,0,,200.28
U100295,2025-08-16,Display,Atlantic,Plus,4.28,1,0,4.6,0,,50.01
U101327,2025-01-05,Organic,Quebec,Plus,16.23,0,0,12.03,0,,227.75
U101308,2024-09-07,Display,Alberta,Free,1.33,1,0,16.03,1,2025-09-29,0.0
U101226,2024-09-14,Display,Alberta,Premium,4.92,1,0,15.8,0,,602.67
U100711,2025-05-18,Organic,British Columbia,Free,11.5,1,1,7.6,0,,0.0
U101360,2024-07-20,Organic,British Columbia,Free,14.38,1,0,17.67,0,,0.0
U102704,2025-11-08,Referral,Ontario,Free,5.95,1,0,1.8,1,2025-12-17,0.0
U100890,2025-02-04,Search,Atlantic,PLUS,14.79,1,1,11.03,0,,151.8
U101109,2024-08-27,Organic,Atlantic,Free,8.22,1,0,16.4,0,,0.0
U102159,2025-07-30,Native,Ontario,Plus,8.45,1,1,5.17,0,,68.51
U101944,2025-11-03,Search,Quebec,Plus,8.44,0,1,1.97,0,,19.12
U101590,2024-10-16,Search,Ontario,Free,5.72,0,0,14.73,0,,0.0
U101528,2025-02-10,Search,Ontario,Free,2.39,1,1,10.83,0,,0.0
U101624,2025-03-09,Search,Ontario,Plus,3.76,0,0,9.93,0,,128.29
U102720,2025-01-06,Organic,Ontario,Plus,5.37,1,1,12.0,0,,117.94
U101931,2025-06-18,Search,Atlantic,Free,1.15,1,0,6.57,1,2025-08-08,0.0
U101245,2025-05-28,Connected TV,Alberta,Free,4.13,1,0,7.27,1,2025-12-15,0.0
U101304,2024-11-21,Organic,Quebec,Free,12.55,1,1,13.53,0,,0.0
U101737,2025-01-09,Native,Alberta,Free,10.36,1,1,11.9,0,,0.0
U100486,2025-11-14,Video,Atlantic,Free,6.27,0,1,1.6,1,2025-12-14,0.0
U102325,2024-12-10,Search,British Columbia,Free,7.99,1,1,12.9,0,,0.0
U102827,2024-07-07,Display,Alberta,Free,0.97,1,1,18.1,0,,0.0
U100567,2025-07-13,Connected TV,Quebec,Plus,4.3,1,0,5.73,0,,68.21
U102982,2024-11-12,Organic,Ontario,Plus,12.67,0,1,13.83,0,,215.54
U100280,2025-04-09,Search,Atlantic,Free,10.54,1,1,8.9,0,,0.0
U102634,2025-11-10,Connected TV,Atlantic,Free,8.34,1,1,1.73,0,,0.0
U101007,2024-07-01,Organic,British Columbia,Free,13.45,1,1,18.3,0,,0.0
U100337,2024-10-10,Display,Quebec,Premium,7.99,1,0,14.93,0,,364.01
U100760,2024-11-07,Search,Ontario,Premium,5.16,0,1,14.0,0,,339.58
U102951,2024-12-05,Native,Quebec,Plus,6.89,1,0,13.07,0,,158.78
U100981,2025-10-23,Display,Quebec,Plus,3.99,1,0,2.33,0,,30.29
U100875,2024-12-27,Display,Ontario,Free,6.19,1,0,12.33,1,2025-11-18,0.0
U101484,2024-12-16,Display,British Columbia,Premium,12.09,0,1,12.7,0,,397.05
U101816,2024-08-22,Video,Ontario,Free,7.97,1,1,16.57,0,,0.0
U101783,2025-05-29,Search,Ontario,Free,2.2,0,1,7.23,0,,0.0
U100714,2025-11-16,Referral,British Columbia,Free,4.94,1,0,1.53,0,,0.0
U100111,2024-09-17,Referral,Ontario,Free,13.63,1,0,15.7,0,,0.0
U100463,2025-03-04,Referral,Quebec,Free,7.83,0,0,10.1,1,2025-11-20,0.0
U100424,2025-10-25,Display,Ontario,Free,8.58,0,0,2.27,0,,0.0
U102834,2025-10-26,Display,Ontario,Plus,2.73,0,0,2.23,0,,20.37
U102787,2025-04-29,Referral,Quebec,Free,4.37,1,1,8.23,0,,0.0
U102991,2025-04-12,Video,Ontario,Free,4.59,1,1,8.8,1,2025-04-21,0.0
U101947,2024-12-17,Search,Ontario,Free,11.5,1,1,12.67,1,2025-01-26,0.0
U101516,2024-11-06,Connected TV,Ontario,Free,7.39,0,1,14.03,1,2025-05-01,0.0
U100173,2024-10-15,Search,Ontario,Free,7.09,0,0,14.77,0,,0.0
U100662,2025-05-21,Organic,Quebec,Plus,1.96,1,1,7.5,0,,72.48
U102597,2025-03-13,Display,Alberta,Free,2.62,1,0,9.8,1,2025-11-26,0.0
U100116,2025-07-24,Video,Quebec,Free,1.93,0,0,5.37,1,2025-10-16,0.0
U100747,2024-11-25,Organic,Ontario,Premium,8.37,0,1,13.4,0,,472.97
U101973,2025-10-08,Display,Quebec,Free,2.18,1,0,2.83,0,,0.0
U100003,2025-10-01,Video,Quebec,Free,8.61,1,1,3.07,0,,0.0
U101461,2024-06-14,Connected TV,Quebec,Free,5.0,1,0,18.87,1,2025-02-26,0.0
U100315,2025-06-15,Organic,Ontario,Premium,17.21,1,0,6.67,0,,273.36
U101011,2025-06-28,Organic,Ontario,Plus,5.05,1,1,6.23,0,,56.78
U100127,2025-05-21,Connected TV,Atlantic,Free,9.54,1,0,7.5,0,,0.0
U102857,2024-09-25,Search,Alberta,Plus,13.3,1,0,15.43,0,,129.68
U102171,2025-03-27,Organic,Atlantic,Free,6.04,1,1,9.33,0,,0.0
U102178,2025-02-07,Search,British Columbia,Plus,3.38,1,1,10.93,0,,125.2
U100593,2025-09-15,Search,Quebec,Free,1.65,0,1,3.6,0,,0.0
U102590,2024-11-05,Search,Ontario,Premium,2.92,1,1,14.07,0,,590.49
U100441,2025-02-18,Display,British Columbia,Plus,8.08,1,1,10.57,0,,190.03
U100009,2024-10-20,Search,Ontario,Free,0.91,1,0,14.6,0,,0.0
U101228,2025-05-25,Organic,Ontario,Free,16.22,0,0,7.37,0,,0.0
U101859,2025-02-07,Referral,Alberta,Plus,4.31,1,1,10.93,0,,179.36
U100776,2025-09-26,Native,Alberta,Plus,22.27,0,1,3.23,0,,49.8
U100989,2024-09-29,Organic,Quebec,Free,3.57,0,1,15.3,1,2025-11-12,0.0
U101219,2024-11-22,Video,British Columbia,Free,13.59,1,1,13.5,0,,0.0
U102074,2024-09-11,Referral,Ontario,Plus,8.98,1,0,15.9,0,,122.02
U100827,2025-08-19,Video,Alberta,Free,14.39,1,0,4.5,0,,0.0
U102343,2025-11-19,Search,British Columbia,Free,7.5,0,1,1.43,0,,0.0
U102749,2025-03-27,Referral,Ontario,Plus,10.87,0,1,9.33,0,,150.86
U102558,2024-10-27,Organic,Alberta,Free,2.7,0,1,14.37,0,,0.0
U102361,2025-01-25,Organic,British Columbia,Free,4.54,0,0,11.37,1,2025-03-14,0.0
U101965,2024-06-09,Native,Ontario,Free,3.25,0,1,19.03,0,,0.0
U102492,2025-05-20,Connected TV,Ontario,Free,1.66,1,1,7.53,1,2025-06-04,0.0
U102270,2025-05-17,Display,Ontario,Plus,16.64,0,1,7.63,0,,68.17
U100752,2025-09-09,Display,British Columbia,Free,6.16,1,1,3.8,0,,0.0
U102026,2024-07-18,Display,Alberta,Premium,5.26,1,1,17.73,0,,578.02
U101361,2024-12-06,Display,Quebec,Premium,15.14,1,0,13.03,0,,340.78
U100535,2025-01-10,Organic,Ontario,Free,1.96,0,1,11.87,1,2025-09-11,0.0
U101587,2024-10-18,Search,Ontario,Plus,7.77,1,1,14.67,0,,164.48
U100511,2024-11-04,Native,Quebec,Free,11.55,0,0,14.1,0,,0.0
U100045,2024-08-13,Search,Ontario,Plus,18.3,1,0,16.87,0,,254.31
U100221,2024-10-02,Search,Ontario,Premium,3.21,1,1,15.2,1,2024-12-18,48.2
U102195,2025-02-25,Connected TV,Ontario,Free,11.15,1,0,10.33,1,2025-08-20,0.0
U102903,2025-03-17,Organic,Quebec,Free,8.25,1,0,9.67,1,2025-09-26,0.0
U101888,2025-01-01,Organic,Quebec,Free,4.14,0,1,12.17,0,,0.0
U102419,2025-03-13,Native,Alberta,Plus,7.75,0,1,9.8,0,,102.75
U100039,2025-09-22,Video,Ontario,Free,4.44,1,0,3.37,1,2025-11-01,0.0
U101625,2024-10-03,Native,Quebec,Plus,8.62,1,0,15.17,0,,182.27
U101285,2025-05-18,Organic,Ontario,Free,3.29,1,0,7.6,0,,0.0
U102354,2024-09-20,Connected TV,Ontario,Plus,1.18,1,0,15.6,0,,153.09
U100033,2025-01-21,Native,British Columbia,Free,3.74,1,0,11.5,0,,0.0
U102802,2025-08-18,Search,Atlantic,Plus,1.36,0,0,4.53,0,,56.81
U102603,2025-04-04,Search,Ontario,Premium,12.01,0,0,9.07,0,,327.25
U101170,2025-09-07,Connected TV,Quebec,Plus,20.84,0,1,3.87,1,2025-10-07,11.6
U100965,2024-10-02,Search,Quebec,Free,8.44,1,1,15.2,0,,0.0
U101697,2025-04-13,Search,Quebec,Free,4.4,1,1,8.77,0,,0.0
U100505,2025-09-09,Video,British Columbia,Free,6.57,1,0,3.8,0,,0.0
U100755,2025-08-19,Native,Alberta,Free,5.98,1,0,4.5,1,2025-12-16,0.0
U102490,2025-11-29,Video,Alberta,Free,8.86,1,1,1.1,1,2025-12-11,0.0
U102622,2025-04-13,Search,Alberta,Premium,8.93,0,1,8.77,1,2025-10-10,227.32
U100345,2025-03-06,Video,Atlantic,Plus,4.92,0,1,10.03,0,,100.33
U102773,2024-06-30,Display,British Columbia,Free,5.77,1,0,18.33,1,2025-09-26,0.0
U100448,2025-07-17,Search,Quebec,Free,2.56,0,1,5.6,0,,0.0
U100018,2025-01-21,Organic,British Columbia,Plus,8.05,1,1,11.5,0,,97.09
U102550,2024-10-27,Connected TV,Atlantic,Plus,15.81,1,0,14.37,0,,154.22
U101643,2024-07-23,Organic,Ontario,Plus,2.89,1,0,17.57,0,,196.32
U100812,2025-02-13,Search,Ontario,Free,6.86,1,0,10.73,1,2025-07-05,0.0
U102058,2024-10-08,Organic,Ontario,Plus,5.82,0,0,15.0,0,,166.64
U100475,2025-07-12,Search,British Columbia,Plus,8.57,0,0,5.77,1,2025-08-15,12.68
U101527,2025-08-08,Video,British Columbia,Plus,5.2,1,1,4.87,1,2025-10-16,43.16
U100939,2025-03-04,Organic,British Columbia,Plus,10.97,1,0,10.1,0,,134.88
U102633,2024-09-24,Organic,Ontario,Plus,10.41,1,0,15.47,1,2024-11-16,10.16
U102068,2025-05-21,Organic,Quebec,Premium,15.19,1,0,7.5,0,,113.06
U100201,2024-10-24,Display,Ontario,Free,5.13,1,0,14.47,0,,0.0
U102061,2025-01-13,Search,Ontario,Plus,3.78,0,0,11.77,0,,140.19
U101271,2025-03-13,Display,Quebec,Free,2.53,0,1,9.8,0,,0.0
U100410,2025-07-30,Organic,Atlantic,Free,4.52,0,1,5.17,1,2025-12-17,0.0
U100496,2025-08-08,Connected TV,Ontario,Plus,8.71,1,1,4.87,0,,73.06
U100693,2024-10-24,Organic,Quebec,Free,2.87,0,0,14.47,0,,0.0
U101153,2025-10-18,Organic,Alberta,Free,4.89,1,1,2.5,0,,0.0
U101649,2025-10-21,Display,British Columbia,Free,7.28,1,0,2.4,1,2025-12-03,0.0
U101088,2024-06-19,Video,Ontario,Free,7.76,1,1,18.7,0,,0.0
U102799,2025-03-15,Search,Ontario,Free,1.58,0,1,9.73,0,,0.0
U100087,2024-06-16,Referral,British Columbia,Plus,6.33,1,1,18.8,0,,206.45
U102482,2024-06-11,Display,Ontario,Plus,3.82,1,0,18.97,0,,253.04
U100861,2025-03-18,Search,Atlantic,Premium,2.33,1,1,9.63,0,,365.47
U101604,2025-04-25,Organic,British Columbia,Free,11.33,1,0,8.37,0,,0.0
U101676,2024-08-05,Connected TV,British Columbia,Plus,3.91,1,1,17.13,0,,207.47
U102103,2024-09-30,Connected TV,Ontario,Plus,1.84,0,1,15.27,0,,243.89
U101316,2024-08-03,Display,British Columbia,Premium,7.67,1,1,17.2,0,,433.17
U100105,2024-10-21,Display,Atlantic,Free,5.27,0,1,14.57,1,2025-09-05,0.0
U100065,2025-08-25,Display,British Columbia,Free,4.19,1,0,4.3,1,2025-11-22,0.0
U102534,2024-07-29,Organic,Ontario,Plus,2.05,1,0,17.37,1,2025-06-25,47.14
U101861,2025-02-16,Organic,British Columbia,Premium,6.63,1,0,10.63,0,,287.14
U100656,2025-02-14,Organic,British Columbia,Premium,9.27,0,1,10.7,0,,199.39
U100993,2025-09-10,Display,Alberta,Free,12.66,1,1,3.77,0,,0.0
U102163,2024-08-26,Display,Atlantic,Free,6.13,0,0,16.43,0,,0.0
U102262,2025-02-10,Video,Alberta,Free,6.98,1,1,10.83,0,,0.0
U101264,2025-07-15,Search,Alberta,Plus,6.51,0,1,5.67,1,2025-12-10,55.81
U102547,2025-06-07,Referral,Atlantic,Plus,2.49,1,1,6.93,0,,63.4
U102516,2025-01-13,Connected TV,Alberta,Free,1.32,0,1,11.77,0,,0.0
U101910,2025-10-15,Organic,British Columbia,Plus,7.95,1,0,2.6,0,,10.45
U101035,2025-07-09,Search,Quebec,Free,5.75,1,1,5.87,0,,0.0
U102393,2024-08-22,Display,Ontario,Free,5.18,1,0,16.57,0,,0.0
U102954,2024-10-22,Video,Ontario,Free,2.4,0,0,14.53,1,2025-08-08,0.0
U102602,2025-05-05,Organic,Quebec,Free,8.56,1,0,8.03,1,2025-06-30,0.0
U100213,2024-10-02,Organic,Alberta,Free,9.73,1,1,15.2,0,,0.0
U101222,2025-04-28,Native,British Columbia,Free,8.15,0,0,8.27,1,2025-10-16,0.0
U100498,2025-01-02,Referral,Quebec,Free,27.29,1,0,12.13,0,,0.0
U101105,2024-10-24,Organic,Quebec,Plus,15.12,1,1,14.47,0,,257.75
U100618,2024-11-18,Display,Ontario,Premium,14.42,0,1,13.63,1,2025-10-15,384.48
U101463,2025-09-25,Referral,Ontario,Plus,2.3,1,1,3.27,0,,36.0
U100584,2025-03-30,Native,Ontario,Free,7.26,1,0,9.23,0,,0.0
U102223,2025-11-23,Native,British Columbia,Free,3.71,1,0,1.3,1,2025-12-07,0.0
U101373,2025-04-15,Search,British Columbia,Free,6.2,1,0,8.7,0,,0.0
U100769,2024-11-27,Search,Quebec,Plus,8.91,1,0,13.33,0,,198.06
U102772,2024-06-08,Display,Ontario,Free,6.05,1,1,19.07,1,2025-09-13,0.0
U100454,2025-03-30,Display,Quebec,Plus,1.42,0,1,9.23,0,,107.25
U101608,2024-06-23,Connected TV,Ontario,Free,3.93,1,1,18.57,0,,0.0
U101953,2025-03-09,Display,Ontario,Plus,1.2,1,1,9.93,0,,69.51
U102851,2025-04-05,Native,Alberta,Free,2.24,1,0,9.03,1,2025-08-15,0.0
U100411,2024-06-17,Organic,Quebec,Free,11.77,1,1,18.77,0,,0.0
U102698,2024-12-27,Search,Quebec,Free,6.4,1,0,12.33,0,,0.0
U102011,2024-08-26,Display,Ontario,Free,6.43,1,0,16.43,1,2025-03-23,0.0
U102955,2025-01-26,Organic,Quebec,Free,3.17,1,1,11.33,0,,0.0
U101630,2025-07-04,Organic,British Columbia,Free,7.35,1,1,6.03,1,2025-08-09,0.0
U100058,2025-05-28,Organic,Alberta,Premium,7.57,1,1,7.27,0,,252.45
U102729,2024-08-20,Search,Ontario,Free,9.58,1,0,16.63,0,,0.0
U101550,2025-06-09,Organic,Quebec,Free,8.92,1,1,6.87,1,2025-07-19,0.0
U100642,2024-07-29,Video,,Free,,1,0,17.37,1,2025-04-19,0.0
U100307,2025-03-05,Search,Quebec,Plus,18.77,1,1,10.07,0,,125.61
U100810,2025-03-17,Video,Alberta,Premium,6.25,0,1,9.67,1,2025-05-29,53.34
U101916,2024-09-14,Display,Atlantic,Free,4.52,0,1,15.8,1,2025-04-13,0.0
U101791,2025-04-17,Search,Ontario,Plus,5.73,0,1,8.63,0,,112.43
U100403,2024-06-11,Connected TV,Ontario,Plus,11.42,1,1,18.97,0,,189.31
U101798,2025-08-19,Organic,Ontario,Premium,6.3,1,0,4.5,0,,109.29
U101727,2024-08-06,Search,Ontario,Plus,10.98,0,0,17.1,0,,113.7
U100665,2024-08-04,Connected TV,Ontario,Plus,7.45,1,1,17.17,1,2024-08-11,2.36
U101517,2025-03-27,Referral,Ontario,Free,10.25,0,1,9.33,0,,0.0
U100161,2025-06-23,Organic,British Columbia,Free,6.2,0,1,6.4,0,,0.0
U101372,2025-06-22,Organic,Quebec,Plus,8.99,0,1,6.43,0,,93.21
U101135,2025-01-04,Search,Ontario,Plus,6.73,1,1,12.07,0,,138.37
U102930,2025-08-31,Organic,Ontario,Plus,9.2,1,0,4.1,0,,35.68
U102199,2024-06-21,Search,Alberta,Free,2.81,0,1,18.63,0,,0.0
U100159,2025-06-15,Display,British Columbia,Free,8.11,0,1,6.67,1,2025-07-10,0.0
U102299,2025-08-11,Native,British Columbia,Free,5.2,1,1,4.77,0,,0.0
U101883,2024-09-13,Organic,British Columbia,Plus,5.59,1,0,15.83,0,,201.9
U102102,2024-08-12,Video,Quebec,Plus,2.93,1,0,16.9,0,,109.16
U101997,2024-10-17,Organic,Alberta,FREE,18.3,1,1,14.7,0,,0.0
U100252,2024-08-22,Search,British Columbia,Free,6.0,1,1,16.57,1,2025-09-28,0.0
U100052,2025-09-05,Referral,Alberta,Premium,2.19,1,0,3.93,0,,146.43
U101469,2025-03-26,Display,British Columbia,Premium,4.92,0,0,9.37,1,2025-10-18,262.69
U101037,2024-06-03,Organic,Quebec,Premium,11.03,0,0,19.23,1,2025-07-26,376.73
U101412,2025-10-27,Organic,Quebec,Premium,8.53,1,0,2.2,0,,81.2
U102268,2024-06-26,Organic,Quebec,Plus,4.48,0,1,18.47,1,2024-08-29,29.79
U100888,2025-08-26,Referral,British Columbia,Plus,8.13,1,1,4.27,0,,62.23
U100606,2025-04-26,Native,Quebec,Plus,5.56,1,1,8.33,0,,80.99
U102064,2025-04-09,Organic,Alberta,Free,18.32,0,1,8.9,0,,0.0
U101277,2024-12-10,Display,Ontario,Free,4.69,1,0,12.9,0,,0.0
U101282,2025-05-24,Referral,Ontario,Free,7.51,1,1,7.4,1,2025-12-04,0.0
U100601,2025-05-30,Native,,Plus,,0,0,7.2,0,,
U100961,2025-08-21,Video,Quebec,Premium,6.85,1,0,4.43,0,,96.1
U102659,2024-11-30,Referral,Quebec,Free,6.97,0,0,13.23,0,,0.0
U100264,2025-04-19,Native,Ontario,Free,9.05,1,0,8.57,0,,0.0
U101475,2025-10-16,Search,Quebec,Plus,4.59,1,1,2.57,0,,41.28
U102427,2025-07-14,Video,British Columbia,Free,10.96,1,1,5.7,0,,0.0
U100147,2024-11-03,Organic,Quebec,Plus,6.28,0,1,14.13,0,,188.87
U102812,2025-02-07,Organic,British Columbia,Free,8.43,1,1,10.93,1,2025-02-15,0.0
U101356,2025-07-22,Organic,Ontario,Free,4.76,1,0,5.43,0,,0.0
U102410,2024-06-15,Display,Quebec,Free,5.72,0,0,18.83,0,,0.0
U100784,2024-10-16,Display,Quebec,Plus,0.97,1,0,14.73,0,,126.07
U100388,2025-10-01,Search,Ontario,Free,6.63,0,0,3.07,1,2025-12-13,0.0
U102326,2025-03-10,Organic,Alberta,Free,5.43,0,1,9.9,1,2025-06-02,0.0
U101067,2025-05-20,Search,Quebec,Free,3.0,1,0,7.53,0,,0.0
U102176,2024-07-26,Search,British Columbia,Premium,9.51,1,1,17.47,0,,344.48
U102162,2025-08-06,Video,Ontario,Free,9.55,1,0,4.93,0,,0.0
U100119,2024-06-21,Display,Ontario,Premium,1.83,1,0,18.63,0,,534.37
U100843,2025-01-27,Display,British Columbia,Free,2.57,1,1,11.3,0,,0.0
U100192,2025-01-02,Search,Atlantic,Premium,5.05,1,1,12.13,0,,451.16
U101581,2024-07-29,Search,Ontario,Free,3.06,1,1,17.37,0,,0.0
U101468,2024-10-08,Search,British Columbia,Free,3.29,1,1,15.0,0,,0.0
U102574,2025-11-21,Search,Atlantic,Free,3.56,1,0,1.37,1,2025-12-04,0.0
U102224,2024-12-07,Connected TV,Ontario,Premium,6.21,1,1,13.0,0,,417.62
U100084,2024-09-29,Referral,Atlantic,Free,23.01,1,1,15.3,0,,0.0
U100336,2024-10-03,Connected TV,Ontario,Plus,5.68,0,1,15.17,0,,256.22
U101896,2024-08-09,Organic,Ontario,Free,1.57,1,1,17.0,0,,0.0
U102177,2024-11-13,Referral,British Columbia,Plus,10.36,1,0,13.8,0,,224.25
U102421,2025-05-06,Organic,Ontario,Plus,4.49,1,0,8.0,0,,107.78
U101216,2024-10-02,Organic,Quebec,Plus,11.06,1,0,15.2,0,,207.37
U100713,2025-04-19,Organic,Quebec,Free,13.17,1,0,8.57,0,,0.0
U102927,2024-11-05,Organic,Ontario,Plus,23.86,1,1,14.07,1,2025-03-10,56.98
U100184,2025-09-20,Organic,Atlantic,Premium,8.04,1,1,3.43,0,,102.55
U100788,2024-09-24,Display,Ontario,Free,4.49,1,0,15.47,1,2024-10-12,0.0
U102309,2025-05-01,Native,Quebec,Free,4.21,0,1,8.17,0,,0.0
U101734,2025-02-10,Connected TV,Quebec,Premium,7.6,1,1,10.83,0,,444.03
U100427,2025-01-03,Organic,Quebec,Free,2.93,0,1,12.1,1,2025-01-23,0.0
U101688,2025-07-07,Display,Alberta,Plus,1.38,0,1,5.93,1,2025-08-04,9.28
U101224,2024-07-09,Referral,British Columbia,Free,6.79,1,1,18.03,0,,0.0
U101638,2025-01-04,Organic,Ontario,Plus,7.05,0,0,12.07,0,,161.36
U100954,2024-06-22,Organic,British Columbia,Free,4.27,1,1,18.6,0,,0.0
U101954,2024-08-28,Organic,Quebec,Free,4.38,1,0,16.37,0,,0.0
U101971,2024-06-05,Native,Quebec,Free,11.68,1,0,19.17,0,,0.0
U101324,2025-08-24,Organic,Quebec,Premium,19.59,1,0,4.33,0,,138.74
U102755,2025-03-08,Organic,Ontario,Free,6.83,1,0,9.97,0,,0.0
U100381,2025-02-16,Connected TV,Ontario,Plus,7.2,1,0,10.63,0,,63.03
U102319,2024-07-11,Organic,Ontario,Free,18.55,1,1,17.97,0,,0.0
U101189,2024-07-28,Search,Ontario,Free,4.85,1,0,17.4,0,,0.0
U101103,2025-05-17,Video,British Columbia,Free,8.78,1,1,7.63,0,,0.0
U102452,2025-02-22,Connected TV,Ontario,Free,7.64,1,1,10.43,0,,0.0
U100621,2024-12-31,Referral,Atlantic,Free,19.2,0,1,12.2,1,2025-07-21,0.0
U101762,2024-12-10,Referral,Ontario,Free,20.36,1,1,12.9,1,2025-09-29,0.0
U101025,2025-03-15,Referral,Quebec,Free,15.24,0,0,9.73,0,,0.0
U100630,2024-09-24,Display,Ontario,Plus,2.8,1,0,15.47,0,,120.45
U102565,2025-09-04,Search,Quebec,Free,7.66,1,1,3.97,1,2025-11-28,0.0
U100911,2025-02-11,Search,Atlantic,Free,5.55,1,1,10.8,0,,0.0
U100795,2025-02-02,Display,Ontario,Free,5.76,1,0,11.1,1,2025-08-01,0.0
U102917,2024-07-11,Organic,Alberta,Free,5.2,1,0,17.97,0,,0.0
U101086,2024-10-30,Organic,British Columbia,Free,4.23,1,1,14.27,0,,0.0
U102369,2025-01-18,Search,Ontario,PLUS,1.42,1,1,11.6,0,,153.2
U100409,2024-06-10,Search,Ontario,Free,4.27,1,1,19.0,0,,0.0
U100125,2025-10-05,Search,Ontario,Plus,7.26,0,0,2.93,0,,51.51
U102859,2025-10-14,Native,Ontario,Premium,6.28,1,0,2.63,0,,88.09
U100860,2025-07-04,Connected TV,Atlantic,Plus,3.29,1,0,6.03,0,,100.81
U100674,2024-06-18,Referral,Alberta,Premium,1.51,0,1,18.73,0,,437.63
U101459,2024-07-07,Organic,Ontario,Premium,9.21,0,0,18.1,0,,1015.6
U100512,2025-09-30,Organic,Quebec,Plus,5.56,1,0,3.1,0,,45.15
U101790,2025-08-07,Display,Alberta,Free,2.37,1,1,4.9,0,,0.0
U101564,2024-08-23,Connected TV,Quebec,Plus,0.67,1,1,16.53,0,,268.22
U102624,2024-07-25,Connected TV,Ontario,Free,10.03,1,1,17.5,0,,0.0
U100194,2025-05-03,Video,Ontario,Free,11.48,1,0,8.1,1,2025-05-20,0.0
U100761,2025-02-08,Display,British Columbia,Free,2.6,0,1,10.9,0,,0.0
U101388,2025-09-01,Search,Ontario,Plus,1.39,0,0,4.07,1,2025-12-09,21.64
U100624,2024-08-26,Video,British Columbia,Free,6.7,0,1,16.43,1,2025-10-03,0.0
U102702,2025-09-24,Organic,Quebec,Free,12.61,1,1,3.3,0,,0.0
U102082,2025-05-26,Search,Quebec,Free,5.92,0,0,7.33,0,,0.0
U100627,2025-11-14,Display,Ontario,Free,3.43,1,0,1.6,1,2025-11-25,0.0
U101544,2024-06-16,Search,Ontario,Free,9.13,1,1,18.8,0,,0.0
U101231,2025-04-07,Organic,Quebec,Free,21.35,0,0,8.97,0,,0.0
U101026,2025-05-18,Referral,Ontario,Plus,24.24,1,1,7.6,0,,124.41
U101909,2024-12-08,Connected TV,Ontario,Plus,3.28,0,1,12.97,0,,157.66
U101399,2024-07-14,Referral,Atlantic,Plus,3.87,1,1,17.87,0,,225.9
U102464,2025-09-28,Referral,Quebec,Plus,3.93,0,0,3.17,0,,47.96
U102511,2024-06-25,Display,British Columbia,Free,7.93,0,1,18.5,0,,0.0
U100423,2025-10-22,Connected TV,British Columbia,Free,3.26,1,1,2.37,1,2025-11-26,0.0
U101060,2025-01-24,Connected TV,Ontario,Plus,8.17,1,1,11.4,0,,128.8
U102642,2025-02-22,Referral,Ontario,Free,2.82,1,0,10.43,0,,0.0
U102737,2025-01-25,Referral,Quebec,Premium,2.81,0,0,11.37,1,2025-08-08,176.22
U100531,2025-04-19,Referral,Ontario,Free,19.83,0,1,8.57,0,,0.0
U100216,2025-08-11,Organic,Alberta,Premium,25.45,1,1,4.77,0,,167.09
U102073,2025-02-06,Search,Alberta,Premium,2.1,0,1,10.97,0,,399.41
U102724,2024-09-07,Organic,British Columbia,Premium,16.11,0,0,16.03,0,,130.5
U102862,2025-04-16,Search,Ontario,Free,4.7,1,0,8.67,1,2025-11-12,0.0
U102522,2025-11-05,Referral,Atlantic,Free,29.98,1,0,1.9,0,,0.0
U100097,2025-03-21,Referral,,Free,,1,0,9.53,0,,0.0
U100051,2025-05-20,Native,Alberta,Free,11.7,0,0,7.53,0,,0.0
U100053,2025-03-26,Search,British Columbia,Free,2.71,1,1,9.37,0,,0.0
U100228,2024-07-04,Search,Ontario,Free,4.01,1,0,18.2,0,,0.0
U101742,2025-01-08,Search,Ontario,Free,8.9,1,1,11.93,0,,0.0
U102347,2025-02-01,Native,Ontario,Free,8.01,1,1,11.13,0,,0.0
U100112,2025-03-20,Video,Alberta,Plus,8.93,1,0,9.57,0,,68.57
U100542,2025-06-26,Organic,Quebec,Free,8.05,1,0,6.3,0,,0.0
U100846,2024-12-06,Organic,Quebec,Free,4.93,1,0,13.03,0,,0.0
U101215,2024-06-09,Referral,Quebec,Plus,1.7,1,1,19.03,0,,265.71
U101052,2025-05-18,Native,Quebec,Plus,17.8,1,0,7.6,1,2025-11-30,74.37
U101908,2025-05-13,Search,Ontario,Free,3.91,0,0,7.77,1,2025-12-22,0.0
U101248,2025-06-24,Display,Quebec,Plus,3.2,0,0,6.37,0,,56.07
U102761,2025-02-11,Connected TV,Atlantic,Free,6.93,1,1,10.8,0,,0.0
U100057,2025-03-08,Video,Atlantic,Free,3.45,1,0,9.97,0,,0.0
U102976,2025-11-06,Referral,Atlantic,Plus,3.5,1,0,1.87,0,,18.05
U101038,2025-09-25,Organic,Quebec,Premium,18.12,1,1,3.27,0,,87.85
U102532,2025-04-01,Organic,Quebec,Plus,1.81,1,1,9.17,0,,85.98
U102348,2024-12-13,Search,Ontario,Free,8.05,1,1,12.8,0,,0.0
U102674,2025-01-17,Connected TV,Ontario,Free,7.19,1,1,11.63,0,,0.0
U100697,2025-05-16,Organic,Quebec,Plus,6.27,1,1,7.67,0,,63.01
U100200,2025-01-23,Native,,Free,,1,0,11.43,1,2025-10-05,
U101652,2024-11-01,Referral,British Columbia,Free,7.61,1,1,14.2,0,,0.0
U100572,2025-07-07,Display,British Columbia,Premium,2.51,1,1,5.93,0,,109.04
U102662,2024-06-04,Organic,Ontario,Free,2.79,1,0,19.2,1,2025-02-05,0.0
U102100,2025-04-11,Native,Quebec,Free,8.16,0,1,8.83,0,,0.0
U102901,2025-08-04,Search,Ontario,Free,4.92,1,0,5.0,1,2025-08-19,0.0
U102337,2024-12-09,Search,Ontario,Premium,10.27,1,1,12.93,0,,447.0
U102849,2024-10-14,Search,British Columbia,Free,15.07,0,1,14.8,1,2025-02-08,0.0
U101904,2025-09-01,Referral,Atlantic,Free,3.69,0,0,4.07,0,,0.0
U102382,2025-01-12,Organic,Alberta,Free,6.33,0,0,11.8,0,,0.0
U101341,2024-10-19,Search,Quebec,Free,9.98,1,1,14.63,1,2025-05-21,0.0
U100578,2024-10-22,Display,Ontario,Plus,0.13,1,1,14.53,0,,206.09
U102733,2024-10-13,Search,Ontario,Free,2.76,1,0,14.83,0,,0.0
U102983,2024-08-18,Connected TV,Ontario,Free,4.95,1,1,16.7,0,,0.0
U102408,2024-06-21,Native,Alberta,Plus,4.8,1,1,18.63,0,,159.97
U101138,2025-07-08,Organic,British Columbia,Free,10.09,0,1,5.9,0,,0.0
U102383,2025-09-01,Search,Alberta,Premium,15.58,1,1,4.07,0,,89.92
U100677,2025-10-27,Search,Ontario,Free,7.93,1,0,2.2,0,,0.0
U102614,2025-11-23,Video,British Columbia,Free,1.26,1,0,1.3,1,2025-12-01,0.0
U100109,2025-04-17,Display,Ontario,Free,5.6,1,0,8.63,0,,0.0
U102792,2024-09-09,Display,Ontario,Free,6.64,1,1,15.97,1,2025-05-03,0.0
U101967,2025-01-28,Native,Alberta,Free,1.89,0,0,11.27,0,,0.0
U102934,2025-09-05,Search,Quebec,Plus,6.44,1,0,3.93,0,,51.37
U100841,2025-02-22,Organic,Atlantic,Premium,4.09,1,0,10.43,0,,255.75
U102636,2024-10-16,Search,Ontario,Free,10.12,0,1,14.73,1,2025-04-21,0.0
U102069,2025-06-27,Connected TV,Ontario,Plus,2.4,1,0,6.27,0,,67.09
U100548,2024-08-16,Display,Quebec,Free,8.86,1,0,16.77,0,,0.0
U101154,2025-10-24,Video,Atlantic,Free,6.12,1,0,2.3,0,,0.0
U100666,2024-07-24,Connected TV,Quebec,Free,10.66,1,0,17.53,0,,0.0
U102154,2025-07-25,Search,Ontario,Free,2.84,1,0,5.33,1,2025-10-09,0.0
U101554,2025-03-21,Referral,Quebec,Plus,9.97,0,1,9.53,0,,100.57
U102150,2025-11-12,Display,British Columbia,Premium,8.06,1,0,1.67,0,,58.62
U102997,2025-11-03,Display,Quebec,Plus,3.99,1,0,1.97,0,,21.66
U100834,2025-01-27,Connected TV,Ontario,Free,8.32,0,1,11.3,0,,0.0
U101127,2025-05-18,Connected TV,Ontario,Plus,1.48,1,1,7.6,0,,34.48
U102235,2025-08-09,Referral,Ontario,Free,4.73,1,0,4.83,0,,0.0
U101179,2025-09-21,Connected TV,Ontario,Free,1.49,1,1,3.4,0,,0.0
U100348,2025-06-01,Search,Ontario,Premium,3.19,1,0,7.13,0,,328.25
U102346,2025-09-28,Display,,Plus,,0,0,3.17,0,,
U100933,2025-06-24,Organic,Quebec,Free,9.63,1,0,6.37,0,,0.0
U102639,2025-01-07,Search,Ontario,FREE,4.14,0,1,11.97,1,2025-05-03,0.0
U102284,2025-05-29,Organic,Quebec,Free,20.71,1,0,7.23,0,,0.0
U102887,2024-09-10,Native,Ontario,Premium,6.01,1,0,15.93,0,,420.5
U100740,2024-09-05,Display,Ontario,Free,3.05,1,0,16.1,0,,0.0
U102334,2024-09-08,Connected TV,Ontario,Free,8.94,1,1,16.0,1,2025-12-20,0.0
U102433,2024-12-06,Search,British Columbia,Free,3.3,1,1,13.03,0,,0.0
U100931,2025-05-28,Display,Atlantic,Plus,8.71,0,0,7.27,1,2025-07-27,27.06
U100892,2025-04-18,Referral,Alberta,Free,3.97,1,1,8.6,1,2025-06-24,0.0
U102821,2025-07-25,Video,Ontario,Free,5.22,1,0,5.33,0,,0.0
U100793,2024-12-31,Search,Ontario,Free,1.79,0,0,12.2,0,,0.0
U102277,2024-07-18,Video,Atlantic,Premium,3.31,0,0,17.73,0,,455.38
U100146,2025-07-01,Search,British Columbia,Premium,6.13,1,1,6.13,0,,200.1
U101042,2024-08-01,Search,British Columbia,Free,9.01,1,1,17.27,0,,0.0
U102135,2025-09-19,Connected TV,Quebec,Free,8.47,0,0,3.47,1,2025-12-22,0.0
U100229,2025-06-13,Search,British Columbia,Free,2.79,1,0,6.73,1,2025-10-09,0.0
U100067,2025-08-29,Organic,Quebec,Plus,12.76,1,0,4.17,0,,53.83
U100028,2024-07-28,Display,British Columbia,Plus,12.22,1,1,17.4,0,,198.35
U102243,2025-07-08,Organic,Ontario,Free,2.79,0,1,5.9,0,,0.0
U101747,2024-11-22,Organic,Alberta,Plus,27.39,1,1,13.5,0,,184.11
U102013,2025-01-28,Display,Ontario,Free,12.98,1,1,11.27,0,,0.0
U101229,2025-10-29,Video,Quebec,Free,6.63,1,0,2.13,0,,0.0
U100510,2025-04-14,Search,Atlantic,Free,7.75,0,1,8.73,1,2025-09-20,0.0
U100596,2024-12-01,Organic,Ontario,Free,3.49,1,0,13.2,0,,0.0
U101553,2025-06-19,Search,Alberta,Plus,3.19,1,0,6.53,0,,86.13
U100573,2025-08-06,Video,Quebec,Free,7.32,0,0,4.93,0,,0.0
U100115,2025-09-08,Organic,Quebec,Free,4.57,0,0,3.83,1,2025-10-07,0.0
U100520,2025-09-01,Video,Ontario,Free,7.49,1,1,4.07,0,,0.0
U100390,2024-06-08,Display,Ontario,Free,2.89,1,0,19.07,0,,0.0
U101400,2024-07-03,Native,Ontario,Plus,7.1,0,1,18.23,0,,215.19
U100852,2025-03-15,Display,Ontario,Premium,1.3,1,0,9.73,0,,179.61
U102823,2025-08-27,Organic,Alberta,Free,4.56,1,0,4.23,1,2025-10-28,0.0
U101792,2024-11-15,Organic,Ontario,Free,17.03,1,0,13.73,0,,0.0
U101133,2025-01-03,Search,British Columbia,Plus,5.35,0,1,12.1,0,,141.86
U101993,2025-04-01,Native,Quebec,Free,12.59,1,1,9.17,0,,0.0
U102106,2024-08-18,Referral,Quebec,Premium,5.93,1,1,16.7,0,,508.85
U101338,2025-06-10,Search,Atlantic,Plus,1.69,0,0,6.83,0,,93.96
U102500,2024-08-22,Referral,Ontario,Free,4.84,0,0,16.57,1,2025-06-25,0.0
U101602,2025-03-08,Organic,Ontario,Free,5.91,1,1,9.97,0,,0.0
U101227,2025-01-17,Search,Ontario,Free,4.29,1,1,11.63,0,,0.0
U101249,2025-09-07,Organic,Alberta,Free,8.94,0,1,3.87,0,,0.0
U102630,2024-11-24,Search,Ontario,Free,8.99,1,0,13.43,1,2025-07-10,0.0
U101472,2024-12-17,Referral,Quebec,Free,16.94,1,1,12.67,0,,0.0
U101501,2025-01-27,Search,Quebec,Free,10.94,1,0,11.3,1,2025-09-21,0.0
U100839,2025-10-19,Native,Ontario,Plus,2.03,0,1,2.47,0,,32.85
U102201,2025-03-15,Organic,Ontario,Free,11.77,0,0,9.73,1,2025-12-04,0.0
U100281,2025-07-10,Video,British Columbia,Free,12.8,0,0,5.83,0,,0.0
U102389,2025-01-12,Organic,Ontario,Free,1.54,0,0,11.8,1,2025-09-16,0.0
U102083,2025-09-15,Organic,Ontario,Free,8.97,1,0,3.6,1,2025-12-02,0.0
U101487,2024-06-11,Organic,Quebec,Plus,7.93,1,1,18.97,0,,246.7
U101938,2025-07-31,Connected TV,,Free,,0,0,5.13,0,,
U102979,2024-07-14,Display,Ontario,Premium,7.79,0,1,17.87,0,,635.34
U100648,2024-06-19,Organic,British Columbia,Free,10.81,1,0,18.7,0,,0.0
U101158,2025-11-02,Search,Atlantic,Premium,7.39,1,1,2.0,0,,86.53
U102458,2025-04-30,Organic,Alberta,Plus,15.39,1,0,8.2,1,2025-09-14,66.25
U102628,2025-04-03,Search,Alberta,Free,5.69,1,1,9.1,1,2025-09-17,0.0
U101398,2025-11-14,Search,Quebec,Plus,10.64,1,0,1.6,0,,13.75
U100971,2024-07-01,Display,Quebec,Plus,5.65,1,1,18.3,0,,182.8
U101548,2024-09-17,Native,Alberta,Plus,6.73,1,0,15.7,0,,168.01
U100798,2025-08-02,Native,Alberta,Free,0.45,0,1,5.07,0,,0.0
U100130,2025-06-12,Connected TV,Quebec,Premium,6.69,1,1,6.77,1,2025-10-30,116.62
U102333,2024-07-30,Search,Ontario,Plus,5.0,0,0,17.33,0,,245.76
U101247,2025-04-23,Search,Quebec,Free,7.97,0,1,8.43,0,,0.0
U101872,2024-09-25,Organic,Ontario,Plus,26.78,1,1,15.43,0,,224.29
U100286,2024-07-17,Connected TV,Ontario,Free,8.36,0,0,17.77,1,2024-10-03,0.0
U102850,2025-10-09,Search,Ontario,Premium,7.54,1,0,2.8,0,,103.17
U101424,2025-04-29,Organic,Ontario,Free,1.53,1,0,8.23,0,,0.0
U101895,2025-03-15,Referral,Quebec,Plus,11.27,1,1,9.73,0,,111.26
U100636,2025-04-15,Search,Ontario,Plus,1.92,0,1,8.7,0,,108.44
U101980,2025-10-20,Search,British Columbia,Free,3.98,1,0,2.43,0,,0.0
U102795,2024-10-29,Search,Ontario,Plus,13.55,1,1,14.3,0,,140.43
U102206,2025-04-21,Video,Quebec,Premium,4.1,1,1,8.5,0,,227.48
U100240,2024-06-20,Video,Alberta,Free,10.49,0,0,18.67,1,2025-05-01,0.0
U102906,2025-04-08,Video,Quebec,Premium,10.3,1,0,8.93,0,,263.61
U102529,2025-09-28,Search,British Columbia,Free,6.7,1,0,3.17,0,,0.0
U100462,2025-10-07,Organic,Ontario,Premium,13.97,1,1,2.87,1,2025-12-18,61.88
U101431,2024-10-08,Display,British Columbia,Plus,8.65,0,0,15.0,0,,190.02
U101741,2024-09-27,Search,British Columbia,Plus,4.83,0,1,15.37,0,,134.57
U101346,2025-03-04,Native,,Plus,,1,0,10.1,0,,100.53
U100901,2024-10-23,Video,Alberta,Free,13.33,0,0,14.5,0,,0.0
U102024,2024-06-23,Search,Ontario,Premium,6.44,0,0,18.57,0,,481.04
U102706,2025-07-24,Display,Ontario,Plus,6.91,1,0,5.37,0,,47.44
U101763,2025-02-05,Native,Ontario,Free,4.58,1,0,11.0,1,2025-12-06,0.0
U102465,2024-06-18,Display,,Free,,1,1,18.73,0,,0.0
U102412,2025-05-10,Native,Ontario,Plus,3.02,1,1,7.87,0,,92.37
U100437,2025-11-27,Search,British Columbia,Free,5.56,0,0,1.17,1,2025-12-22,0.0
U102995,2024-09-13,Connected TV,British Columbia,Plus,10.76,1,0,15.83,0,,208.46
U102638,2024-06-03,Display,Ontario,Plus,10.85,1,0,19.23,1,2024-12-30,132.56
U101898,2024-07-25,Organic,British Columbia,Plus,11.98,1,0,17.5,0,,264.49
U100929,2025-04-21,Organic,Ontario,Free,7.24,1,1,8.5,1,2025-05-12,0.0
U102387,2024-06-29,Connected TV,Atlantic,Free,8.35,1,1,18.37,0,,0.0
U100978,2024-08-17,Display,Alberta,Premium,3.93,1,1,16.73,0,,555.14
U102946,2025-05-07,Connected TV,British Columbia,Premium,4.4,1,1,7.97,0,,316.96
U100941,2024-12-17,Display,British Columbia,Plus,5.67,1,0,12.67,0,,137.74
U102186,2024-10-05,Organic,Ontario,Free,13.16,1,0,15.1,0,,0.0
U102438,2025-09-26,Organic,Ontario,Plus,1.98,0,1,3.23,0,,34.31
U101172,2025-04-13,Organic,Ontario,Free,9.07,1,0,8.77,0,,0.0
U101492,2025-11-29,Native,Ontario,Premium,8.02,0,0,1.1,0,,52.64
U102300,2025-09-02,Connected TV,British Columbia,Free,4.67,1,0,4.03,0,,0.0
U102736,2025-05-20,Display,Atlantic,Free,9.67,1,1,7.53,1,2025-07-24,0.0
U100284,2025-03-08,Organic,Quebec,Free,21.51,1,1,9.97,0,,0.0
U101177,2025-10-29,Display,Ontario,Plus,6.79,1,1,2.13,0,,21.35
U102526,2025-05-26,Organic,Ontario,Free,5.87,1,1,7.33,0,,0.0
U101033,2024-10-02,Display,Ontario,Plus,2.36,1,1,15.2,1,2025-01-04,30.27
U101355,2024-06-28,Connected TV,Alberta,Plus,3.18,1,0,18.4,0,,227.57
U101369,2025-03-25,Search,Ontario,Plus,12.91,1,0,9.4,0,,95.75
U102936,2024-12-27,Organic,Ontario,Plus,5.89,1,0,12.33,0,,150.14
U100749,2025-01-10,Video,British Columbia,Free,1.71,1,1,11.87,0,,0.0
U100429,2024-11-14,Video,Quebec,Premium,29.23,0,0,13.77,1,2025-04-19,131.23
U101204,2025-06-02,Organic,Ontario,Premium,6.48,1,1,7.1,0,,210.24
U100842,2025-11-09,Referral,Ontario,Free,19.54,1,0,1.77,0,,0.0
U102833,2025-10-08,Organic,Atlantic,Plus,9.45,1,1,2.83,0,,25.9
U100557,2024-12-08,Organic,British Columbia,Free,1.8,1,0,12.97,0,,0.0
U101897,2024-06-03,Video,Ontario,Free,9.03,1,1,19.23,0,,0.0
U101239,2025-05-15,Video,Alberta,Free,7.8,1,1,7.7,1,2025-09-16,0.0
U100600,2024-09-16,Native,Ontario,Premium,4.48,1,0,15.73,0,,462.63
U102780,2025-09-22,Video,Ontario,Plus,11.99,1,1,3.37,0,,41.62
U101677,2025-01-14,Connected TV,Quebec,Plus,9.31,1,1,11.73,0,,127.43
U100290,2025-07-10,Search,Ontario,Plus,15.45,0,0,5.83,0,,93.15
U101799,2025-05-30,Organic,Quebec,Free,9.94,0,1,7.2,0,,0.0
U102978,2024-06-03,Organic,British Columbia,Free,12.8,1,0,19.23,0,,0.0
U102580,2025-08-26,Display,Quebec,Premium,7.18,0,1,4.27,0,,186.58
U100224,2024-07-23,Search,Ontario,Free,7.0,0,1,17.57,1,2025-06-01,0.0
U100208,2024-11-24,Display,Ontario,Plus,3.59,1,1,13.43,0,,143.67
U101646,2025-11-29,Referral,Ontario,Plus,7.73,1,1,1.1,0,,8.23
U102241,2025-11-04,Referral,Alberta,Free,4.35,1,0,1.93,0,,0.0
U100435,2025-03-11,Connected TV,Ontario,Free,9.21,1,0,9.87,1,2025-09-03,0.0
U100094,2024-08-14,Search,Ontario,Free,6.43,1,0,16.83,0,,0.0
U102275,2024-06-16,Native,Alberta,Free,3.73,1,0,18.8,1,2025-03-26,0.0
U100715,2024-08-03,Display,British Columbia,Free,6.89,1,0,17.2,0,,0.0
U100187,2025-09-11,Native,Ontario,Free,11.53,0,0,3.73,0,,0.0
U102112,2024-09-30,Video,Alberta,Free,0.73,1,1,15.27,1,2025-02-15,0.0
U101766,2025-02-11,Connected TV,Ontario,Free,10.17,1,1,10.8,0,,0.0
U102173,2025-03-24,Video,Quebec,Free,3.23,1,1,9.43,0,,0.0
U100107,2024-08-12,Organic,Ontario,Premium,2.79,0,1,16.9,0,,645.26
U102214,2025-11-03,Video,Ontario,Plus,2.22,1,1,1.97,1,2025-11-23,9.66
U100942,2025-07-22,Video,British Columbia,Free,1.84,1,0,5.43,1,2025-09-01,0.0
U102593,2025-06-28,Search,Quebec,Free,8.45,1,1,6.23,1,2025-12-15,0.0
U101029,2025-08-31,Referral,Quebec,Free,5.07,0,0,4.1,0,,0.0
U101670,2025-11-04,Video,Quebec,Free,3.92,1,1,1.93,0,,0.0
U100526,2024-12-24,Organic,Ontario,Plus,13.41,1,0,12.43,0,,152.41
U100871,2025-04-29,Display,British Columbia,Free,10.05,1,1,8.23,0,,0.0
U101028,2024-11-09,Connected TV,British Columbia,Free,2.13,1,1,13.93,0,,0.0
U101071,2025-11-21,Search,Ontario,Plus,6.72,1,0,1.37,0,,14.31
U101053,2025-03-08,Display,Quebec,Free,5.64,1,1,9.97,0,,0.0
U100886,2024-10-02,Video,Ontario,Free,5.73,0,1,15.2,1,2025-03-23,0.0
U100976,2024-11-21,Display,British Columbia,Free,6.66,1,1,13.53,0,,0.0
U102747,2025-11-01,Native,Quebec,Free,5.75,0,0,2.03,0,,0.0
U100748,2025-08-15,Display,Ontario,Plus,2.4,1,0,4.63,0,,88.42
U102400,2024-10-07,Referral,Ontario,Premium,9.25,0,1,15.03,1,2024-12-15,40.5
U100615,2024-06-13,Video,Ontario,Free,2.39,1,0,18.9,0,,0.0
U102726,2024-12-16,Display,Ontario,Plus,5.08,1,1,12.7,0,,185.12
U100378,2025-10-19,Native,Alberta,Plus,3.32,0,0,2.47,0,,20.03
U102077,2025-03-08,Connected TV,Atlantic,Plus,11.83,0,1,9.97,0,,155.25
U100335,2025-01-22,Display,Ontario,Plus,1.62,1,1,11.47,1,2025-03-27,32.03
U101940,2024-11-05,Display,Ontario,Free,2.48,1,0,14.07,0,,0.0
U101950,2024-10-29,Search,Quebec,Free,7.55,1,0,14.3,0,,0.0
U100484,2024-10-10,Referral,Ontario,Plus,3.28,1,0,14.93,0,,129.09
U102378,2025-08-07,Referral,Quebec,Free,6.02,1,0,4.9,0,,0.0
U100347,2024-07-01,Search,British Columbia,Free,14.3,1,1,18.3,0,,0.0
U102847,2025-07-10,Native,British Columbia,Plus,12.85,1,0,5.83,0,,19.85
U101579,2025-10-27,Connected TV,Quebec,Free,4.44,0,0,2.2,1,2025-11-21,0.0
U101814,2025-11-14,Search,Alberta,Free,7.08,1,0,1.6,1,2025-12-05,0.0
U100507,2025-09-08,Referral,Ontario,Free,4.44,1,1,3.83,0,,0.0
U100309,2024-08-30,Referral,British Columbia,Plus,10.99,0,0,16.3,1,2025-11-27,241.14
U102619,2024-11-28,Video,Alberta,Premium,7.91,1,0,13.3,0,,349.12
U101988,2024-06-06,Search,Atlantic,Free,8.11,1,1,19.13,0,,0.0
U102551,2025-02-18,Connected TV,Ontario,Plus,5.04,1,1,10.57,0,,172.07
U101665,2024-07-03,Organic,Ontario,Plus,5.57,1,0,18.23,0,,270.06
U100120,2025-08-07,Search,Atlantic,Free,3.06,1,1,4.9,0,,0.0
U101008,2025-04-02,Referral,Atlantic,Free,5.04,1,0,9.13,0,,0.0
U101900,2025-07-30,Native,Ontario,Free,5.18,1,0,5.17,1,2025-09-13,0.0
U102080,2025-01-19,Search,Quebec,Free,2.63,1,0,11.57,1,2025-01-25,0.0
U102079,2025-08-10,Search,Quebec,Free,7.18,1,0,4.8,0,,0.0
U101836,2025-03-12,Organic,Quebec,Free,8.19,1,1,9.83,0,,0.0
U101476,2024-06-19,Search,Ontario,Free,7.65,1,1,18.7,0,,0.0
U102196,2024-07-19,Display,Quebec,Free,3.98,1,1,17.7,1,2024-10-23,0.0
U101123,2025-05-14,Search,Quebec,Premium,0.47,1,0,7.73,0,,190.96
U100689,2024-09-09,Organic,Alberta,Plus,16.87,1,1,15.97,0,,200.01
U101922,2024-07-06,Organic,Atlantic,Premium,11.39,1,1,18.13,0,,372.85
U101541,2024-11-23,Video,Ontario,Premium,7.74,1,0,13.47,0,,633.71
U101817,2025-02-07,Search,Ontario,Plus,20.9,1,1,10.93,1,2025-09-05,72.22
U100450,2025-03-04,Search,Alberta,Premium,18.42,0,0,10.1,0,,342.96
U100547,2025-01-02,Referral,British Columbia,Plus,10.98,1,0,12.13,0,,157.12
U102950,2024-07-01,Display,Ontario,Plus,3.42,1,1,18.3,0,,197.88
U101391,2025-08-19,Organic,Ontario,Plus,7.59,1,1,4.5,0,,57.88
U102415,2024-10-30,Organic,Atlantic,Premium,13.53,0,0,14.27,0,,433.61
U100277,2024-10-17,Search,Quebec,Plus,0.35,1,0,14.7,0,,151.37
U101811,2024-08-20,Video,Quebec,Free,1.63,0,0,16.63,0,,0.0
U101409,2024-08-04,Native,British Columbia,Plus,6.25,1,1,17.17,0,,253.73
U102391,2024-10-19,Organic,Ontario,Free,3.56,1,1,14.63,0,,0.0
U101786,2025-06-22,Native,Alberta,Free,1.96,1,1,6.43,0,,0.0
U102143,2025-10-27,Search,Quebec,Premium,16.75,1,1,2.2,0,,62.04
U100451,2025-07-24,Organic,British Columbia,Premium,7.52,1,0,5.37,0,,170.5
U100458,2024-11-26,Video,Ontario,Free,2.93,1,1,13.37,0,,0.0
U101445,2025-03-10,Connected TV,Ontario,Free,6.12,1,0,9.9,0,,0.0
U102926,2025-06-26,Connected TV,British Columbia,Plus,7.26,1,1,6.3,0,,70.28
U100771,2024-08-29,Search,Quebec,Premium,7.08,0,1,16.33,0,,709.62
U100468,2025-10-17,Organic,Quebec,Free,2.15,0,0,2.53,0,,0.0
U101382,2025-03-20,Connected TV,Quebec,Free,10.07,0,0,9.57,0,,0.0
U102530,2025-10-30,Search,Quebec,Free,0.99,1,1,2.1,0,,0.0
U102721,2025-02-12,Referral,Quebec,Free,6.84,0,1,10.77,0,,0.0
U100431,2024-12-02,Organic,Atlantic,Free,3.66,0,1,13.17,0,,0.0
U101821,2025-04-03,Connected TV,Atlantic,Plus,10.08,0,1,9.1,0,,131.72
U102552,2025-04-14,Referral,Ontario,Free,3.54,0,0,8.73,1,2025-09-25,0.0
U102909,2025-03-27,Display,Ontario,Free,9.4,1,1,9.33,0,,0.0
U100734,2024-11-25,Organic,Quebec,Premium,0.71,1,1,13.4,0,,332.84
U101126,2024-06-20,Search,Quebec,Premium,3.73,1,0,18.67,0,,941.96
U100483,2024-08-29,Connected TV,Ontario,Free,8.04,1,0,16.33,0,,0.0
U101139,2025-04-21,Video,British Columbia,Free,0.1,0,1,8.5,1,2025-06-13,0.0
U100459,2025-06-23,Organic,Atlantic,Free,13.09,1,1,6.4,0,,0.0
U101611,2024-10-13,Connected TV,Quebec,Free,2.26,1,1,14.83,1,2025-05-10,0.0
U101120,2024-09-01,Connected TV,Ontario,Free,5.34,0,1,16.23,1,2024-11-07,0.0
U101885,2025-03-25,Connected TV,Atlantic,Free,4.73,1,1,9.4,1,2025-07-20,0.0
U102184,2025-06-11,Connected TV,Ontario,Plus,0.48,1,1,6.8,0,,112.34
U100176,2024-07-23,Organic,Quebec,FREE,12.41,0,0,17.57,1,2024-09-29,0.0
U100506,2024-12-31,Connected TV,Quebec,Free,3.25,0,1,12.2,0,,0.0
U100170,2024-08-02,Organic,Quebec,Free,14.17,1,1,17.23,0,,0.0
U100071,2024-10-04,Native,Atlantic,Free,2.19,1,0,15.13,1,2025-09-20,0.0
U101098,2025-11-30,Native,Quebec,Free,8.47,0,0,1.07,0,,0.0
U102798,2025-04-05,Referral,Quebec,Plus,3.86,0,1,9.03,0,,117.77
U100695,2024-08-05,Organic,Atlantic,Plus,6.44,1,1,17.13,0,,206.31
U101387,2025-08-23,Display,British Columbia,Free,2.1,0,0,4.37,0,,0.0
U102805,2024-06-04,Search,Quebec,Premium,7.16,1,1,19.2,0,,775.7
U102494,2025-10-28,Video,Quebec,Plus,3.43,1,0,2.17,0,,30.44
U101442,2024-11-11,Native,Alberta,Plus,9.61,1,0,13.87,0,,234.38
U102699,2025-10-17,Native,Quebec,Plus,2.9,0,1,2.53,0,,18.4
U100389,2025-07-18,Connected TV,British Columbia,Free,3.64,0,0,5.57,0,,0.0
U102559,2024-06-09,Organic,Quebec,Plus,13.44,1,0,19.03,0,,234.8
U100013,2025-09-26,Native,British Columbia,Plus,5.35,1,0,3.23,0,,59.88
U102425,2025-04-07,Referral,British Columbia,Premium,14.0,1,1,8.97,0,,341.6
U100165,2025-11-19,Display,British Columbia,Free,9.77,1,1,1.43,0,,0.0
U101458,2025-05-29,Video,Ontario,Free,17.45,0,1,7.23,0,,0.0
U102564,2024-12-07,Connected TV,British Columbia,Free,4.64,1,0,13.0,0,,0.0
U102397,2025-01-06,Native,Ontario,Free,4.98,1,1,12.0,1,2025-06-08,0.0
U100186,2025-10-23,Display,Ontario,Free,5.35,0,0,2.33,0,,0.0
U102377,2025-03-24,Video,Ontario,Plus,6.09,1,1,9.43,0,,61.53
U102537,2025-01-01,Display,Ontario,Premium,1.36,0,0,12.17,0,,574.5
U102607,2025-11-22,Display,Ontario,Free,3.03,0,1,1.33,0,,0.0
U100807,2025-01-14,Search,Ontario,Free,6.65,0,0,11.73,0,,0.0
U102546,2025-10-08,Video,Ontario,Plus,1.22,0,0,2.83,1,2025-12-04,25.85
U100017,2025-08-09,Native,British Columbia,Plus,1.17,1,0,4.83,0,,47.26
U100068,2025-11-14,Display,Atlantic,Free,1.93,1,0,1.6,0,,0.0
U101306,2024-06-24,Organic,Quebec,Plus,6.59,1,0,18.53,0,,184.33
U102730,2025-01-24,Native,British Columbia,Plus,4.79,1,0,11.4,0,,129.4
U102248,2025-10-30,Connected TV,Quebec,Free,6.44,1,0,2.1,1,2025-12-05,0.0
U100082,2024-10-16,Connected TV,Ontario,Free,17.77,0,1,14.73,0,,0.0
U101122,2025-05-20,Organic,Ontario,Premium,2.32,0,1,7.53,0,,226.18
U102282,2024-09-21,Organic,Ontario,Free,7.45,1,1,15.57,0,,0.0
U102793,2025-07-18,Native,Ontario,Plus,8.89,0,0,5.57,0,,73.95
U101506,2025-08-22,Video,Ontario,Plus,4.44,1,0,4.4,0,,39.81
U100442,2025-07-30,Native,Ontario,Plus,3.79,0,0,5.17,0,,69.02
U100786,2025-11-28,Organic,Ontario,Free,3.67,1,1,1.13,1,2025-12-21,0.0
U100193,2025-05-22,Organic,Ontario,Free,4.84,1,1,7.47,1,2025-06-13,0.0
U102025,2025-10-16,Referral,Quebec,Free,7.81,1,1,2.57,0,,0.0
U102193,2024-07-22,Display,Alberta,Plus,6.2,1,1,17.6,0,,174.38
U101093,2024-09-19,Display,Alberta,Plus,3.24,1,0,15.63,1,2024-10-19,11.24
U101065,2025-09-29,Connected TV,Ontario,Premium,14.26,1,0,3.13,0,,85.27
U101233,2025-06-10,Display,Alberta,Plus,2.89,1,0,6.83,0,,89.64
U101218,2025-10-08,Search,British Columbia,Plus,2.94,1,0,2.83,0,,36.52
U100209,2024-07-20,Connected TV,Alberta,Free,2.82,1,1,17.67,0,,0.0
U101946,2025-03-03,Search,Atlantic,Free,6.23,1,1,10.13,0,,0.0
U101831,2024-07-01,Search,Alberta,Free,5.64,1,1,18.3,0,,0.0
U101104,2025-09-21,Display,British Columbia,Free,1.38,1,0,3.4,0,,0.0
U102090,2024-11-25,Connected TV,British Columbia,Plus,7.79,0,0,13.4,0,,123.7
U102969,2024-07-02,Connected TV,Ontario,Premium,10.58,0,1,18.27,0,,348.81
U102803,2024-08-13,Connected TV,British Columbia,Free,7.25,1,1,16.87,0,,0.0
U102118,2024-06-06,Search,Quebec,Free,15.96,1,0,19.13,0,,0.0
U100401,2025-11-19,Organic,Ontario,Plus,4.71,0,0,1.43,0,,15.53
U100232,2025-09-21,Search,British Columbia,Free,7.21,1,0,3.4,0,,0.0
U102396,2025-01-27,Display,Quebec,Free,5.75,1,1,11.3,0,,0.0
U101918,2025-07-20,Connected TV,Quebec,Plus,4.51,1,0,5.5,0,,59.2
U100826,2025-01-13,Search,Ontario,Premium,8.21,0,0,11.77,1,2025-05-27,107.51
U100880,2025-03-21,Display,Ontario,Free,5.91,1,0,9.53,1,2025-11-25,0.0
U102508,2025-09-29,Display,Alberta,Free,6.5,1,0,3.13,0,,0.0
U102099,2025-03-01,Search,Quebec,Free,6.99,0,1,10.2,0,,0.0
U102770,2024-10-05,Referral,British Columbia,Free,16.21,1,1,15.1,1,2025-05-09,0.0
U101991,2024-10-02,Display,Ontario,Free,2.62,1,0,15.2,0,,0.0
U100785,2024-09-09,Referral,Ontario,Premium,7.23,0,1,15.97,0,,254.2
U101317,2025-10-28,Search,Ontario,Free,2.4,1,0,2.17,0,,0.0
U101565,2025-08-24,Search,Ontario,Free,5.58,1,1,4.33,1,2025-12-11,0.0
U100160,2025-11-08,Referral,Alberta,Plus,5.97,0,0,1.8,1,2025-12-17,23.1
U100916,2025-02-09,Referral,Ontario,Plus,2.15,1,0,10.87,0,,151.96
U102618,2025-10-07,Connected TV,Quebec,Free,6.76,1,1,2.87,0,,0.0
U100992,2025-06-02,Connected TV,Ontario,Plus,1.66,0,1,7.1,0,,61.63
U102197,2025-04-04,Search,Ontario,Plus,3.22,0,0,9.07,0,,130.03
U101829,2024-11-20,Native,Quebec,Free,8.73,1,0,13.57,0,,0.0
U101572,2025-09-02,Search,Quebec,Free,6.96,0,1,4.03,1,2025-09-12,0.0
U100016,2025-07-18,Display,Alberta,Free,1.2,1,0,5.57,0,,0.0
U100683,2024-06-22,Display,Ontario,Premium,6.23,1,0,18.6,0,,152.26
U101168,2024-07-19,Video,Quebec,Free,5.09,0,1,17.7,0,,0.0
U101796,2025-04-25,Display,Alberta,Free,7.97,1,0,8.37,0,,0.0
U100074,2024-09-22,Video,Quebec,Free,7.02,0,1,15.53,0,,0.0
U102611,2025-03-08,Referral,Ontario,Premium,20.82,1,1,9.97,0,,344.38
U100729,2024-11-27,Video,Atlantic,Free,10.69,1,1,13.33,0,,0.0
U101694,2025-07-12,Display,British Columbia,Free,19.54,1,1,5.77,0,,0.0
U100950,2025-02-24,Referral,Quebec,Free,4.8,0,1,10.37,0,,0.0
U102168,2024-10-17,Display,Ontario,Free,2.13,0,1,14.7,0,,0.0
U101903,2025-07-10,Organic,British Columbia,Premium,9.98,1,0,5.83,0,,206.47
U102233,2025-09-22,Display,Quebec,Plus,11.19,1,0,3.37,0,,39.58
U101661,2025-01-07,Search,Ontario,Free,6.67,1,0,11.97,0,,0.0
U100489,2024-06-05,Organic,,Free,,1,0,19.17,1,2025-01-19,
U100619,2024-07-29,Organic,British Columbia,Free,4.23,1,0,17.37,0,,0.0
U100188,2025-06-13,Search,Ontario,Free,4.37,0,1,6.73,0,,0.0
U101181,2025-09-21,Display,Alberta,Plus,7.88,0,1,3.4,1,2025-12-15,44.35
U102582,2025-08-15,Search,Ontario,Free,10.62,0,1,4.63,1,2025-10-12,0.0
U102753,2025-03-30,Display,Ontario,Free,11.03,1,1,9.23,1,2025-11-22,0.0
U101114,2025-06-26,Native,Ontario,Free,5.61,0,1,6.3,0,,0.0
U100110,2024-06-19,Search,British Columbia,Premium,0.95,1,1,18.7,0,,623.58
U100707,2024-12-08,Connected TV,Atlantic,Plus,1.42,1,0,12.97,0,,49.89
U101087,2025-11-05,Search,Quebec,Free,5.39,1,0,1.9,1,2025-12-10,0.0
U101121,2025-10-18,Native,Ontario,Free,5.01,1,1,2.5,1,2025-11-25,0.0
U102877,2024-11-01,Organic,Ontario,Free,12.49,0,1,14.2,0,,0.0
U100620,2024-12-24,Connected TV,Ontario,Free,2.46,1,1,12.43,0,,0.0
U101275,2025-02-24,Referral,Ontario,Free,0.91,1,1,10.37,1,2025-03-06,0.0
U101208,2025-08-05,Display,Ontario,Free,8.05,0,0,4.97,1,2025-12-16,0.0
U102748,2024-11-11,Display,Ontario,Premium,10.61,1,0,13.87,0,,553.2
U100392,2024-07-05,Referral,Ontario,Free,24.64,1,0,18.17,0,,0.0
U100792,2025-01-27,Native,Ontario,Plus,6.41,0,0,11.3,0,,125.12
U102541,2025-09-06,Referral,Alberta,Free,3.25,0,0,3.9,0,,0.0
U102202,2025-09-16,Search,Alberta,Free,7.04,1,1,3.57,0,,0.0
U101146,2025-03-27,Display,British Columbia,Free,2.47,1,1,9.33,1,2025-06-09,0.0
U102318,2025-08-29,Display,Ontario,Free,0.44,1,0,4.17,0,,0.0
U101534,2025-01-21,Organic,Alberta,Premium,8.31,1,0,11.5,1,2025-10-30,342.51
U102183,2025-02-09,Organic,Ontario,Plus,5.74,0,0,10.87,0,,142.82
U102035,2024-07-11,Connected TV,British Columbia,Free,3.71,1,1,17.97,0,,0.0
U101684,2024-11-10,Connected TV,Ontario,Free,6.67,0,1,13.9,1,2025-10-09,0.0
U101726,2024-09-10,Referral,Ontario,Plus,18.46,1,1,15.93,0,,123.06
U101278,2025-06-22,Search,Quebec,Plus,4.2,0,0,6.43,0,,78.76
U100169,2024-06-09,Search,Ontario,Plus,7.58,1,1,19.03,0,,145.63
U102784,2024-07-05,Search,Alberta,Plus,3.17,1,0,18.17,0,,182.25
U102867,2025-07-01,Search,Ontario,Plus,15.11,1,0,6.13,0,,85.95
U102588,2024-12-02,Organic,Alberta,Plus,5.39,1,0,13.17,0,,196.11
U102451,2025-09-12,Display,Quebec,Premium,10.31,0,1,3.7,0,,69.38
U101006,2025-04-19,Display,Ontario,Free,2.39,0,1,8.57,0,,0.0
U101957,2024-07-26,Connected TV,Ontario,Plus,3.3,1,1,17.47,0,,276.52
U101566,2025-04-26,Search,Quebec,Free,1.51,1,1,8.33,0,,0.0
U101881,2025-09-02,Organic,Ontario,Free,1.29,1,1,4.03,1,2025-11-03,0.0
U100821,2025-08-17,Video,Alberta,Free,6.34,1,0,4.57,1,2025-09-27,0.0
U100297,2024-11-16,Organic,Ontario,Free,5.04,1,1,13.7,0,,0.0
U102006,2025-11-28,Search,Alberta,Free,5.54,1,0,1.13,0,,0.0
U101862,2025-06-23,Display,Ontario,Free,10.13,0,1,6.4,1,2025-10-06,0.0
U102973,2024-12-27,Search,Ontario,Plus,1.62,1,1,12.33,0,,135.61
U101435,2025-11-03,Video,Ontario,Free,7.91,1,1,1.97,0,,0.0
U100999,2024-07-05,Display,Ontario,Plus,1.67,1,1,18.17,0,,237.63
U100217,2024-10-19,Search,Ontario,PREMIUM,3.14,1,0,14.63,0,,466.4
U101837,2025-05-17,Video,Atlantic,Premium,1.59,1,0,7.63,0,,131.52
U101515,2025-09-11,Search,Quebec,PREMIUM,3.89,1,1,3.73,0,,162.26
U102444,2025-08-09,Native,Ontario,Premium,11.72,1,0,4.83,0,,147.2
U102161,2025-09-19,Organic,Ontario,Plus,4.16,1,0,3.47,0,,52.16
U102620,2025-09-14,Organic,Ontario,Free,13.66,1,1,3.63,1,2025-10-04,0.0
U100179,2025-01-17,Display,British Columbia,Free,15.08,1,1,11.63,0,,0.0
U101062,2025-01-17,Connected TV,Ontario,Plus,1.89,1,0,11.63,1,2025-10-19,125.65
U101558,2025-06-30,Organic,Ontario,Plus,9.58,1,1,6.17,1,2025-09-03,37.55
U102236,2025-04-27,Connected TV,Atlantic,Plus,0.69,0,0,8.3,1,2025-10-27,71.45
U102613,2025-05-03,Referral,Ontario,Plus,10.15,1,0,8.1,0,,103.89
U100817,2024-11-27,Organic,Alberta,Free,2.87,1,0,13.33,0,,0.0
U100899,2025-11-29,Referral,Ontario,FREE,11.15,0,1,1.1,1,2025-12-21,0.0
U101683,2025-09-04,Referral,Quebec,Plus,1.86,0,1,3.97,0,,62.32
U101894,2025-10-11,Native,Atlantic,Plus,2.58,0,0,2.73,1,2025-11-24,18.46
U100537,2025-03-11,Display,Quebec,Free,7.79,1,1,9.87,0,,0.0
U101696,2025-01-24,Search,Quebec,Plus,5.84,1,0,11.4,0,,140.91
U100321,2024-10-04,Search,Atlantic,Premium,13.71,1,0,15.13,0,,535.81
U101414,2025-09-20,Search,Quebec,Premium,5.09,1,0,3.43,0,,65.6
U100770,2025-03-24,Referral,Quebec,Plus,13.71,1,1,9.43,0,,77.77
U101651,2024-09-08,Referral,British Columbia,Premium,18.18,1,0,16.0,0,,332.24
U102422,2024-10-11,Search,British Columbia,Free,11.14,0,1,14.9,0,,0.0
U101770,2025-02-10,Organic,Alberta,PLUS,3.27,1,0,10.83,0,,128.39
U100553,2025-02-23,Organic,Ontario,Free,10.64,1,1,10.4,1,2025-08-25,0.0
U102119,2025-11-16,Search,Ontario,Free,5.23,1,0,1.53,0,,0.0
U100011,2025-11-30,Search,Atlantic,Free,6.11,1,0,1.07,0,,0.0
U102367,2024-10-07,Display,Alberta,Plus,0.67,1,0,15.03,1,2025-04-11,85.8
U101300,2025-07-29,Search,Quebec,PLUS,4.94,1,1,5.2,0,,50.46
U100370,2025-02-06,Referral,Atlantic,Plus,7.35,1,0,10.97,0,,99.97
U102738,2025-06-04,Display,Quebec,Free,1.3,1,0,7.03,0,,0.0
U102476,2024-12-28,Referral,Quebec,Plus,2.89,1,0,12.3,0,,152.88
U100590,2025-11-24,Organic,Ontario,Plus,11.47,1,1,1.27,0,,13.6
U101132,2025-03-18,Search,Ontario,Plus,2.32,0,1,9.63,0,,166.84
U100558,2025-11-12,Organic,Ontario,Premium,8.16,1,0,1.67,0,,62.44
U100426,2025-11-15,Native,Ontario,Free,0.45,1,1,1.57,0,,0.0
U102837,2025-06-17,Connected TV,,Premium,,0,1,6.6,1,2025-07-29,
U100438,2025-05-22,Display,Ontario,Plus,10.19,1,1,7.47,0,,110.57
U102884,2025-01-05,Referral,Ontario,Free,13.78,1,1,12.03,0,,0.0
U102483,2025-04-07,Video,Ontario,Free,3.77,1,0,8.97,0,,0.0
U101537,2024-09-01,Native,Quebec,Free,4.36,1,1,16.23,0,,0.0
U102826,2024-11-01,Connected TV,Alberta,Plus,0.2,1,1,14.2,0,,134.0
U102344,2025-07-31,Referral,Quebec,Plus,18.68,0,0,5.13,1,2025-08-14,5.34
U100106,2025-03-29,Search,Ontario,Plus,2.32,1,1,9.27,0,,122.98
U102570,2025-10-08,Video,Alberta,Free,0.11,1,1,2.83,1,2025-11-28,0.0
U101864,2024-06-20,Native,Atlantic,Free,6.11,1,1,18.67,0,,0.0
U102581,2024-07-13,Video,Ontario,Free,8.79,1,1,17.9,0,,0.0
U101445,2025-03-10,Connected TV,Ontario,Free,6.12,1,0,9.9,0,,0.0
U100671,2025-01-20,Organic,Quebec,Plus,9.17,1,1,11.53,0,,152.31
U101866,2024-10-03,Search,Quebec,Plus,2.52,0,1,15.17,0,,121.9
U101486,2025-01-28,Display,Atlantic,Plus,4.39,0,1,11.27,0,,138.23
U101660,2024-10-24,Organic,British Columbia,Premium,5.21,0,0,14.47,0,,509.63
U100382,2025-06-05,Video,Atlantic,Plus,8.39,1,0,7.0,1,2025-12-09,45.4
U100699,2025-06-11,Search,Quebec,Free,12.7,1,1,6.8,0,,0.0
U102643,2025-02-03,Search,Ontario,Free,6.62,0,1,11.07,0,,0.0
U102087,2024-07-14,Video,Ontario,Free,10.69,1,1,17.87,0,,0.0
U102916,2024-12-08,Native,British Columbia,Free,8.87,0,1,12.97,0,,0.0
U100655,2024-10-31,Search,British Columbia,Plus,3.29,1,1,14.23,0,,206.62
U100478,2025-10-22,Display,Ontario,Plus,6.68,0,0,2.37,1,2025-11-13,9.83
U101157,2024-06-16,Organic,Ontario,Plus,3.37,0,1,18.8,0,,182.29
U100246,2024-11-23,Display,Ontario,Premium,8.79,1,1,13.47,0,,375.3
U102370,2025-10-21,Display,Quebec,Plus,12.76,1,0,2.4,0,,22.21
U102480,2025-08-31,Search,Alberta,Plus,1.53,0,1,4.1,0,,63.9
U102650,2025-11-20,Search,Ontario,Plus,8.6,1,1,1.4,0,,18.68
U102670,2025-05-08,Display,British Columbia,Plus,2.8,0,1,7.93,0,,65.7
U102807,2024-09-24,Display,Atlantic,Free,1.16,1,1,15.47,0,,0.0
U101270,2025-07-13,Organic,Quebec,Plus,10.42,1,1,5.73,0,,79.18
U100612,2024-09-13,Native,Ontario,Free,1.77,1,1,15.83,0,,0.0
U100444,2024-11-12,Search,British Columbia,Plus,14.57,0,1,13.83,1,2025-03-26,70.91
U100994,2024-11-20,Video,Alberta,Free,7.62,1,1,13.57,0,,0.0
U100625,2025-06-20,Native,British Columbia,Free,6.93,1,1,6.5,0,,0.0
U102423,2024-11-11,Native,Ontario,Free,5.27,1,1,13.87,0,,0.0
U101744,2025-07-30,Search,Alberta,Premium,7.72,0,0,5.17,0,,174.78
U102756,2024-11-11,Organic,Alberta,Free,2.69,1,0,13.87,0,,0.0
U102366,2024-08-18,Organic,Alberta,Premium,9.56,0,0,16.7,0,,297.59
U102169,2025-09-28,Organic,British Columbia,Free,5.57,1,0,3.17,0,,0.0
U100904,2025-03-17,Connected TV,Atlantic,Free,6.96,1,0,9.67,0,,0.0
U102015,2025-06-19,Search,Ontario,Free,0.88,1,1,6.53,0,,0.0
U102937,2025-02-03,Display,Alberta,Free,1.6,0,0,11.07,1,2025-06-05,0.0
U101079,2024-10-07,Video,Quebec,Plus,2.32,0,1,15.03,0,,178.51
U102943,2024-06-25,Display,Quebec,Free,9.63,1,1,18.5,0,,0.0
U101019,2024-06-04,Organic,Quebec,Plus,8.34,1,1,19.2,0,,193.02
U100538,2024-06-09,Organic,Quebec,Premium,11.13,1,1,19.03,0,,778.41
U102656,2024-08-06,Organic,Ontario,Free,0.91,0,0,17.1,1,2025-07-01,0.0
U101510,2024-09-21,Referral,Ontario,Free,3.61,1,1,15.57,0,,0.0
U100491,2024-10-17,Display,Quebec,Free,2.59,1,0,14.7,0,,0.0
U102353,2024-08-18,Display,Quebec,Plus,4.14,1,0,16.7,0,,266.56
U101964,2024-08-10,Connected TV,Quebec,Free,1.62,1,0,16.97,0,,0.0
U102267,2025-09-20,Search,Ontario,Plus,2.64,1,0,3.43,0,,52.32
U101513,2024-11-04,Organic,British Columbia,Free,2.09,0,1,14.1,0,,0.0
U102957,2024-12-03,Connected TV,Quebec,Free,7.86,1,1,13.13,1,2025-01-13,0.0
U102259,2025-04-18,Video,Alberta,Plus,1.37,0,0,8.6,0,,122.86
U102970,2025-06-15,Display,Ontario,Plus,1.05,0,1,6.67,0,,100.36
U100545,2025-06-28,Referral,Ontario,Free,2.53,0,1,6.23,0,,0.0
U101507,2024-09-21,Display,Quebec,Plus,10.3,1,0,15.57,0,,167.43
U101793,2025-09-17,Organic,Quebec,Free,10.6,1,0,3.53,1,2025-12-03,0.0
U100703,2024-07-20,Display,Ontario,Free,3.34,0,1,17.67,0,,0.0
U101552,2025-06-11,Native,British Columbia,Free,0.33,1,1,6.8,0,,0.0
U102240,2025-05-31,Display,British Columbia,Free,3.05,1,0,7.17,0,,0.0
U100848,2025-04-19,Display,Ontario,Free,3.59,0,0,8.57,0,,0.0
U102569,2025-05-02,Organic,Ontario,Free,6.28,1,0,8.13,0,,0.0
U101569,2025-06-03,Video,Ontario,Free,5.87,1,1,7.07,0,,0.0
U100568,2025-01-16,Connected TV,Ontario,Free,10.62,1,0,11.67,1,2025-11-11,0.0
U101635,2025-08-06,Organic,Atlantic,Free,10.47,0,1,4.93,0,,0.0
U101467,2025-05-08,Search,Quebec,Plus,19.31,0,0,7.93,0,,119.62
U100449,2025-10-22,Organic,British Columbia,Free,5.21,1,1,2.37,0,,0.0
U101496,2025-06-10,Organic,British Columbia,Free,2.43,1,0,6.83,1,2025-12-10,0.0
U101497,2024-12-09,Search,Atlantic,Free,2.39,0,1,12.93,0,,0.0
U102432,2025-05-05,Display,British Columbia,Free,1.27,1,1,8.03,1,2025-12-27,0.0
U101212,2025-04-03,Search,Atlantic,Free,8.58,1,1,9.1,0,,0.0
U101381,2025-06-17,Organic,Quebec,Free,7.47,1,1,6.6,0,,0.0
U100645,2025-06-21,Display,Quebec,Premium,2.01,1,1,6.47,0,,172.49
U102600,2024-09-26,Search,British Columbia,Free,17.28,0,0,15.4,1,2025-03-30,0.0
U101682,2025-11-17,Connected TV,British Columbia,Free,6.13,0,0,1.5,1,2025-12-09,0.0
U102900,2025-09-10,Video,Ontario,Free,3.86,1,1,3.77,0,,0.0
U102390,2025-09-03,Search,Quebec,Free,2.46,0,1,4.0,1,2025-11-13,0.0
U100660,2024-10-16,Display,Atlantic,FREE,6.17,1,0,14.73,0,,0.0
U102578,2025-02-16,Display,Atlantic,Plus,8.04,1,0,10.63,0,,151.24
U101574,2025-03-03,Display,Ontario,Free,18.45,1,1,10.13,0,,0.0
U101059,2024-10-30,Video,Quebec,Premium,7.39,1,0,14.27,0,,531.77
U101294,2025-11-10,Connected TV,British Columbia,Premium,6.11,0,1,1.73,0,,91.56
U100853,2025-04-15,Organic,Ontario,Free,2.24,0,0,8.7,1,2025-06-02,0.0
U102274,2025-11-23,Search,Ontario,Plus,3.38,1,0,1.3,0,,16.39
U102216,2024-10-04,Organic,Ontario,Free,3.82,0,1,15.13,0,,0.0
U102996,2024-07-28,Connected TV,,Free,,1,0,17.4,0,,
U101975,2025-11-27,Referral,British Columbia,Free,26.87,1,0,1.17,0,,0.0
U102001,2025-02-02,Display,Ontario,Free,9.47,1,1,11.1,1,2025-10-25,0.0
U101655,2025-03-03,Native,Quebec,Free,11.09,1,1,10.13,0,,0.0
U102407,2025-02-14,Video,,Plus,,1,1,10.7,0,,
U101782,2024-09-20,Organic,Quebec,Free,19.87,0,1,15.6,0,,0.0
U100377,2024-08-19,Referral,Ontario,Premium,3.55,0,0,16.67,0,,531.73
U100397,2024-10-23,Organic,British Columbia,Premium,5.12,1,0,14.5,0,,380.12
U101755,2025-05-16,Search,Ontario,Premium,10.01,1,1,7.67,0,,233.85
U102778,2025-01-29,Display,Ontario,Plus,18.08,1,1,11.23,0,,146.21
U102401,2025-11-26,Native,Ontario,Premium,2.54,0,0,1.2,1,2025-12-21,7.09
U102972,2025-09-27,Display,Ontario,Plus,3.2,0,0,3.2,1,2025-11-22,35.69
U100320,2025-07-20,Organic,Ontario,Plus,16.29,1,1,5.5,0,,57.15
U102948,2025-04-03,Native,Quebec,Premium,13.85,0,1,9.1,0,,261.27
U101659,2025-05-09,Organic,Atlantic,Premium,4.86,0,1,7.9,0,,256.69
U102339,2025-05-19,Referral,Ontario,Free,6.67,1,1,7.57,0,,0.0
U102514,2024-06-01,Organic,Ontario,Free,5.97,1,1,19.3,1,2024-10-20,0.0
U100692,2024-09-30,Referral,Quebec,Free,3.47,1,0,15.27,0,,0.0
U102836,2024-10-14,Native,Ontario,Plus,7.57,1,0,14.8,0,,190.98
U100355,2025-09-26,Connected TV,British Columbia,Free,1.94,0,1,3.23,0,,0.0
U101577,2025-08-09,Native,Quebec,Plus,2.04,1,0,4.83,0,,55.36
U101728,2024-11-12,Display,Quebec,Free,1.16,0,1,13.83,0,,0.0
U101804,2024-07-18,Organic,Quebec,Free,7.69,1,0,17.73,0,,0.0
U100461,2025-11-07,Search,Quebec,Free,7.15,1,1,1.83,0,,0.0
U100202,2025-11-21,Search,Quebec,Plus,0.61,1,1,1.37,0,,6.65
U101803,2024-08-27,Video,British Columbia,Free,2.24,1,1,16.4,1,2025-11-12,0.0
U101641,2025-08-10,Search,Quebec,Premium,6.09,1,1,4.8,0,,243.55
U102245,2024-11-28,Search,Quebec,Free,1.4,1,1,13.3,0,,0.0
U100936,2025-04-28,Display,Ontario,Free,3.02,0,0,8.27,0,,0.0
U100195,2024-12-02,Search,Atlantic,Free,4.8,1,1,13.17,0,,0.0
U100487,2025-08-20,Search,Quebec,Plus,3.07,0,1,4.47,1,2025-09-11,9.38
U101522,2025-07-04,Connected TV,Ontario,Plus,1.77,1,0,6.03,0,,89.1
U101939,2025-09-02,Search,Ontario,Premium,4.18,1,1,4.03,0,,64.54
U100877,2025-06-17,Display,Ontario,Plus,5.78,0,1,6.6,1,2025-12-02,67.19
U100075,2024-07-20,Connected TV,British Columbia,Free,2.2,1,1,17.67,1,2025-02-17,0.0
U101012,2025-04-03,Referral,Ontario,Free,8.43,1,0,9.1,0,,0.0
U100718,2024-11-21,Referral,Ontario,Plus,11.46,1,0,13.53,0,,147.61
U101928,2025-10-13,Search,Ontario,Free,7.75,1,1,2.67,0,,0.0
U101551,2025-06-24,Native,Ontario,Free,4.69,1,0,6.37,0,,0.0
U100641,2025-04-11,Native,Ontario,Premium,7.87,1,1,8.83,0,,257.2
U101606,2025-09-05,Video,Alberta,Plus,23.71,1,1,3.93,0,,24.32
U100856,2025-04-13,Display,Quebec,Free,0.38,1,1,8.77,1,2025-04-18,0.0
U100709,2025-08-23,Search,Alberta,Free,11.07,0,0,4.37,0,,0.0
U101425,2025-01-25,Organic,Quebec,Free,10.87,1,1,11.37,1,2025-08-23,0.0
U100588,2025-01-16,Connected TV,Alberta,Premium,3.67,1,0,11.67,0,,249.01
U100972,2025-10-23,Video,Quebec,Plus,4.12,1,0,2.33,0,,44.21
U100000,2025-11-08,Search,Quebec,Premium,1.06,1,0,1.8,0,,60.63
U101618,2025-03-08,Organic,Ontario,Premium,5.5,1,0,9.97,1,2025-08-14,85.01
U101926,2024-08-30,Search,Ontario,Free,2.36,1,0,16.3,1,2025-12-16,0.0
U102165,2025-05-11,Video,Quebec,Free,5.87,1,1,7.83,1,2025-10-23,0.0
U100668,2024-08-06,Search,British Columbia,Free,17.21,0,1,17.1,0,,0.0
U100979,2024-09-02,Search,Alberta,Plus,0.36,1,0,16.2,0,,276.82
U101795,2025-06-26,Organic,Quebec,Free,3.84,1,1,6.3,1,2025-12-17,0.0
U101539,2024-11-02,Referral,Quebec,Free,2.97,0,1,14.17,0,,0.0
U101200,2025-07-15,Referral,Alberta,Plus,14.42,1,0,5.67,1,2025-11-30,55.76
U102485,2024-09-10,Video,Quebec,Premium,0.86,1,0,15.93,1,2024-12-12,98.56
U102371,2024-12-03,Display,Ontario,Premium,0.31,0,1,13.13,0,,367.99
U102924,2024-08-03,Search,British Columbia,Free,5.59,1,1,17.2,1,2024-09-17,0.0
U100554,2025-08-18,Connected TV,Quebec,Free,5.17,1,0,4.53,0,,0.0
U102499,2024-09-19,Native,Quebec,Premium,10.83,1,0,15.63,0,,380.31
U102653,2024-07-04,Organic,Quebec,Free,3.29,1,0,18.2,1,2024-11-12,0.0
U102218,2025-11-22,Search,Ontario,Free,11.43,0,1,1.33,0,,0.0
U101099,2024-08-26,Video,Atlantic,Premium,18.76,1,0,16.43,0,,569.42
U102694,2025-10-06,Organic,British Columbia,Plus,1.33,1,1,2.9,0,,38.95
U101178,2025-10-18,Organic,British Columbia,Plus,17.39,1,1,2.5,0,,33.31
U102641,2025-06-05,Video,Quebec,Plus,23.14,0,0,7.0,0,,129.15
U101480,2025-05-30,Search,Ontario,Free,4.28,1,1,7.2,0,,0.0
U102448,2025-08-10,Referral,Atlantic,Free,9.78,0,0,4.8,0,,0.0
U102959,2025-01-11,Organic,Ontario,Premium,31.12,1,0,11.83,0,,436.7
U102302,2024-12-22,Referral,Ontario,Free,10.64,1,0,12.5,0,,0.0
U100344,2025-02-26,Search,Alberta,Plus,12.17,1,1,10.3,0,,106.24
U101046,2025-04-14,Search,Ontario,Plus,7.37,1,0,8.73,1,2025-11-23,80.91
U101808,2024-10-06,Display,Ontario,Plus,6.2,1,1,15.07,0,,163.67
U102781,2025-02-26,Connected TV,Ontario,Free,5.63,1,1,10.3,0,,0.0
U100080,2025-04-01,Connected TV,Alberta,Free,7.93,1,1,9.17,0,,0.0
U102038,2025-05-11,Display,Alberta,Plus,9.4,1,0,7.83,0,,78.33
U102012,2025-03-23,Organic,Quebec,Plus,6.46,0,1,9.47,0,,98.99
U101295,2024-06-13,Organic,Ontario,Free,12.81,0,1,18.9,0,,0.0
U101834,2025-11-07,Search,Atlantic,Free,7.87,1,0,1.83,1,2025-11-25,0.0
U101951,2024-06-07,Display,Quebec,Premium,3.42,1,0,19.1,0,,566.52
U101320,2025-04-08,Search,Ontario,Free,4.85,1,0,8.93,1,2025-11-20,0.0
U102338,2024-08-04,Search,Ontario,Plus,8.79,1,1,17.17,0,,228.36
U102998,2025-04-10,Organic,Quebec,Premium,10.49,0,1,8.87,0,,260.97
U102640,2025-07-25,Display,Ontario,Free,2.16,1,1,5.33,0,,0.0
U101265,2025-07-15,Organic,Ontario,Free,1.55,1,0,5.67,0,,0.0
U100975,2025-09-15,Search,Ontario,Plus,0.89,1,1,3.6,0,,37.08
U101225,2025-09-21,Organic,Ontario,Free,7.07,1,1,3.4,0,,0.0
U100527,2025-04-18,Search,Alberta,Free,16.25,0,0,8.6,1,2025-11-11,0.0
U100102,2024-09-29,Referral,Alberta,Plus,8.46,0,1,15.3,0,,309.39
U101262,2024-07-07,Organic,Quebec,Free,4.17,1,0,18.1,0,,0.0
U102442,2025-05-04,Organic,Ontario,Free,2.53,0,1,8.07,0,,0.0
U101719,2024-10-23,Organic,Quebec,Free,5.93,1,1,14.5,0,,0.0
U102160,2025-08-26,Organic,Quebec,Free,7.02,1,0,4.27,0,,0.0
U101802,2024-07-01,Search,Atlantic,Free,8.71,0,1,18.3,0,,0.0
U101761,2025-01-12,Organic,Ontario,Plus,1.7,1,1,11.8,0,,130.18
U101848,2025-11-25,Video,Ontario,PLUS,6.76,1,0,1.23,1,2025-11-30,1.87
U101427,2025-02-07,Organic,British Columbia,Premium,1.61,1,1,10.93,0,,401.61
U101673,2025-05-06,Native,Alberta,Plus,6.27,1,0,8.0,1,2025-07-25,31.86
U101203,2024-12-25,Referral,Ontario,Free,15.37,1,0,12.4,0,,0.0
U101141,2024-09-01,Display,Atlantic,Premium,5.22,0,1,16.23,0,,286.15
U100239,2025-05-14,Search,British Columbia,Free,7.28,1,1,7.73,1,2025-10-25,0.0
U101769,2024-08-11,Organic,British Columbia,Plus,9.18,1,0,16.93,0,,162.58
U102085,2025-04-17,Native,Alberta,Premium,3.16,1,0,8.63,0,,306.32
U102450,2025-08-09,Display,Ontario,Free,2.74,0,1,4.83,0,,0.0
U100141,2025-06-21,Organic,Ontario,Plus,6.56,1,1,6.47,0,,68.44
U100214,2024-11-28,Organic,Ontario,Plus,5.17,1,0,13.3,0,,190.15
U102732,2024-07-11,Organic,British Columbia,Free,9.16,1,0,17.97,1,2024-09-24,0.0
U102513,2025-01-29,Display,Atlantic,Plus,0.79,1,0,11.23,0,,139.33
U100626,2025-01-25,Organic,Alberta,Premium,0.9,0,1,11.37,0,,262.34
U100960,2024-08-10,Organic,Alberta,Free,5.26,0,0,16.97,1,2025-09-12,0.0
U102358,2025-08-27,Organic,Atlantic,Free,10.81,0,0,4.23,0,,0.0
U102142,2025-01-04,Connected TV,Quebec,Free,10.5,1,1,12.07,0,,0.0
U102486,2024-07-05,Referral,Atlantic,Plus,6.19,1,0,18.17,0,,237.29
U100727,2025-06-24,Video,Ontario,Premium,12.59,1,0,6.37,0,,96.44
U100609,2025-02-16,Referral,Quebec,Plus,7.1,1,1,10.63,0,,148.82
U100061,2024-11-15,Organic,Alberta,Free,14.31,1,1,13.73,0,,0.0
U102663,2025-09-23,Search,Alberta,Premium,3.53,1,1,3.33,0,,101.25
U101850,2025-07-07,Video,,Free,,1,1,5.93,1,2025-08-19,
U102668,2025-10-20,Search,Ontario,Plus,7.05,1,0,2.43,0,,26.15
U100628,2025-03-23,Referral,Ontario,Plus,10.93,1,1,9.47,0,,88.55
U100768,2024-10-08,Video,Ontario,Plus,6.38,0,1,15.0,1,2025-08-02,108.74
U101614,2024-12-03,Connected TV,Quebec,Free,5.35,1,1,13.13,1,2024-12-29,0.0
U101702,2024-06-22,Native,Ontario,Free,13.38,1,1,18.6,1,2025-11-11,0.0
U102065,2024-11-17,Search,Alberta,Free,1.33,1,0,13.67,1,2025-03-31,0.0
U102521,2025-07-07,Organic,Alberta,Free,6.18,1,0,5.93,0,,0.0
U101740,2024-11-20,Search,Ontario,Free,15.15,1,0,13.57,0,,0.0
U101197,2024-07-03,Search,Quebec,Plus,3.57,0,1,18.23,0,,218.25
U101749,2025-08-02,Display,Ontario,Free,6.2,1,1,5.07,1,2025-10-26,0.0
U102914,2024-11-09,Display,Ontario,Plus,2.26,0,1,13.93,0,,202.39
U102842,2025-08-26,Organic,Ontario,Plus,26.34,1,1,4.27,0,,44.56
U101302,2025-09-01,Search,Ontario,Free,12.68,1,0,4.07,1,2025-11-07,0.0
U102473,2024-08-09,Video,Ontario,Free,14.4,1,1,17.0,0,,0.0
U102517,2024-08-28,Display,Ontario,Free,4.87,1,0,16.37,0,,0.0
U100029,2024-11-08,Connected TV,Quebec,Plus,2.99,0,1,13.97,0,,191.31
U101143,2024-12-09,Search,Atlantic,Plus,4.62,0,1,12.93,0,,177.71
U102330,2025-04-19,Video,Ontario,Plus,3.16,0,0,8.57,0,,101.88
U101693,2025-11-27,Display,Ontario,Free,8.39,1,1,1.17,0,,0.0
U100072,2025-02-11,Organic,Atlantic,Free,9.94,1,1,10.8,0,,0.0
U102524,2025-08-10,Display,Quebec,Free,4.02,1,1,4.8,0,,0.0
U100175,2025-03-27,Search,Quebec,Premium,5.26,1,1,9.33,0,,277.37
U102848,2025-08-29,Video,Quebec,Premium,9.53,0,1,4.17,0,,103.19
U101812,2025-09-29,Display,Ontario,Plus,6.48,0,1,3.13,0,,46.68
U101250,2025-07-09,Search,Alberta,Plus,7.18,0,0,5.87,0,,105.65
U101753,2025-11-20,Search,Ontario,Free,4.35,0,1,1.4,0,,0.0
U101471,2025-05-01,Native,Quebec,Plus,6.41,0,0,8.17,0,,98.72
U100453,2024-06-23,Connected TV,Ontario,Free,10.28,1,0,18.57,0,,0.0
U102727,2025-01-18,Organic,British Columbia,Free,4.63,1,0,11.6,0,,0.0
U100278,2024-08-11,Video,Ontario,Free,3.0,1,0,16.93,0,,0.0
U101932,2025-08-22,Organic,Ontario,Free,6.49,0,1,4.4,0,,0.0
U102629,2024-09-16,Connected TV,Ontario,Premium,2.5,1,0,15.73,0,,359.38
U100685,2025-01-26,Search,Alberta,Free,2.57,1,0,11.33,0,,0.0
U100038,2024-07-29,Connected TV,Quebec,Free,9.2,1,1,17.37,0,,0.0
U100883,2024-09-14,Organic,Alberta,Free,8.76,1,1,15.8,0,,0.0
U102294,2025-06-17,Native,British Columbia,Free,2.33,0,1,6.6,1,2025-09-29,0.0
U100495,2025-03-24,Search,Quebec,Premium,7.15,0,0,9.43,0,,271.83
U100836,2024-10-12,Display,British Columbia,Free,5.55,1,0,14.87,1,2025-10-16,0.0
U100546,2024-09-07,Display,Ontario,Free,4.83,0,1,16.03,0,,0.0
U102211,2024-11-01,Organic,Ontario,Plus,10.49,1,0,14.2,1,2025-03-14,58.61
U100261,2025-06-30,Display,Alberta,Free,13.66,1,0,6.17,0,,0.0
U100250,2024-10-03,Referral,British Columbia,Free,4.13,1,1,15.17,1,2025-05-13,0.0
U102105,2025-06-26,Native,Alberta,Premium,6.97,1,0,6.3,1,2025-09-06,101.41
U100479,2024-08-21,Video,British Columbia,Free,2.24,0,1,16.6,1,2025-09-17,0.0
U100294,2025-05-20,Connected TV,Quebec,Plus,4.0,0,1,7.53,0,,99.07
U102779,2025-10-05,Organic,Ontario,Free,4.5,1,1,2.93,0,,0.0
U102101,2024-06-26,Connected TV,Ontario,Free,15.11,0,0,18.47,1,2024-09-15,0.0
U102420,2025-02-16,Display,Ontario,Plus,2.61,0,0,10.63,1,2025-04-09,14.15
U100806,2025-03-19,Organic,Ontario,Free,6.63,1,0,9.6,0,,0.0
U100552,2025-09-16,Connected TV,Quebec,Free,4.06,1,0,3.57,1,2025-10-25,0.0
U100408,2024-08-08,Video,Quebec,Premium,8.19,0,0,17.03,1,2025-09-21,443.84
U102679,2025-07-12,Native,Quebec,Premium,16.07,1,0,5.77,0,,161.11
U100199,2024-07-01,Search,Ontario,Free,5.79,1,0,18.3,1,2024-08-09,0.0
U100046,2025-07-26,Search,Alberta,Plus,7.87,0,0,5.3,0,,70.45
U100514,2025-01-22,Display,Quebec,Plus,1.72,0,1,11.47,1,2025-08-25,107.69
U102777,2025-08-25,Search,Atlantic,FREE,3.8,1,0,4.3,1,2025-09-30,0.0
U102824,2025-04-01,Referral,Ontario,Free,5.71,1,0,9.17,0,,0.0
U101884,2025-03-04,Connected TV,Ontario,Free,5.86,1,0,10.1,0,,0.0
U101426,2025-05-06,Video,Alberta,Plus,5.95,0,1,8.0,0,,141.18
U102215,2025-01-21,Search,Atlantic,Free,1.58,0,1,11.5,0,,0.0
U102414,2024-11-27,Display,Ontario,Plus,8.14,1,0,13.33,1,2025-02-23,19.41
U101648,2024-10-23,Search,Quebec,Free,15.56,1,1,14.5,0,,0.0
U100019,2024-08-24,Native,Quebec,Free,4.57,1,1,16.5,0,,0.0
U101818,2024-08-01,Search,Quebec,Free,11.75,1,0,17.27,1,2025-12-10,0.0
U100608,2025-04-22,Video,Ontario,Free,3.06,1,0,8.47,0,,0.0
U101464,2025-11-24,Video,Alberta,FREE,7.65,1,1,1.27,0,,0.0
U100859,2024-09-14,Search,Alberta,Plus,2.47,0,1,15.8,0,,296.08
U101004,2025-11-13,Video,British Columbia,Free,2.0,1,0,1.63,0,,0.0
U101273,2024-09-27,Display,Alberta,Free,8.32,1,1,15.37,0,,0.0
U100638,2025-01-09,Connected TV,Atlantic,Free,5.24,1,1,11.9,1,2025-09-01,0.0
U101735,2025-08-16,Connected TV,Ontario,Plus,4.13,1,0,4.6,0,,49.54
U102467,2025-05-21,Video,British Columbia,Free,6.47,1,0,7.5,0,,0.0
U101854,2025-06-23,Search,Atlantic,Free,4.37,1,1,6.4,1,2025-10-30,0.0
U102568,2025-09-04,Search,Quebec,Free,9.27,1,1,3.97,0,,0.0
U100233,2025-03-02,Search,Alberta,Plus,2.58,1,1,10.17,0,,200.41
U102394,2025-06-12,Referral,Ontario,Free,5.84,1,1,6.77,0,,0.0
U102791,2025-04-30,Display,Ontario,Free,3.75,1,0,8.2,0,,0.0
U101279,2025-04-20,Video,Ontario,Plus,5.52,0,1,8.53,0,,90.98
U100847,2025-08-18,Connected TV,Quebec,Plus,8.18,1,0,4.53,0,,69.46
U102687,2025-10-06,Search,Ontario,Plus,8.29,1,0,2.9,0,,37.37
U102709,2025-04-16,Video,Alberta,Free,2.66,1,0,8.67,0,,0.0
U101974,2024-10-26,Search,Ontario,Premium,2.89,0,0,14.4,0,,466.49
U101336,2024-12-09,Connected TV,Quebec,Free,0.53,1,1,12.93,0,,0.0
U102888,2024-07-02,Search,Quebec,Plus,10.3,0,1,18.27,0,,309.75
U102673,2024-10-18,Search,Alberta,Premium,0.88,1,0,14.67,0,,624.18
U102562,2024-07-30,Connected TV,British Columbia,Premium,5.45,1,0,17.33,0,,640.56
U102355,2025-05-12,Search,Ontario,Free,10.64,1,1,7.8,1,2025-08-31,0.0
U102359,2025-09-06,Display,Alberta,Free,4.38,1,0,3.9,1,2025-12-01,0.0
U101337,2025-06-03,Organic,Quebec,Plus,14.33,1,1,7.07,0,,86.81
U100622,2024-12-28,Display,Ontario,Free,21.54,1,1,12.3,0,,0.0
U101921,2024-08-03,Referral,Quebec,Plus,17.5,1,0,17.2,0,,202.8
U101882,2025-03-12,Connected TV,Ontario,Free,6.89,0,1,9.83,0,,0.0
U101116,2025-02-06,Search,British Columbia,Plus,4.36,1,0,10.97,0,,118.93
U101979,2025-11-17,Organic,Ontario,Free,5.76,0,1,1.5,0,,0.0
U102342,2024-12-18,Video,Ontario,Plus,4.95,1,0,12.63,0,,143.89
U100023,2025-10-16,Search,Quebec,Premium,10.29,1,0,2.57,0,,98.25
U101152,2024-10-14,Referral,Ontario,Plus,6.18,1,1,14.8,0,,195.47
U100556,2024-12-13,Search,Quebec,Plus,12.92,0,0,12.8,0,,118.32
U102750,2025-03-04,Video,Ontario,Premium,6.28,1,0,10.1,0,,404.91
U101984,2025-10-26,Search,Ontario,Plus,7.72,1,1,2.23,0,,35.53
U100983,2024-06-10,Organic,Ontario,Free,21.2,1,0,19.0,0,,0.0
U102796,2024-07-19,Search,Quebec,Plus,6.85,1,0,17.7,0,,194.21
U101976,2024-12-29,Referral,Ontario,Plus,3.21,0,0,12.27,0,,155.15
U101616,2025-03-30,Search,Quebec,Premium,5.99,1,0,9.23,0,,281.97
U101334,2025-03-31,Video,Quebec,Premium,3.51,1,1,9.2,0,,270.37
U101402,2025-06-10,Search,British Columbia,Free,8.61,0,1,6.83,1,2025-10-28,0.0
U101519,2025-10-31,Display,Ontario,Plus,2.14,0,1,2.07,0,,29.75
U101047,2025-10-03,Display,Ontario,Plus,0.91,0,1,3.0,0,,44.53
U101907,2024-12-11,Display,Ontario,Premium,3.77,1,0,12.87,1,2025-06-27,215.85
U101823,2025-08-10,Referral,Ontario,Plus,4.52,1,0,4.8,0,,34.83
U101970,2025-04-23,Connected TV,Ontario,Free,1.13,0,1,8.43,1,2025-11-19,0.0
U101321,2025-03-13,Referral,Quebec,Plus,9.17,1,1,9.8,0,,151.73
U102331,2025-02-27,Native,Ontario,Free,4.95,1,0,10.27,0,,0.0
U102723,2025-07-09,Search,Atlantic,Free,1.44,1,1,5.87,0,,0.0
U100304,2025-03-26,Organic,British Columbia,Plus,4.18,1,0,9.37,0,,73.14
U101056,2025-08-03,Organic,Ontario,Plus,7.49,1,1,5.03,0,,53.63
U102561,2025-05-04,Organic,Atlantic,Free,10.91,1,1,8.07,0,,0.0
U102708,2024-07-12,Search,Atlantic,Plus,7.74,0,1,17.93,0,,220.63
U100659,2025-01-24,Referral,Quebec,Free,8.36,1,1,11.4,0,,0.0
U100990,2025-02-17,Organic,Ontario,PLUS,14.65,0,1,10.6,0,,155.87
U102031,2024-09-17,Search,Ontario,Free,7.19,1,1,15.7,1,2025-09-02,0.0
U101514,2024-08-17,Native,Alberta,Free,11.51,1,1,16.73,1,2025-03-30,0.0
U101636,2025-10-09,Video,Atlantic,Free,1.65,1,0,2.8,0,,0.0
U100329,2024-12-02,Display,Alberta,Free,3.35,1,0,13.17,0,,0.0
U100385,2024-08-19,Referral,Atlantic,Free,1.96,1,1,16.67,0,,0.0
U101603,2025-09-15,Organic,Ontario,Plus,1.91,0,1,3.6,0,,60.87
U102430,2025-11-05,Display,Quebec,Free,3.48,0,0,1.9,1,2025-11-19,0.0
U102763,2025-05-25,Connected TV,Quebec,Free,3.49,1,0,7.37,0,,0.0
U100314,2025-01-31,Video,Ontario,Plus,11.48,0,0,11.17,0,,138.27
U102457,2024-09-19,Organic,Atlantic,Premium,4.24,1,1,15.63,0,,552.33
U101478,2025-07-15,Connected TV,British Columbia,Plus,6.85,1,0,5.67,0,,54.29
U102311,2024-11-19,Video,Ontario,Free,5.65,1,0,13.6,0,,0.0
U100197,2025-10-02,Search,Ontario,Free,0.58,1,1,3.03,0,,0.0
U102166,2025-04-23,Referral,Ontario,Plus,13.74,1,0,8.43,0,,145.71
U101764,2024-06-27,Display,British Columbia,Free,7.4,1,0,18.43,1,2025-07-31,0.0
U100076,2024-10-30,Display,British Columbia,Free,6.42,1,1,14.27,0,,0.0
U100243,2024-11-18,Search,British Columbia,Plus,6.43,1,1,13.63,0,,124.4
U100957,2024-09-20,Video,Ontario,Premium,5.37,1,1,15.6,0,,811.18
U101489,2024-10-21,Display,Quebec,Free,3.37,1,1,14.57,1,2024-12-08,0.0
U102975,2024-11-05,Native,Ontario,Free,3.43,0,1,14.07,1,2025-01-02,0.0
U100878,2025-06-10,Referral,Ontario,Free,21.55,0,0,6.83,1,2025-12-26,0.0
U100167,2024-10-08,Organic,Quebec,Plus,5.72,1,1,15.0,0,,119.03
U100845,2025-05-12,Organic,Quebec,Plus,1.42,0,0,7.8,0,,77.91
U100189,2025-05-18,Search,Quebec,Free,2.23,1,1,7.6,0,,0.0
U102846,2024-09-07,Display,Ontario,Plus,4.16,0,0,16.03,1,2024-12-02,23.07
U102005,2024-06-14,Organic,Ontario,Premium,7.01,1,1,18.87,0,,355.6
U102760,2024-09-28,Connected TV,Ontario,Free,1.35,1,1,15.33,0,,0.0
U101839,2024-06-16,Native,Ontario,Plus,7.45,1,1,18.8,0,,199.36
U101538,2025-06-29,Display,Quebec,Free,6.08,1,0,6.2,0,,0.0
U101166,2025-09-07,Video,Alberta,Free,2.72,0,0,3.87,0,,0.0
U102678,2024-12-13,Organic,Ontario,Plus,4.02,1,1,12.8,0,,187.28
U101367,2025-11-11,Display,British Columbia,Plus,10.31,0,0,1.7,0,,16.13
U101378,2025-11-30,Connected TV,Quebec,Free,2.71,1,1,1.07,0,,0.0
U102440,2025-08-12,Referral,Ontario,Free,7.55,1,0,4.73,0,,0.0
U101715,2025-01-19,Native,Ontario,Free,2.67,1,0,11.57,1,2025-06-09,0.0
U100948,2025-11-07,Search,Ontario,Free,12.21,1,1,1.83,0,,0.0
U100499,2025-04-13,Display,British Columbia,Plus,2.63,1,1,8.77,1,2025-12-13,106.47
U100171,2025-05-01,Display,Ontario,Free,9.44,1,0,8.17,1,2025-05-27,0.0
U100534,2024-07-25,Video,British Columbia,Plus,6.17,0,1,17.5,1,2024-12-25,45.57
U100434,2025-05-25,Connected TV,Ontario,Free,6.48,1,1,7.37,0,,0.0
U101195,2025-06-12,Display,Quebec,Free,0.36,0,1,6.77,1,2025-08-14,0.0
U100701,2024-12-20,Search,British Columbia,Free,4.93,0,1,12.57,1,2025-04-08,0.0
U100508,2025-05-08,Display,Quebec,Free,0.99,1,0,7.93,0,,0.0
U100720,2025-05-28,Referral,Ontario,Free,6.42,0,1,7.27,1,2025-08-04,0.0
U100938,2025-02-17,Organic,Ontario,Premium,27.37,1,1,10.6,0,,273.03
U102944,2025-11-10,Video,Alberta,Plus,1.41,1,1,1.73,0,,12.35
U100282,2025-04-05,Display,British Columbia,Free,2.55,1,1,9.03,0,,0.0
U101745,2024-12-27,Referral,Quebec,Free,18.85,0,1,12.33,0,,0.0
U102428,2024-10-09,Connected TV,Alberta,Plus,4.5,1,1,14.97,0,,277.44
U102104,2024-08-29,Native,Atlantic,Plus,4.66,1,1,16.33,0,,158.13
U101986,2024-09-09,Display,British Columbia,Free,8.93,0,1,15.97,0,,0.0
U101557,2025-03-30,Video,Ontario,Plus,3.04,0,1,9.23,0,,115.53
U100988,2025-06-03,Organic,Ontario,Free,13.02,0,0,7.07,0,,0.0
U102980,2025-05-08,Referral,Ontario,Free,4.6,0,1,7.93,0,,0.0
U101287,2024-08-17,Native,Ontario,Free,6.46,0,1,16.73,0,,0.0
U102098,2025-01-17,Organic,Ontario,Premium,3.36,1,1,11.63,0,,457.16
U102249,2025-03-06,Native,Quebec,Plus,6.34,0,0,10.03,0,,148.13
U102623,2025-03-05,Search,Alberta,Free,17.52,0,1,10.07,0,,0.0
U101397,2025-04-10,Organic,Ontario,Free,6.17,1,1,8.87,0,,0.0
U100500,2024-09-17,Search,British Columbia,Free,2.36,1,0,15.7,0,,0.0
U101385,2024-07-12,Referral,Ontario,Plus,1.7,1,0,17.93,1,2024-12-30,39.8
U102380,2025-06-02,Search,Quebec,Free,5.96,1,1,7.1,1,2025-11-24,0.0
U102491,2024-06-06,Display,Atlantic,Plus,4.86,1,0,19.13,0,,296.69
U100947,2024-10-16,Connected TV,Quebec,Plus,8.45,0,1,14.73,0,,149.67
U102935,2024-10-25,Display,Quebec,Free,6.04,0,1,14.43,0,,0.0
U101607,2025-11-12,Connected TV,Quebec,Free,6.48,1,1,1.67,0,,0.0
U101956,2025-06-07,Display,British Columbia,Premium,10.17,0,1,6.93,0,,306.51
U100522,2024-10-24,Video,Quebec,Plus,3.42,1,0,14.47,0,,195.16
U100751,2025-10-15,Organic,Alberta,Free,8.23,1,1,2.6,0,,0.0
U100253,2025-07-07,Search,Ontario,Free,4.36,1,0,5.93,1,2025-08-09,0.0
U100686,2025-02-01,Organic,Ontario,Free,13.13,1,0,11.13,0,,0.0
U100997,2024-09-03,Display,British Columbia,Plus,2.75,1,0,16.17,0,,204.83
U101392,2024-11-05,Native,Ontario,Plus,5.51,1,1,14.07,0,,187.02
U101794,2024-07-17,Native,Quebec,Free,3.31,0,1,17.77,0,,0.0
U101511,2025-04-12,Display,Ontario,Plus,1.42,1,1,8.8,0,,57.4
U101192,2024-11-25,Referral,Quebec,Premium,13.24,0,0,13.4,0,,526.18
U102757,2025-02-13,Organic,Alberta,Plus,5.09,1,1,10.73,0,,125.69
U102437,2024-10-23,Search,Quebec,Free,7.07,1,1,14.5,0,,0.0
U102872,2024-10-11,Search,Quebec,Free,2.77,1,1,14.9,0,,0.0
U101003,2025-11-22,Display,Quebec,Plus,8.59,0,1,1.33,0,,11.95
U100464,2025-02-25,Search,Alberta,Plus,2.53,0,1,10.33,0,,101.84
U101453,2025-11-23,Referral,Ontario,Premium,18.65,1,0,1.3,1,2025-12-07,5.09
U101945,2025-01-18,Native,British Columbia,Free,16.4,1,1,11.6,0,,0.0
U101173,2025-08-11,Referral,Alberta,Free,7.37,1,0,4.77,0,,0.0
U100210,2025-07-19,Search,Ontario,Premium,1.81,1,1,5.53,0,,207.7
U100428,2025-07-21,Display,Ontario,Free,6.45,1,0,5.47,0,,0.0
U101150,2025-02-07,Display,Alberta,Free,8.79,0,1,10.93,0,,0.0
U101709,2025-04-24,Organic,Ontario,Plus,8.04,1,1,8.4,0,,144.61
U102672,2025-01-13,Organic,Ontario,Free,9.35,0,1,11.77,0,,0.0
U102449,2025-10-17,Search,Ontario,Free,16.59,0,1,2.53,0,,0.0
U102984,2024-06-06,Search,Alberta,Free,5.53,1,1,19.13,0,,0.0
U102644,2024-08-16,Display,Ontario,Free,3.77,0,1,16.77,0,,0.0
U102395,2024-06-19,Video,Quebec,Free,10.57,1,0,18.7,0,,0.0
U102027,2024-11-12,Video,Ontario,Premium,3.02,1,1,13.83,0,,319.42
U102572,2025-10-21,Referral,Quebec,Free,4.7,1,0,2.4,1,2025-11-14,0.0
U100258,2025-09-18,Search,British Columbia,Free,4.36,1,1,3.5,0,,0.0
U100405,2025-05-14,Search,Atlantic,Plus,11.64,1,0,7.73,0,,96.06
U101451,2025-11-28,Referral,Alberta,Free,8.61,1,0,1.13,0,,0.0
U101332,2025-07-08,Referral,Alberta,Free,29.7,1,1,5.9,0,,0.0
U102527,2024-06-01,Display,Quebec,Plus,7.54,1,0,19.3,0,,154.56
U102185,2024-11-22,Display,Ontario,Free,0.1,0,0,13.5,1,2025-09-21,0.0
U102304,2024-11-28,Connected TV,Ontario,Plus,0.77,1,1,13.3,1,2025-08-20,75.53
U100741,2024-07-29,Referral,Ontario,Plus,1.02,1,1,17.37,1,2025-06-20,111.91
U101176,2024-09-23,Video,Alberta,Free,7.93,1,1,15.5,1,2025-04-15,0.0
U100525,2024-06-09,Search,Ontario,Premium,21.24,0,1,19.03,1,2025-04-11,373.46
U102818,2024-11-30,Organic,Quebec,Free,13.84,0,0,13.23,0,,0.0
U101255,2024-10-08,Video,Ontario,Free,10.66,1,1,15.0,0,,0.0
U100245,2025-06-07,Search,Ontario,Plus,12.79,0,1,6.93,0,,90.88
U100317,2025-03-26,Display,Quebec,Free,4.34,1,0,9.37,0,,0.0
U100035,2025-09-26,Organic,Ontario,Free,8.36,1,0,3.23,0,,0.0
U100328,2025-01-01,Display,Ontario,Free,2.53,0,0,12.17,1,2025-06-24,0.0
U100272,2025-07-06,Search,Ontario,Premium,3.83,1,0,5.97,0,,259.02
U102860,2024-06-18,Display,Ontario,Free,2.12,1,1,18.73,0,,0.0
U101498,2025-05-14,Organic,Ontario,Plus,21.28,1,1,7.73,0,,52.16
U100633,2025-05-20,Connected TV,Ontario,Free,1.61,1,1,7.53,1,2025-11-29,0.0
U102863,2025-10-28,Video,Atlantic,Free,3.66,1,0,2.17,0,,0.0
U100652,2024-08-02,Video,Ontario,Free,7.93,0,1,17.23,0,,0.0
U102743,2025-10-09,Search,Ontario,Plus,6.44,1,1,2.8,0,,31.36
U102691,2024-10-19,Connected TV,Ontario,FREE,8.84,0,0,14.63,0,,0.0
U101981,2025-10-10,Search,Quebec,Free,3.09,0,0,2.77,0,,0.0
U100443,2025-03-13,Search,Ontario,Free,10.91,1,1,9.8,1,2025-04-07,0.0
U101599,2024-12-11,Referral,Ontario,Premium,2.3,1,0,12.87,0,,387.25
U102509,2024-07-31,Search,Ontario,Free,5.76,1,0,17.3,0,,0.0
U102175,2024-10-05,Video,Ontario,Free,2.43,1,0,15.1,0,,0.0
U102715,2025-09-13,Organic,Ontario,Premium,9.96,1,1,3.67,0,,88.77
U102883,2025-11-27,Referral,Quebec,Free,3.56,1,1,1.17,0,,0.0
U101261,2025-10-25,Video,Quebec,Plus,18.25,0,0,2.27,0,,25.86
U101045,2024-12-04,Connected TV,British Columbia,Free,2.32,1,0,13.1,1,2025-09-05,0.0
U102182,2025-06-09,Display,Ontario,Free,9.28,1,0,6.87,0,,0.0
U102604,2025-10-18,Organic,Quebec,Plus,8.65,1,1,2.5,0,,33.51
U101658,2025-02-14,Organic,Ontario,Free,5.49,1,1,10.7,0,,0.0
U100530,2025-07-22,Search,Ontario,Free,3.57,1,1,5.43,1,2025-12-21,0.0
U102681,2025-03-07,Search,Ontario,Plus,12.48,1,0,10.0,0,,139.02
U101710,2024-07-14,Video,,Free,,1,0,17.87,1,2025-02-12,0.0
U101820,2024-11-10,Native,Alberta,Free,8.57,1,1,13.9,0,,0.0
U102856,2025-08-21,Video,Ontario,Free,4.59,1,0,4.43,0,,0.0
U100541,2024-10-30,Display,Ontario,Free,13.79,1,0,14.27,0,,0.0
U101777,2025-08-27,Display,Alberta,Premium,1.78,1,0,4.23,0,,128.19
U101685,2025-11-22,Display,Ontario,Plus,10.13,0,1,1.33,0,,22.0
U101238,2024-08-15,Display,Quebec,Premium,3.84,1,1,16.8,0,,517.42
U101619,2024-08-11,Search,Quebec,Free,2.91,1,1,16.93,0,,0.0
U101995,2025-10-23,Display,Alberta,Free,5.12,1,0,2.33,0,,0.0
U101830,2024-06-22,Video,Ontario,Free,10.56,1,1,18.6,1,2025-10-26,0.0
U101144,2025-04-07,Referral,Atlantic,Plus,13.24,1,0,8.97,0,,108.75
U100318,2025-11-11,Display,Ontario,Free,5.5,1,0,1.7,1,2025-11-21,0.0
U101978,2024-10-19,Native,Ontario,Plus,3.84,1,0,14.63,0,,164.82
U100473,2025-01-21,Organic,Ontario,Plus,3.83,1,0,11.5,1,2025-10-25,78.96
U101339,2025-09-04,Search,British Columbia,Free,5.81,1,1,3.97,0,,0.0
U100955,2024-07-10,Video,Alberta,Plus,7.16,1,1,18.0,1,2025-03-23,131.53
U102048,2024-09-20,Referral,Ontario,Free,9.19,1,1,15.6,0,,0.0
U100156,2025-11-21,Organic,Quebec,Plus,28.17,0,0,1.37,0,,16.72
U101689,2025-04-20,Search,Ontario,Free,0.88,1,0,8.53,0,,0.0
U100150,2025-07-04,Search,Quebec,Free,4.16,1,1,6.03,0,,0.0
U100353,2025-10-13,Video,British Columbia,Premium,9.7,1,1,2.67,0,,87.61
U101583,2025-09-06,Organic,Quebec,Free,3.49,0,0,3.9,1,2025-09-28,0.0
U101429,2024-10-24,Video,Ontario,Premium,30.32,1,1,14.47,0,,630.57
U101252,2025-02-25,Native,British Columbia,Premium,10.75,1,1,10.33,0,,349.0
U101868,2024-10-09,Display,Quebec,Plus,12.67,0,0,14.97,1,2025-11-22,179.71
U102609,2024-10-11,Video,Quebec,Plus,2.74,1,1,14.9,0,,245.4
U100118,2025-07-11,Video,Ontario,Free,4.31,1,0,5.8,0,,0.0
U100754,2025-03-18,Organic,Alberta,Plus,1.67,1,1,9.63,0,,82.91
U101628,2025-08-18,Video,Atlantic,Premium,3.72,1,1,4.53,0,,160.43
U102246,2025-07-29,Search,Ontario,Free,10.18,1,0,5.2,0,,0.0
U102244,2025-07-29,Search,British Columbia,Free,7.42,1,0,5.2,1,2025-09-21,0.0
U102424,2025-05-15,Organic,Quebec,Plus,9.12,1,0,7.7,0,,78.5
U100343,2024-07-07,Search,Ontario,Plus,4.65,1,1,18.1,1,2025-10-06,148.15
U102296,2024-09-06,Search,Alberta,Free,10.15,1,1,16.07,0,,0.0
U100818,2024-09-30,Referral,British Columbia,Plus,15.67,0,0,15.27,0,,232.99
U101058,2025-05-02,Video,Atlantic,Free,2.24,1,0,8.13,0,,0.0
U101207,2024-09-09,Referral,Alberta,Plus,22.53,1,1,15.97,1,2025-06-04,93.65
U102406,2025-09-10,Organic,Ontario,Plus,6.03,1,1,3.77,0,,40.64
U100518,2025-03-31,Search,Quebec,Free,8.49,1,1,9.2,0,,0.0
U100060,2025-02-23,Organic,Ontario,Plus,18.83,1,0,10.4,0,,98.38
U102258,2025-05-13,Search,Ontario,Premium,9.15,0,1,7.77,0,,263.57
U101809,2025-05-10,Referral,Ontario,Plus,12.31,1,0,7.87,0,,120.4
U101561,2024-06-15,Search,Alberta,Free,13.29,0,1,18.83,0,,0.0
U102819,2025-09-28,Organic,British Columbia,Free,4.61,1,0,3.17,0,,0.0
U101720,2025-10-22,Connected TV,Ontario,Free,6.67,1,1,2.37,1,2025-12-26,0.0
U100616,2025-09-22,Display,Alberta,Plus,13.86,1,1,3.37,0,,57.68
U100174,2025-11-17,Display,Ontario,Free,6.19,1,0,1.5,0,,0.0
U102498,2025-03-05,Search,Quebec,Free,7.98,1,0,10.07,0,,0.0
U102535,2025-11-22,Search,British Columbia,Free,9.59,1,1,1.33,1,2025-12-02,0.0
U102908,2024-08-26,Native,Ontario,Plus,7.06,0,1,16.43,0,,193.87
U102088,2025-03-08,Native,Atlantic,Plus,14.25,1,1,9.97,0,,185.32
U101057,2025-05-10,Search,Ontario,Premium,13.16,1,0,7.87,0,,242.28
U101977,2025-04-11,Search,Quebec,Plus,2.51,0,1,8.83,0,,92.64
U100402,2025-06-19,Native,Alberta,Free,0.1,1,1,6.53,0,,0.0
U100069,2024-09-11,Video,Ontario,Plus,1.06,1,1,15.9,1,2025-07-17,116.15
U100851,2025-07-12,Organic,Ontario,Premium,1.01,0,1,5.77,0,,212.87
U100561,2025-10-06,Organic,Ontario,Plus,7.76,0,0,2.9,0,,39.18
U102871,2025-01-16,Referral,Ontario,Free,4.25,0,0,11.67,1,2025-09-01,0.0
U102512,2025-02-18,Display,British Columbia,Free,25.82,1,1,10.57,0,,0.0
U102312,2025-01-24,Referral,Ontario,Plus,4.64,1,0,11.4,0,,164.83
U102598,2024-09-20,Connected TV,Alberta,Plus,6.56,0,1,15.6,1,2025-05-16,65.58
U100477,2025-09-28,Search,British Columbia,Plus,8.23,0,0,3.17,0,,36.89
U101543,2025-04-16,Connected TV,Alberta,Plus,8.42,1,1,8.67,0,,48.02
U101647,2025-10-09,Search,Alberta,Free,4.21,1,0,2.8,0,,0.0
U102669,2025-02-04,Native,Ontario,Premium,16.32,1,1,11.03,0,,441.45
U101899,2025-08-13,Referral,Alberta,Premium,9.7,1,1,4.7,0,,91.16
U100815,2024-07-02,Connected TV,Ontario,Free,3.33,1,1,18.27,1,2025-08-07,0.0
U102324,2024-08-03,Connected TV,Quebec,Plus,5.89,1,0,17.2,0,,208.53
U100325,2025-09-06,Display,Ontario,Free,6.35,1,1,3.9,0,,0.0
U101167,2025-10-22,Connected TV,British Columbia,Free,0.95,1,1,2.37,1,2025-11-15,0.0
U100006,2025-01-27,Search,Quebec,Premium,20.94,1,1,11.3,0,,329.33
U101112,2025-02-05,Video,Ontario,Premium,2.62,1,1,11.0,0,,272.72
U102022,2025-02-12,Search,Ontario,FREE,6.29,1,1,10.77,0,,0.0
U100420,2025-04-15,Display,Ontario,Premium,11.2,1,0,8.7,0,,434.52
U101772,2025-01-12,Referral,British Columbia,Plus,11.13,1,1,11.8,0,,112.17
U102266,2025-11-24,Native,Ontario,Free,6.52,1,0,1.27,1,2025-11-29,0.0
U102114,2025-04-01,Search,Ontario,Free,9.62,1,0,9.17,0,,0.0
U102251,2024-08-21,Search,British Columbia,Plus,3.57,1,0,16.6,0,,150.34
U100088,2025-06-15,Connected TV,British Columbia,Premium,4.5,0,0,6.67,0,,84.0
U101364,2025-08-25,Connected TV,Ontario,Premium,15.62,1,1,4.3,1,2025-11-09,87.78
U101241,2024-11-28,Organic,Alberta,Free,8.27,1,1,13.3,0,,0.0
U102852,2025-11-23,Native,British Columbia,Free,5.27,0,1,1.3,0,,0.0
U101787,2025-08-14,Organic,British Columbia,Free,4.84,1,0,4.67,1,2025-10-23,0.0
U102328,2025-04-17,Search,Ontario,Plus,2.31,1,1,8.63,0,,102.02
U100951,2025-02-25,Display,Alberta,Free,8.1,0,1,10.33,0,,0.0
U102968,2025-11-22,Display,Quebec,Plus,7.34,1,1,1.33,0,,14.27
U101134,2025-03-24,Referral,Ontario,Free,11.95,0,1,9.43,0,,0.0
U100383,2025-05-30,Organic,Ontario,Free,14.13,1,0,7.2,0,,0.0
U101845,2024-11-24,Referral,British Columbia,Free,16.78,1,0,13.43,1,2025-01-15,0.0
U100614,2024-11-08,Display,Ontario,Plus,4.09,1,1,13.97,0,,146.15
U100059,2025-11-15,Search,British Columbia,Free,7.12,0,0,1.57,1,2025-12-23,0.0
U100219,2025-10-31,Video,Alberta,Free,2.96,1,0,2.07,1,2025-11-25,0.0
U100099,2024-06-15,Display,Quebec,Free,1.04,1,1,18.83,0,,0.0
U102081,2024-07-26,Organic,Ontario,Free,15.87,0,1,17.47,0,,0.0
U102735,2024-10-19,Display,Quebec,Free,5.45,0,0,14.63,0,,0.0
U102764,2025-11-27,Organic,Ontario,Plus,15.19,1,1,1.17,0,,13.45
U101846,2024-08-07,Organic,British Columbia,Plus,14.49,0,1,17.07,0,,97.93
U100555,2025-10-10,Video,Ontario,PREMIUM,10.14,1,0,2.77,0,,100.66
U100873,2025-07-29,Video,Ontario,Plus,2.89,1,1,5.2,0,,13.25
U100862,2025-07-24,Video,Ontario,Free,11.67,1,1,5.37,0,,0.0
U102029,2025-06-06,Display,Ontario,Free,7.9,0,1,6.97,0,,0.0
U100637,2024-07-01,Native,British Columbia,Premium,3.95,1,1,18.3,0,,374.95
U101695,2025-05-26,Video,Quebec,Premium,5.15,1,1,7.33,0,,347.34
U100432,2025-04-25,Search,Ontario,Premium,4.45,1,0,8.37,0,,270.17
U100223,2024-11-20,Video,Ontario,Free,3.46,1,1,13.57,0,,0.0
U100928,2024-11-30,Search,Quebec,Free,4.61,0,0,13.23,1,2025-05-21,0.0
U100772,2025-03-14,Native,Ontario,Free,14.94,1,0,9.77,1,2025-10-14,0.0
U102148,2025-11-26,Referral,Quebec,Free,8.74,0,1,1.2,1,2025-12-10,0.0
U100813,2025-04-30,Referral,Alberta,Free,5.28,1,0,8.2,0,,0.0
U101149,2024-06-12,Connected TV,Quebec,Plus,12.09,1,0,18.93,1,2025-06-26,161.52
U102907,2024-12-20,Native,Quebec,Free,6.67,1,0,12.57,0,,0.0
U102255,2025-01-28,Organic,,Free,,1,0,11.27,0,,
U102075,2024-08-23,Organic,Ontario,Free,5.69,1,0,16.53,0,,0.0
U101691,2025-04-07,Video,Ontario,Free,4.32,1,1,8.97,1,2025-07-21,0.0
U101081,2025-05-26,Video,Ontario,Free,2.44,1,1,7.33,1,2025-08-14,0.0
U100780,2024-12-03,Display,Ontario,Free,10.92,1,0,13.13,0,,0.0
U100779,2024-07-11,Native,British Columbia,Plus,7.68,1,1,17.97,0,,186.37
U100361,2024-06-28,Video,British Columbia,Plus,2.65,1,1,18.4,0,,114.48
U102682,2024-06-27,Native,Ontario,Free,2.03,0,0,18.43,0,,0.0
U101068,2025-07-22,Display,Quebec,Free,2.0,1,0,5.43,0,,0.0
U102878,2025-08-01,Video,Quebec,Premium,14.87,1,1,5.1,0,,169.1
U102435,2025-04-01,Connected TV,Quebec,Free,1.37,1,1,9.17,0,,0.0
U101111,2025-03-13,Organic,Quebec,Premium,17.47,1,1,9.8,0,,316.71
U100895,2025-06-11,Organic,Ontario,Plus,2.44,1,1,6.8,0,,115.15
U102654,2025-10-15,Native,Ontario,Plus,1.77,1,0,2.6,0,,34.59
U101034,2025-10-30,Display,British Columbia,Plus,4.94,1,0,2.1,0,,24.34
U101297,2024-09-14,Organic,Ontario,Free,5.78,1,1,15.8,1,2025-05-02,0.0
U100025,2025-05-01,Search,Quebec,Free,22.08,0,1,8.17,0,,0.0
U100168,2024-08-23,Search,Ontario,Plus,5.98,1,1,16.53,1,2025-04-07,108.06
U101474,2025-10-23,Video,Ontario,Free,15.27,1,0,2.33,0,,0.0
U100085,2025-03-29,Referral,Atlantic,Free,2.63,1,0,9.27,0,,0.0
U100365,2024-06-12,Organic,Ontario,Plus,2.77,1,1,18.93,0,,143.66
U100585,2024-10-20,Connected TV,Atlantic,Plus,8.82,1,1,14.6,0,,172.34
U102635,2025-04-29,Search,Alberta,Free,14.1,1,0,8.23,1,2025-05-12,0.0
U100594,2025-01-11,Native,Ontario,Plus,12.12,1,1,11.83,0,,130.55
U102651,2025-05-03,Search,Quebec,Free,0.44,1,1,8.1,0,,0.0
U101844,2024-10-24,Video,British Columbia,Free,6.06,1,1,14.47,0,,0.0
U102912,2024-06-03,Connected TV,Quebec,Premium,4.37,1,1,19.23,0,,633.86
U100760,2024-11-07,Search,Ontario,Premium,5.16,0,1,14.0,0,,339.58
U100140,2024-12-15,Organic,British Columbia,Free,10.61,1,1,12.73,0,,0.0
U101701,2024-11-28,Referral,Quebec,Plus,6.24,1,1,13.3,0,,118.52
U101562,2025-06-08,Video,Alberta,Premium,11.73,1,1,6.9,0,,293.79
U100086,2025-08-08,Search,Alberta,FREE,6.37,1,1,4.87,1,2025-10-01,0.0
U101512,2024-12-26,Display,Alberta,Plus,2.58,0,1,12.37,1,2025-04-02,33.57
U101130,2025-10-15,Organic,Ontario,Plus,6.48,1,0,2.6,0,,32.21
U102445,2024-09-14,Connected TV,British Columbia,Plus,0.79,1,1,15.8,0,,186.42
U101912,2025-05-26,Video,Alberta,Premium,5.07,1,1,7.33,0,,253.19
U101160,2024-08-17,Video,Quebec,Free,4.15,0,1,16.73,1,2025-09-03,0.0
U100910,2024-06-16,Connected TV,British Columbia,Free,11.88,1,1,18.8,0,,0.0
U101549,2025-08-14,Display,Ontario,Free,8.45,1,0,4.67,0,,0.0
U102797,2024-06-26,Search,,Plus,,1,0,18.47,0,,240.31
U101281,2025-10-16,Native,Alberta,Plus,11.61,1,1,2.57,0,,26.22
U100108,2025-10-19,Display,British Columbia,Plus,8.44,0,1,2.47,0,,29.15
U101813,2024-06-23,Search,Alberta,Free,4.53,0,1,18.57,0,,0.0
U100840,2025-09-03,Display,Ontario,Premium,5.41,0,0,4.0,0,,156.68
U102806,2024-11-10,Video,Alberta,Premium,4.63,1,1,13.9,0,,531.95
U100349,2025-06-14,Search,Alberta,Plus,2.38,0,0,6.7,0,,99.15
U101778,2025-10-28,Video,British Columbia,Free,7.69,1,1,2.17,1,2025-11-22,0.0
U101767,2025-03-10,Native,Quebec,Free,12.96,1,1,9.9,1,2025-07-01,0.0
U102949,2024-07-29,Display,Ontario,Premium,3.32,0,0,17.37,0,,440.59
U101640,2024-07-20,Search,Ontario,Free,6.77,1,0,17.67,0,,0.0
U101959,2024-09-21,Search,British Columbia,Free,5.19,1,0,15.57,1,2024-12-30,0.0
U102121,2025-07-16,Native,Quebec,Plus,6.55,1,1,5.63,0,,79.79
U102502,2024-06-29,Connected TV,Ontario,Plus,8.67,0,0,18.37,0,,257.13
U101626,2024-11-16,Search,Ontario,Free,3.89,0,1,13.7,0,,0.0
U102800,2024-08-29,Organic,Ontario,Premium,3.19,1,0,16.33,0,,724.62
U102855,2024-06-29,Connected TV,Quebec,Plus,4.54,1,0,18.37,0,,101.83
U102228,2025-07-01,Native,Ontario,Free,10.55,1,0,6.13,1,2025-09-20,0.0
U102496,2025-04-22,Search,Alberta,Plus,3.15,0,0,8.47,0,,123.73
U101005,2024-12-18,Search,Ontario,Free,3.56,1,1,12.63,0,,0.0
U101311,2024-10-01,Organic,Alberta,Plus,2.18,1,0,15.23,0,,86.6
U102288,2025-08-13,Connected TV,Ontario,Free,8.12,0,1,4.7,1,2025-12-09,0.0
U102873,2025-04-01,Display,Quebec,Free,7.32,0,0,9.17,0,,0.0
U101721,2025-08-03,Search,Alberta,Free,1.78,1,0,5.03,1,2025-10-27,0.0
U100980,2024-07-10,Organic,Alberta,Free,10.24,0,0,18.0,0,,0.0
U102456,2025-04-06,Connected TV,Ontario,Free,5.72,1,1,9.0,0,,0.0
U102303,2024-08-21,Display,Alberta,Free,6.07,1,0,16.6,0,,0.0
U102666,2025-02-03,Display,Atlantic,Free,4.52,0,1,11.07,1,2025-12-21,0.0
U100352,2024-10-12,Organic,British Columbia,Premium,3.27,1,0,14.87,0,,648.02
U101395,2025-01-31,Search,Quebec,FREE,7.87,0,1,11.17,0,,0.0
U101992,2025-08-09,Organic,Ontario,Free,22.16,0,0,4.83,0,,0.0
U101325,2024-06-21,Referral,Ontario,Plus,2.66,0,1,18.63,1,2024-07-16,7.81
U101393,2025-02-14,Organic,Alberta,Plus,6.26,1,0,10.7,0,,84.31
U102049,2025-09-29,Display,Quebec,Plus,5.71,1,1,3.13,0,,30.08
U102835,2025-11-19,Display,Atlantic,Free,8.07,1,0,1.43,0,,0.0
U102652,2025-05-23,Organic,British Columbia,Free,4.65,1,1,7.43,0,,0.0
U100724,2024-12-15,Display,Ontario,Plus,8.7,0,1,12.73,0,,173.13
U102316,2025-08-26,Search,Ontario,Plus,5.41,1,1,4.27,0,,44.83
U101732,2024-06-19,Search,British Columbia,Free,2.56,1,1,18.7,0,,0.0
U101668,2025-05-04,Native,Atlantic,Plus,6.38,1,1,8.07,0,,96.66
U101633,2024-10-06,Search,Quebec,Plus,5.99,1,1,15.07,0,,263.12
U102881,2025-01-27,Referral,Quebec,Free,6.29,0,0,11.3,0,,0.0
U100698,2024-10-16,Organic,British Columbia,Premium,4.18,0,0,14.73,1,2024-12-19,62.82
U100481,2024-12-08,Video,Quebec,Premium,5.36,1,1,12.97,0,,457.19
U102329,2024-06-13,Organic,Ontario,Plus,2.59,1,0,18.9,0,,273.01
U101078,2025-02-10,Video,Ontario,Free,5.28,1,1,10.83,0,,0.0
U100095,2024-08-21,Search,Ontario,Free,4.25,1,0,16.6,1,2024-12-01,0.0
U100903,2025-04-25,Display,,Free,,0,0,8.37,1,2025-12-10,
U102409,2025-05-23,Video,Ontario,Free,4.39,1,0,7.43,0,,0.0
U101185,2025-11-27,Display,Quebec,Free,2.65,1,1,1.17,0,,0.0
U102351,2024-11-17,Native,Ontario,Premium,3.69,1,1,13.67,0,,373.53
U100136,2025-09-22,Organic,Atlantic,Free,14.93,1,0,3.37,0,,0.0
U101449,2025-02-15,Connected TV,Ontario,Free,3.04,1,1,10.67,0,,0.0
U101096,2025-02-04,Search,Atlantic,Free,2.44,1,0,11.03,0,,0.0
U100396,2024-12-21,Search,Quebec,Plus,9.13,1,1,12.53,0,,129.88
U101441,2024-06-04,Organic,British Columbia,Free,4.32,1,1,19.2,0,,0.0
U101404,2025-03-31,Referral,British Columbia,Free,10.92,1,1,9.2,0,,0.0
U102705,2025-08-14,Referral,Ontario,PREMIUM,11.26,0,0,4.67,0,,95.71
U101092,2025-06-08,Search,Ontario,Premium,18.5,0,0,6.9,0,,207.73
U100249,2024-10-15,Organic,British Columbia,Free,8.52,1,0,14.77,1,2025-03-17,0.0
U101199,2025-01-25,Display,Atlantic,Free,3.05,1,0,11.37,0,,0.0
U101108,2024-12-18,Search,Alberta,Plus,5.73,1,1,12.63,0,,138.0
U102170,2025-11-07,Search,Quebec,Free,4.35,0,0,1.83,0,,0.0
U101234,2024-09-03,Display,Ontario,Free,12.21,1,0,16.17,0,,0.0
U102053,2025-06-01,Organic,Atlantic,Plus,5.17,1,0,7.13,0,,45.42
U102594,2025-04-04,Search,Atlantic,Free,3.32,0,1,9.07,0,,0.0
U100635,2024-09-27,Organic,Alberta,Premium,13.74,1,0,15.37,0,,517.47
U100077,2025-03-24,Display,Ontario,Plus,4.0,0,0,9.43,0,,117.57
U101269,2025-02-01,Connected TV,Quebec,Free,6.84,1,0,11.13,0,,0.0
U100513,2025-09-24,Display,Ontario,Premium,20.63,0,1,3.3,0,,117.53
U101340,2025-07-19,Organic,Ontario,Free,7.97,1,1,5.53,0,,0.0
U102889,2024-11-23,Search,Ontario,Premium,5.11,1,0,13.47,0,,522.82
U100958,2025-05-24,Display,Quebec,Premium,2.24,1,1,7.4,0,,164.21
U102567,2025-10-03,Search,Ontario,Free,2.17,1,1,3.0,0,,0.0
U102864,2025-02-10,Organic,Ontario,Plus,21.88,1,0,10.83,0,,144.05
U100837,2025-11-28,Search,Atlantic,Premium,3.58,0,0,1.13,0,,34.55
U100599,2025-10-05,Organic,British Columbia,Free,5.3,0,0,2.93,0,,0.0
U100987,2024-10-11,Video,Quebec,Free,3.79,1,1,14.9,0,,0.0
U102584,2025-04-07,Search,Ontario,Free,1.14,0,1,8.97,0,,0.0
U101842,2025-02-10,Native,Atlantic,Free,13.61,1,0,10.83,0,,0.0
U102947,2024-06-29,Organic,Alberta,Plus,3.78,1,1,18.37,0,,198.31
U102544,2024-07-12,Video,Ontario,Free,0.67,1,1,17.93,1,2025-09-03,0.0
U101615,2025-05-08,Native,Quebec,Premium,3.62,0,0,7.93,0,,163.1
U100104,2025-01-16,Display,Ontario,Free,8.32,0,1,11.67,0,,0.0
U101362,2024-08-08,Search,Ontario,Free,7.51,1,1,17.03,1,2024-10-27,0.0
U100207,2024-10-03,Native,Ontario,Free,1.08,1,0,15.17,0,,0.0
U101217,2024-09-07,Organic,Alberta,Free,7.84,1,0,16.03,0,,0.0
U102431,2025-07-01,Referral,Quebec,Premium,19.69,1,0,6.13,0,,172.74
U101288,2025-11-14,Organic,Ontario,Premium,19.74,1,1,1.6,0,,56.24
U101021,2025-09-26,Search,Quebec,Free,8.23,1,1,3.23,0,,0.0
U100044,2024-06-21,Search,Ontario,Premium,17.29,1,0,18.63,0,,709.19
U101377,2025-09-12,Native,Quebec,Free,8.79,0,1,3.7,1,2025-12-24,0.0
U100857,2025-10-13,Search,Ontario,Free,6.59,0,1,2.67,1,2025-11-26,0.0
U101594,2024-10-29,Search,Ontario,Free,4.67,1,0,14.3,1,2025-12-08,0.0
U102046,2025-04-20,Search,Ontario,Plus,5.63,1,1,8.53,0,,136.32
U101865,2025-10-27,Connected TV,Ontario,Plus,4.71,0,0,2.2,0,,21.73
U102854,2024-11-02,Video,Alberta,Free,4.79,1,0,14.17,0,,0.0
U101891,2024-09-17,Connected TV,British Columbia,Plus,2.39,0,1,15.7,0,,227.12
U102911,2025-05-22,Connected TV,Quebec,Free,4.91,1,1,7.47,0,,0.0
U101213,2025-05-02,Search,Ontario,Plus,5.43,1,1,8.13,0,,100.73
U102676,2025-09-26,Display,Ontario,Premium,14.88,1,1,3.23,0,,106.9
U101877,2025-03-02,Search,Ontario,Free,2.1,1,0,10.17,0,,0.0
U102657,2024-11-11,Search,British Columbia,Plus,3.5,0,0,13.87,0,,116.99
U102192,2024-07-22,Organic,Ontario,Premium,2.55,0,0,17.6,0,,707.76
U102052,2025-06-07,Display,Quebec,Plus,13.13,1,1,6.93,0,,24.55
U100162,2025-01-01,Referral,Ontario,Free,12.66,0,1,12.17,1,2025-05-06,0.0
U102113,2025-02-15,Video,Alberta,Plus,2.21,1,0,10.67,0,,126.17
U101576,2025-07-29,Organic,Alberta,Free,7.72,1,1,5.2,0,,0.0
U100570,2025-02-26,Search,Atlantic,Free,13.42,1,1,10.3,0,,0.0
U101810,2025-03-20,Organic,Quebec,Free,18.27,0,0,9.57,0,,0.0
U101533,2025-05-02,Organic,Alberta,Plus,7.14,0,0,8.13,0,,87.13
U101009,2024-09-17,Connected TV,Ontario,Plus,5.99,1,0,15.7,0,,213.28
U101350,2024-06-27,Connected TV,Quebec,Plus,7.37,1,0,18.43,0,,166.52
U100597,2025-10-21,Video,Atlantic,Plus,7.87,1,1,2.4,0,,27.81
U100984,2025-02-01,Connected TV,Atlantic,Free,8.37,1,0,11.13,1,2025-09-30,0.0
U102696,2025-09-01,Native,Ontario,Free,6.15,1,1,4.07,0,,0.0
U101578,2025-02-16,Organic,Ontario,Premium,10.52,1,1,10.63,0,,397.72
U101675,2024-09-13,Referral,Ontario,Plus,2.46,1,1,15.83,0,,273.43
U101879,2025-10-13,Search,Alberta,Plus,7.48,1,1,2.67,0,,37.51
U100678,2024-08-24,Referral,Ontario,Premium,1.62,1,1,16.5,0,,754.58
U102811,2025-06-04,Search,Quebec,Premium,1.07,0,1,7.03,0,,274.63
U102374,2024-09-07,Display,Ontario,Free,10.42,1,0,16.03,0,,0.0
U102520,2025-11-02,Video,British Columbia,Premium,20.03,1,1,2.0,0,,80.84
U101188,2025-04-26,Referral,British Columbia,Free,9.66,1,0,8.33,0,,0.0
U100070,2025-02-07,Display,Alberta,Plus,3.16,1,0,10.93,0,,170.47
U100919,2024-09-05,Display,Ontario,Plus,8.91,1,1,16.1,0,,212.13
U102814,2024-12-20,Organic,Ontario,Free,6.69,1,0,12.57,0,,0.0
U102003,2024-12-02,Connected TV,Ontario,Premium,9.57,1,1,13.17,0,,470.59
U100739,2025-06-09,Search,Ontario,Plus,7.97,0,1,6.87,0,,84.66
U100021,2024-08-31,Connected TV,Ontario,Free,1.25,1,1,16.27,1,2025-10-05,0.0
U102660,2025-11-02,Organic,Ontario,Plus,10.05,0,0,2.0,0,,21.61
U102999,2025-08-03,Referral,British Columbia,Plus,6.21,1,0,5.03,0,,55.23
U102963,2025-01-14,Display,Quebec,Free,6.28,1,0,11.73,0,,0.0
U100248,2024-06-14,Display,Quebec,Free,0.15,1,0,18.87,0,,0.0
U101712,2025-09-24,Video,Atlantic,Plus,13.01,0,0,3.3,1,2025-12-04,31.42
U102571,2024-09-11,Connected TV,Quebec,Plus,3.9,1,0,15.9,0,,216.74
U100649,2024-12-31,Connected TV,Ontario,Free,6.08,1,0,12.2,0,,0.0
U100205,2025-04-03,Display,Ontario,Plus,0.14,0,0,9.1,1,2025-12-22,126.51
U100571,2025-10-28,Search,British Columbia,Free,17.02,1,1,2.17,0,,0.0
U101698,2024-07-04,Search,Ontario,Plus,11.15,1,0,18.2,0,,184.04
U102477,2024-10-18,Connected TV,Alberta,Free,5.57,1,0,14.67,0,,0.0
U102313,2025-09-30,Video,Ontario,Premium,6.75,0,1,3.1,0,,75.42
U101949,2025-06-15,Organic,Quebec,Free,6.45,1,1,6.67,0,,0.0
U102686,2025-03-02,Organic,Quebec,Free,12.26,1,0,10.17,0,,0.0
U101291,2024-12-13,Display,Quebec,Plus,8.85,0,0,12.8,0,,182.8
U102958,2025-08-09,Organic,Alberta,Plus,5.52,1,1,4.83,1,2025-09-04,6.07
U101857,2025-09-10,Native,Quebec,Free,6.93,1,0,3.77,0,,0.0
U100664,2025-07-20,Connected TV,Ontario,Plus,4.67,1,1,5.5,0,,77.65
U101090,2024-08-11,Organic,Ontario,Free,2.07,1,1,16.93,0,,0.0
U100758,2025-01-10,Video,British Columbia,Free,1.47,1,0,11.87,0,,0.0
U100653,2025-08-18,Connected TV,Ontario,Free,3.87,1,0,4.53,1,2025-10-26,0.0
U100362,2025-01-04,Organic,British Columbia,Free,8.16,0,1,12.07,1,2025-05-17,0.0
U101748,2025-09-08,Search,British Columbia,Free,12.55,1,0,3.83,0,,0.0
U100799,2025-02-03,Organic,British Columbia,Free,7.42,1,1,11.07,0,,0.0
U101754,2024-07-15,Connected TV,Atlantic,Free,1.99,1,0,17.83,0,,0.0
U100172,2024-08-18,Search,Ontario,Free,5.37,1,0,16.7,0,,0.0
U102771,2024-11-18,Connected TV,Ontario,Plus,6.81,1,0,13.63,1,2025-12-04,141.86
U100302,2024-06-02,Search,Quebec,Free,1.5,1,0,19.27,0,,0.0
U102189,2025-07-09,Video,Ontario,Free,9.49,0,1,5.87,0,,0.0
U102203,2024-09-07,Search,,Premium,,0,1,16.03,0,,688.02
U101061,2025-09-13,Referral,Quebec,Free,4.5,1,0,3.67,0,,0.0
U101077,2024-11-16,Organic,Alberta,Premium,13.48,1,1,13.7,1,2025-03-21,75.11
U100237,2025-11-08,Referral,Alberta,Plus,38.4,1,1,1.8,0,,31.0
U101937,2024-12-31,Search,Alberta,Free,5.41,1,1,12.2,0,,0.0
U100816,2025-04-18,Video,Quebec,Free,15.76,1,1,8.6,0,,0.0
U100043,2025-05-30,Search,Ontario,Free,13.07,0,0,7.2,0,,0.0
U101268,2025-08-07,Connected TV,Atlantic,Free,6.94,1,0,4.9,0,,0.0
U101118,2025-03-09,Search,Atlantic,Free,0.19,0,1,9.93,1,2025-06-21,0.0
U100047,2025-09-30,Video,Ontario,Free,13.29,0,1,3.1,0,,0.0
U101110,2025-02-08,Search,Ontario,Free,6.47,1,0,10.9,0,,0.0
U100414,2024-06-15,Organic,British Columbia,Free,20.1,1,1,18.83,0,,0.0
U101428,2024-09-09,Connected TV,Ontario,Premium,23.0,1,1,15.97,0,,267.56
U102417,2025-06-22,Organic,British Columbia,Plus,11.75,1,1,6.43,0,,68.31
U100515,2025-09-14,Referral,Quebec,Free,6.55,1,1,3.63,1,2025-12-20,0.0
U101483,2025-06-24,Organic,Quebec,Free,17.43,1,1,6.37,0,,0.0
U100824,2025-08-20,Connected TV,British Columbia,Plus,5.02,1,0,4.47,1,2025-11-03,30.48
U102739,2024-06-28,Video,Quebec,Free,9.48,1,0,18.4,1,2024-11-23,0.0
U100829,2024-12-18,Search,British Columbia,Premium,4.19,1,0,12.63,0,,264.33
U101448,2025-06-02,Referral,Quebec,Free,5.04,1,0,7.1,0,,0.0
U102014,2024-10-10,Native,Quebec,Free,9.65,0,1,14.93,0,,0.0
U101983,2024-11-22,Organic,British Columbia,Free,5.56,1,1,13.5,0,,0.0
U101806,2025-01-02,Organic,Quebec,Free,31.47,1,1,12.13,0,,0.0
U102217,2025-02-20,Organic,Ontario,Free,5.06,0,1,10.5,1,2025-05-08,0.0
U100560,2024-07-31,Organic,Ontario,Free,13.72,1,1,17.3,0,,0.0
U101091,2025-10-16,Connected TV,Ontario,Plus,4.92,1,1,2.57,0,,23.08
U100722,2024-11-10,Display,Quebec,Premium,4.26,0,0,13.9,0,,317.18
U101196,2025-03-25,Search,British Columbia,Free,1.13,1,1,9.4,1,2025-09-17,0.0
U100838,2025-03-10,Referral,Ontario,Free,0.5,1,1,9.9,0,,0.0
U101073,2024-07-09,Search,Atlantic,Plus,2.74,1,0,18.03,0,,270.79
U101582,2025-08-17,Display,British Columbia,Plus,5.96,1,1,4.57,0,,87.85
U100007,2024-10-19,Connected TV,Ontario,Premium,7.5,1,0,14.63,0,,297.39
U100185,2025-08-05,Search,British Columbia,Free,8.32,0,0,4.97,0,,0.0
U102731,2025-01-11,Organic,Ontario,Free,4.65,1,1,11.83,0,,0.0
U100134,2025-09-30,Organic,Ontario,Plus,11.72,0,1,3.1,1,2025-11-02,16.55
U100529,2025-11-19,Video,Quebec,Plus,13.32,1,1,1.43,0,,15.29
U101051,2024-08-30,Referral,Ontario,Premium,18.52,1,1,16.3,0,,342.0
U102054,2024-08-05,Search,Ontario,Free,8.68,0,1,17.13,0,,0.0
U101843,2024-10-16,Referral,Atlantic,Free,2.49,0,0,14.73,0,,0.0
U101495,2024-12-09,Organic,Quebec,Free,21.69,0,0,12.93,0,,0.0
U100262,2025-11-22,Display,Alberta,Premium,21.81,1,1,1.33,0,,30.76
U102279,2025-07-28,Search,Atlantic,Free,4.21,1,0,5.23,0,,0.0
U100357,2024-09-23,Native,Ontario,Free,9.03,1,0,15.5,0,,0.0
U101137,2024-10-13,Referral,Ontario,Free,11.99,1,1,14.83,0,,0.0
U101405,2024-07-23,Search,Alberta,Free,20.27,0,1,17.57,0,,0.0
U100300,2024-09-18,Display,British Columbia,Free,8.9,1,0,15.67,0,,0.0
U101210,2024-07-20,Connected TV,Alberta,Free,7.36,1,1,17.67,0,,0.0
U102505,2024-11-04,Organic,Atlantic,Free,9.76,1,0,14.1,0,,0.0
U101376,2025-01-18,Connected TV,Alberta,Premium,10.4,1,1,11.6,0,,301.21
U102443,2025-05-16,Referral,Ontario,Free,4.85,1,0,7.67,1,2025-11-23,0.0
U102321,2025-05-04,Search,Quebec,Plus,3.77,1,0,8.07,0,,118.3
U102543,2025-11-13,Referral,Alberta,Premium,37.95,1,1,1.63,0,,55.44
U102712,2024-09-23,Connected TV,Atlantic,Plus,2.73,1,1,15.5,0,,121.75
U100927,2025-04-23,Connected TV,British Columbia,Plus,1.55,1,1,8.43,1,2025-09-26,72.85
U100894,2024-06-30,Search,British Columbia,Free,11.16,1,1,18.33,1,2025-01-08,0.0
U101243,2025-09-02,Search,Ontario,Plus,2.67,1,1,4.03,0,,35.54
U102434,2025-10-17,Organic,British Columbia,Premium,24.77,1,0,2.53,0,,71.23
U101708,2024-12-24,Organic,Ontario,Plus,20.72,1,0,12.43,0,,83.41
U101678,2025-06-17,Search,Alberta,Plus,5.17,1,1,6.6,0,,78.11
U100800,2024-09-09,Search,Ontario,Free,2.84,1,1,15.97,0,,0.0
U101653,2025-09-08,Search,British Columbia,Free,5.4,1,1,3.83,0,,0.0
U101669,2025-09-10,Connected TV,Ontario,Plus,0.73,0,0,3.77,0,,26.8
U101505,2024-09-28,Organic,British Columbia,Free,4.83,1,1,15.33,0,,0.0
U102938,2024-12-27,Organic,Atlantic,Free,7.45,1,1,12.33,0,,0.0
U100413,2024-07-25,Search,Ontario,Free,4.16,1,0,17.5,0,,0.0
U100565,2025-04-16,Referral,British Columbia,Free,2.03,1,1,8.67,0,,0.0
U101140,2024-11-30,Organic,Atlantic,Plus,9.98,1,0,13.23,0,,215.59
U101596,2024-11-25,Organic,British Columbia,Plus,13.65,1,1,13.4,0,,178.97
U100930,2025-10-13,Search,Ontario,Free,11.15,1,1,2.67,0,,0.0
U101672,2024-09-17,Native,Atlantic,Free,13.7,1,0,15.7,0,,0.0
U101455,2025-06-07,Organic,Quebec,Plus,11.68,1,0,6.93,0,,91.72
U102627,2024-09-09,Organic,Ontario,Plus,11.41,0,1,15.97,0,,123.9
U102923,2024-06-07,Display,Quebec,Free,1.99,1,1,19.1,0,,0.0
U101982,2024-08-04,Search,Quebec,Free,4.37,0,1,17.17,1,2024-10-02,0.0
U101605,2025-04-11,Search,British Columbia,Free,7.59,1,0,8.83,0,,0.0
U100026,2025-06-02,Search,Atlantic,Premium,1.7,1,1,7.1,0,,307.63
U102786,2025-04-20,Display,British Columbia,Plus,5.24,1,1,8.53,0,,109.75
U100096,2024-06-27,Search,Quebec,Premium,2.9,1,1,18.43,0,,570.39
U101147,2025-10-16,Search,British Columbia,Free,4.49,1,0,2.57,0,,0.0
U100135,2025-01-13,Display,Ontario,Plus,3.08,1,1,11.77,0,,151.51
U100562,2025-06-05,Search,Quebec,Free,2.93,1,0,7.0,1,2025-12-27,0.0
U100296,2025-04-10,Video,Ontario,Free,13.81,0,1,8.87,0,,0.0
U101929,2025-04-29,Organic,Ontario,Free,5.87,1,0,8.23,1,2025-08-07,0.0
U102416,2025-07-07,Video,Ontario,Free,4.39,1,1,5.93,0,,0.0
U101622,2025-10-22,Native,Alberta,Free,3.45,1,1,2.37,0,,0.0
U101524,2025-08-12,Display,Atlantic,Plus,6.03,1,0,4.73,0,,72.08
U100804,2025-07-02,Organic,Atlantic,Free,7.15,1,1,6.1,0,,0.0
U100373,2024-07-11,Organic,Ontario,Plus,1.31,1,1,17.97,0,,236.45
U102583,2025-05-09,Display,Ontario,Free,6.36,0,0,7.9,0,,0.0
U101354,2024-10-30,Organic,Quebec,Premium,26.99,1,1,14.27,0,,432.63
U102147,2025-09-28,Display,British Columbia,Free,6.29,1,0,3.17,1,2025-11-12,0.0
U102237,2025-01-13,Display,Ontario,Free,7.46,1,1,11.77,0,,0.0
U101632,2024-08-30,Organic,Ontario,Free,4.7,1,0,16.3,1,2025-05-21,0.0
U100254,2025-11-03,Organic,Quebec,Free,8.23,1,1,1.97,1,2025-12-27,0.0
U102870,2024-07-04,Connected TV,Ontario,Free,3.16,0,1,18.2,1,2025-10-05,0.0
U101221,2025-03-14,Search,Quebec,Plus,13.53,1,1,9.77,0,,92.44
U102596,2024-06-16,Video,Quebec,Free,3.18,0,0,18.8,0,,0.0
U102631,2025-09-17,Search,Atlantic,Premium,7.8,1,1,3.53,0,,129.83
U102322,2025-04-14,Video,Quebec,Plus,6.14,0,0,8.73,0,,129.16
U101902,2025-08-20,Referral,Ontario,Plus,4.1,1,0,4.47,0,,64.7
U100539,2025-07-28,Organic,Ontario,Free,3.26,1,0,5.23,0,,0.0
U101444,2024-11-27,Native,Ontario,Free,11.02,1,1,13.33,1,2025-03-06,0.0
U100569,2025-11-24,Search,Ontario,Premium,4.11,1,1,1.27,0,,33.42
U102107,2024-10-24,Organic,Ontario,Free,5.2,1,1,14.47,0,,0.0
U102360,2024-11-16,Video,Quebec,Plus,4.07,1,1,13.7,0,,144.83
U100802,2024-12-22,Organic,British Columbia,Free,3.71,0,1,12.5,0,,0.0
U100066,2024-08-04,Display,Ontario,Premium,7.18,0,0,17.17,1,2025-08-03,242.29
U102036,2024-08-11,Organic,Atlantic,Free,4.58,0,0,16.93,0,,0.0
U101828,2025-11-14,Native,Ontario,Free,3.04,1,1,1.6,0,,0.0
U102768,2025-03-29,Organic,Ontario,Plus,9.08,1,0,9.27,0,,93.26
U102794,2025-09-24,Display,Ontario,Plus,2.92,1,1,3.3,0,,28.75
U101303,2025-10-22,Referral,Ontario,Free,10.92,1,1,2.37,0,,0.0
U102942,2025-03-08,Search,Ontario,Plus,1.82,1,1,9.97,0,,93.99
U100376,2025-01-21,Organic,Alberta,Free,3.32,0,1,11.5,1,2025-05-23,0.0
U100735,2025-03-09,Organic,British Columbia,Plus,2.31,1,1,9.93,1,2025-05-20,16.21
U101184,2024-10-21,Referral,Quebec,Free,7.51,0,1,14.57,0,,0.0
U102913,2025-11-22,Search,Quebec,Plus,1.98,1,1,1.33,0,,16.28
U102910,2024-11-08,Search,British Columbia,Free,3.24,0,0,13.97,0,,0.0
U100034,2025-08-03,Referral,Ontario,Free,1.66,1,1,5.03,0,,0.0
U100767,2024-10-25,Video,Ontario,Free,13.48,0,0,14.43,0,,0.0
U102988,2025-02-06,Display,Quebec,Premium,12.32,1,1,10.97,0,,304.92
U102469,2024-07-17,Video,Alberta,Free,5.33,1,1,17.77,0,,0.0
U102945,2024-10-18,Referral,Ontario,Free,4.23,1,1,14.67,0,,0.0
U100787,2025-10-17,Search,Ontario,Free,7.8,1,0,2.53,1,2025-12-26,0.0
U102752,2025-06-18,Organic,Atlantic,Plus,24.84,1,0,6.57,0,,84.36
U100517,2025-02-11,Organic,Ontario,Free,9.84,0,1,10.8,1,2025-10-05,0.0
U100055,2025-10-04,Video,Quebec,Free,2.34,1,0,2.97,0,,0.0
U102402,2024-06-13,Video,British Columbia,Free,1.46,1,1,18.9,0,,0.0
U102379,2025-11-15,Organic,Quebec,Free,6.64,1,1,1.57,0,,0.0
U102000,2024-10-31,Native,Alberta,Free,2.54,1,0,14.23,0,,0.0
U100884,2025-04-28,Video,Ontario,Free,0.43,1,0,8.27,0,,0.0
U101164,2025-07-27,Native,Alberta,Premium,14.05,0,1,5.27,0,,167.02
U101193,2025-08-24,Display,Ontario,Premium,2.97,0,0,4.33,1,2025-10-04,52.24
U102136,2025-06-02,Organic,Ontario,Free,8.94,1,1,7.1,1,2025-11-15,0.0
U100303,2025-01-19,Video,British Columbia,Free,2.63,1,1,11.57,0,,0.0
U101063,2024-11-16,Organic,Ontario,Free,12.39,1,1,13.7,0,,0.0
U101298,2025-03-11,Display,Ontario,Premium,13.39,1,1,9.87,0,,315.34
U101335,2024-09-20,Connected TV,Atlantic,Free,11.38,0,1,15.6,0,,0.0
U100688,2025-01-19,Display,Alberta,Free,8.99,1,1,11.57,1,2025-10-16,0.0
U102880,2025-06-19,Organic,Quebec,Free,9.29,0,1,6.53,0,,0.0
U100418,2024-06-23,Native,Quebec,Free,3.07,1,1,18.57,1,2025-03-30,0.0
U102977,2025-10-21,Display,Atlantic,Free,2.08,1,1,2.4,0,,0.0
U102713,2024-06-29,Referral,Ontario,Plus,17.98,1,1,18.37,0,,196.9
U100962,2024-09-16,Native,British Columbia,Free,11.99,1,1,15.73,0,,0.0
U100726,2025-11-16,Organic,Ontario,Free,9.58,1,1,1.53,0,,0.0
U102384,2024-10-01,Display,Atlantic,Plus,2.21,1,0,15.23,0,,242.11
U100723,2024-09-02,Search,Ontario,Plus,3.22,1,1,16.2,0,,189.18
U102227,2025-06-21,Video,Ontario,Free,7.83,1,1,6.47,1,2025-11-05,0.0
U102701,2025-10-06,Video,British Columbia,Free,12.54,1,0,2.9,0,,0.0
U100858,2025-05-14,Organic,Quebec,Free,2.29,1,1,7.73,0,,0.0
U101041,2024-08-03,Search,Ontario,Free,10.21,1,1,17.2,0,,0.0
U100138,2024-08-03,Organic,Ontario,Free,13.22,0,0,17.2,0,,0.0
U101759,2024-12-16,Connected TV,Ontario,Plus,6.89,1,0,12.7,0,,186.1
U101994,2024-11-11,Display,Ontario,Premium,2.88,1,1,13.87,0,,293.52
U100896,2024-10-29,Native,Ontario,Free,14.5,1,0,14.3,0,,0.0
U102832,2025-02-11,Search,British Columbia,Free,7.47,1,0,10.8,0,,0.0
U101389,2025-04-29,Display,Ontario,Free,1.67,1,1,8.23,0,,0.0
U100902,2024-10-31,Search,Alberta,Free,1.54,0,1,14.23,1,2025-10-24,0.0
U102538,2025-06-08,Search,Ontario,Free,8.33,1,1,6.9,0,,0.0
U100632,2025-04-25,Native,Ontario,Plus,1.4,1,1,8.37,0,,121.88
U100288,2025-10-16,Search,Atlantic,Free,6.26,1,0,2.57,0,,0.0
U102918,2025-10-22,Organic,Alberta,Free,1.69,1,0,2.37,0,,0.0
U101128,2025-04-01,Display,Atlantic,Free,1.6,1,0,9.17,0,,0.0
U100457,2024-08-01,Referral,Ontario,Free,3.45,0,0,17.27,0,,0.0
U101733,2024-09-29,Connected TV,Ontario,Free,9.55,0,1,15.3,0,,0.0
U100158,2024-10-22,Video,Ontario,Free,1.82,1,1,14.53,1,2025-12-18,0.0
U101637,2025-05-14,Native,British Columbia,Premium,1.69,0,1,7.73,0,,198.99
U100166,2024-11-28,Display,Quebec,Free,4.71,0,0,13.3,1,2025-10-19,0.0
U102841,2024-10-25,Search,Ontario,Premium,2.27,1,1,14.43,0,,375.3
U102489,2025-10-18,Referral,Alberta,Free,2.88,1,1,2.5,0,,0.0
U102617,2025-07-10,Connected TV,Quebec,Free,1.02,1,0,5.83,0,,0.0
U102576,2025-05-20,Search,Atlantic,Premium,3.71,1,1,7.53,0,,332.29
U101266,2025-05-31,Search,Atlantic,Free,9.62,1,0,7.17,1,2025-11-07,0.0
U100256,2025-06-19,Organic,Atlantic,Free,14.36,1,1,6.53,0,,0.0
U101131,2025-11-07,Connected TV,Ontario,Plus,3.48,1,1,1.83,0,,31.55
U102718,2024-08-20,Organic,Ontario,Free,1.58,1,1,16.63,1,2025-01-28,0.0
U100222,2024-06-11,Video,Atlantic,Plus,6.55,0,1,18.97,0,,107.41
U101148,2025-06-08,Video,Alberta,Free,9.79,1,1,6.9,0,,0.0
U102137,2024-12-23,Referral,Quebec,Plus,4.61,1,1,12.47,0,,130.7
U102647,2025-01-31,Display,Quebec,Free,2.4,1,1,11.17,1,2025-07-07,0.0
U101095,2025-04-24,Search,Ontario,Free,19.87,1,1,8.4,0,,0.0
U100234,2024-07-11,Display,Atlantic,Free,1.47,0,1,17.97,1,2024-10-23,0.0
U101082,2025-05-16,Organic,Ontario,Free,3.47,1,0,7.67,1,2025-06-07,0.0
U102589,2025-11-03,Referral,British Columbia,Free,13.92,0,0,1.97,0,,0.0
U102858,2024-12-16,Connected TV,Ontario,Free,13.2,1,1,12.7,0,,0.0
U102714,2025-03-27,Connected TV,Alberta,Free,2.76,1,0,9.33,0,,0.0
U100885,2024-06-25,Organic,Quebec,Free,10.59,1,1,18.5,0,,0.0
U102129,2025-09-22,Video,Ontario,Free,3.66,1,1,3.37,0,,0.0
U100265,2024-07-23,Search,Atlantic,Premium,4.81,1,0,17.57,0,,719.7
U100906,2024-08-29,Organic,Ontario,Plus,3.68,1,0,16.33,0,,122.25
U101509,2025-10-26,Search,Ontario,Free,13.28,1,0,2.23,0,,0.0
U101667,2025-11-26,Native,Ontario,Plus,2.93,1,1,1.2,0,,8.95
U102023,2025-02-20,Connected TV,Alberta,Free,5.86,1,1,10.5,0,,0.0
U100005,2024-11-01,Organic,British Columbia,Plus,2.37,1,0,14.2,0,,197.88
U100143,2025-01-15,Native,British Columbia,Free,1.45,0,1,11.7,1,2025-08-25,0.0
U102290,2024-09-18,Display,Ontario,Premium,2.85,1,1,15.67,0,,316.85
U100152,2025-08-06,Connected TV,Ontario,Free,0.82,0,0,4.93,0,,0.0
U101943,2025-02-19,Native,Atlantic,Free,7.47,0,1,10.53,0,,0.0
U102213,2025-06-27,Organic,British Columbia,Premium,3.61,1,1,6.27,0,,198.41
U100001,2025-03-05,Native,Ontario,Free,9.57,1,0,10.07,0,,0.0
U100242,2025-09-26,Organic,Quebec,Premium,4.17,1,0,3.23,1,2025-11-02,35.7
U100010,2025-08-28,Search,Quebec,Free,3.14,1,1,4.2,0,,0.0
U101706,2024-09-12,Search,Quebec,Free,5.2,1,0,15.87,1,2024-12-29,0.0
U101840,2025-07-23,Video,Ontario,Free,15.84,1,1,5.4,0,,0.0
U100126,2024-06-05,Organic,British Columbia,Plus,2.94,0,0,19.17,0,,434.41
U101080,2025-10-04,Video,Ontario,Premium,9.06,1,1,2.97,0,,86.32
U100364,2025-09-02,Native,Quebec,Plus,5.68,1,0,4.03,0,,39.43
U101330,2025-09-01,Native,Ontario,Free,6.49,1,0,4.07,0,,0.0
U102305,2024-11-22,Connected TV,Quebec,Free,2.51,1,1,13.5,1,2025-12-02,0.0
U101358,2024-07-05,Search,Quebec,Free,4.06,1,0,18.17,1,2024-11-19,0.0
U101439,2025-05-27,Search,Quebec,Plus,8.33,1,0,7.3,0,,86.13
U102062,2024-08-18,Native,British Columbia,Premium,6.33,1,0,16.7,0,,480.5
U100687,2024-10-30,Connected TV,Quebec,Premium,6.03,1,1,14.27,0,,297.11
U102399,2025-10-05,Referral,Ontario,Free,8.48,1,1,2.93,0,,0.0
U101106,2025-02-07,Connected TV,Ontario,Plus,5.24,1,0,10.93,0,,134.43
U100581,2025-08-31,Referral,British Columbia,Plus,12.39,0,1,4.1,0,,48.82
U102291,2024-07-12,Organic,Quebec,Plus,5.11,0,0,17.93,0,,171.21
U100602,2025-08-01,Referral,Ontario,Plus,4.87,0,1,5.1,0,,47.69
U101935,2024-08-05,Organic,Quebec,Plus,11.04,1,1,17.13,0,,227.27
U100333,2024-11-21,Organic,British Columbia,Free,24.65,0,1,13.53,0,,0.0
U101584,2024-11-23,Video,Ontario,Free,2.47,1,0,13.47,0,,0.0
U101987,2024-06-01,Display,Atlantic,Premium,6.91,1,1,19.3,0,,732.48
U101531,2025-01-13,Search,British Columbia,Free,10.02,1,0,11.77,1,2025-10-24,0.0
U100661,2024-09-28,Organic,Ontario,Plus,15.21,1,0,15.33,0,,128.09
U101960,2025-08-12,Search,British Columbia,Free,5.12,1,0,4.73,1,2025-11-13,0.0
U100114,2024-10-13,Search,Ontario,Free,3.23,0,1,14.83,0,,0.0
U101609,2025-09-20,Video,Ontario,Plus,9.57,0,0,3.43,1,2025-10-01,4.93
U100312,2025-03-05,Referral,Alberta,Premium,5.06,1,1,10.07,0,,197.96
U102381,2024-07-09,Display,Quebec,Plus,12.21,1,1,18.03,0,,178.79
U102553,2024-06-08,Video,Ontario,Free,4.91,1,0,19.07,0,,0.0
U100063,2025-08-22,Search,Atlantic,Free,7.93,1,0,4.4,0,,0.0
U101456,2025-04-29,Display,Ontario,Free,1.82,1,1,8.23,1,2025-12-10,0.0
U100480,2025-07-27,Display,Ontario,Plus,2.75,0,0,5.27,0,,45.38
U100855,2025-10-02,Connected TV,Ontario,Free,3.98,1,0,3.03,0,,0.0
U100089,2025-04-24,Search,Quebec,Free,9.02,1,1,8.4,1,2025-08-10,0.0
U100263,2024-10-04,Search,Alberta,Plus,10.85,1,0,15.13,0,,215.87
U102626,2024-08-23,Video,British Columbia,Free,1.37,1,1,16.53,0,,0.0
U102188,2024-06-05,Display,Atlantic,Free,4.09,1,1,19.17,1,2025-01-21,0.0
U102488,2024-10-17,Organic,British Columbia,Free,9.8,1,1,14.7,0,,0.0
U102164,2025-03-25,Display,British Columbia,Premium,3.11,1,0,9.4,0,,293.01
U102455,2024-11-07,Referral,Alberta,Plus,7.21,1,1,14.0,0,,154.69
U101500,2025-04-16,Display,Ontario,Free,2.87,0,0,8.67,0,,0.0
U100049,2025-10-27,Display,Alberta,Free,0.28,0,0,2.2,1,2025-12-05,0.0
U100308,2025-03-28,Search,Ontario,Free,0.11,1,1,9.3,1,2025-06-20,0.0
U102693,2024-12-23,Display,Alberta,Premium,3.56,1,0,12.47,0,,268.12
U100576,2025-04-26,Native,Alberta,Plus,3.68,1,0,8.33,0,,76.0
U101631,2024-07-15,Referral,Ontario,Plus,1.08,1,0,17.83,0,,149.59
U102198,2024-11-06,Referral,Quebec,Premium,7.19,1,1,14.03,0,,361.04
U100753,2024-06-26,Organic,Quebec,Free,19.69,1,0,18.47,0,,0.0
U102785,2025-04-08,Organic,Atlantic,Free,6.5,1,0,8.93,0,,0.0
U100803,2025-06-11,Native,Ontario,Free,0.28,1,1,6.8,0,,0.0
U101353,2024-09-06,Search,British Columbia,Plus,11.88,1,0,16.07,0,,240.42
U102493,2024-09-01,Search,Quebec,Free,1.72,1,1,16.23,0,,0.0
U101290,2025-06-03,Display,Atlantic,Premium,9.02,1,0,7.07,0,,194.85
U100966,2025-10-24,Referral,Ontario,Premium,17.72,1,1,2.3,0,,75.23
U102741,2024-07-15,Organic,Atlantic,Plus,13.08,1,0,17.83,0,,212.66
U101775,2025-08-23,Native,Ontario,Plus,13.61,1,1,4.37,0,,56.32
U102929,2025-09-07,Organic,Alberta,Free,10.67,1,0,3.87,1,2025-12-05,0.0
U102190,2025-06-14,Display,British Columbia,Plus,2.33,1,1,6.7,0,,58.18
U101563,2025-11-03,Search,Ontario,Premium,3.3,1,0,1.97,0,,55.61
U100356,2025-10-19,Display,Quebec,Free,7.28,0,1,2.47,1,2025-11-28,0.0
U102208,2025-03-21,Display,,Premium,,1,1,9.53,1,2025-07-14,65.55
U102116,2025-01-20,Organic,Quebec,Free,8.77,1,1,11.53,1,2025-05-05,0.0
U102207,2025-04-14,Video,Ontario,Free,13.54,0,1,8.73,0,,0.0
U102689,2024-08-03,Organic,Ontario,Free,6.6,1,1,17.2,0,,0.0
U102115,2025-04-05,Organic,Quebec,Plus,4.74,0,0,9.03,0,,137.02
U101654,2024-07-20,Native,Ontario,Plus,4.63,0,1,17.67,0,,217.83
U102725,2025-08-03,Display,Ontario,Premium,2.32,0,1,5.03,0,,140.27
U100482,2024-10-23,Display,Alberta,Free,1.72,1,0,14.5,0,,0.0
U102992,2025-01-01,Display,Ontario,Plus,6.98,0,1,12.17,0,,232.4
U102273,2024-10-06,Referral,Atlantic,Free,5.98,1,0,15.07,0,,0.0
U102533,2024-12-16,Connected TV,British Columbia,Free,3.6,0,1,12.7,0,,0.0
U100598,2024-07-27,Search,Alberta,Plus,4.82,1,1,17.43,1,2024-08-13,7.8
U100081,2025-02-05,Connected TV,Ontario,Free,13.86,1,1,11.0,0,,0.0
U100691,2024-11-06,Search,Quebec,Premium,7.55,1,1,14.03,0,,703.07
U100266,2025-05-10,Connected TV,Atlantic,Plus,2.38,1,1,7.87,0,,126.45
U100680,2024-11-09,Organic,Quebec,Free,3.1,1,0,13.93,0,,0.0
U101923,2024-09-07,Native,Quebec,Plus,16.46,1,0,16.03,0,,254.19
U100991,2024-12-11,Referral,Quebec,Free,3.3,1,0,12.87,0,,0.0
U100580,2025-03-25,Display,Quebec,Premium,8.45,0,1,9.4,0,,418.06
U101313,2025-08-05,Display,Quebec,Free,2.9,1,0,4.97,0,,0.0
U100211,2025-02-24,Display,Quebec,Free,5.45,1,0,10.37,0,,0.0
U100681,2025-05-30,Referral,Ontario,Premium,4.01,1,1,7.2,0,,232.0
U102364,2024-06-05,Search,Quebec,Free,8.53,0,0,19.17,1,2025-06-23,0.0
U102004,2024-09-14,Referral,Ontario,Plus,4.36,1,0,15.8,0,,237.64
U100710,2025-01-17,Referral,Ontario,Free,8.16,0,1,11.63,0,,0.0
U100398,2025-08-05,Display,Ontario,Free,9.96,1,1,4.97,0,,0.0
U101107,2024-06-19,Search,Quebec,Premium,18.76,1,0,18.7,0,,542.32
U102524,2025-08-10,Display,Quebec,Free,4.02,1,1,4.8,0,,0.0
U100647,2025-01-16,Video,Quebec,Premium,6.46,0,1,11.67,0,,378.75
U101430,2025-07-04,Connected TV,Ontario,Plus,1.39,1,0,6.03,0,,54.86
U102616,2025-10-29,Referral,Quebec,Free,2.62,0,1,2.13,1,2025-11-19,0.0
U100384,2025-04-26,Search,Ontario,Premium,6.96,1,1,8.33,0,,297.62
U101681,2024-08-30,Search,Quebec,Free,10.26,1,1,16.3,0,,0.0
U100898,2025-09-17,Organic,Ontario,Free,4.77,1,0,3.53,0,,0.0
U101315,2025-11-18,Display,Ontario,Free,2.67,1,1,1.47,1,2025-12-20,0.0
U102637,2024-06-06,Native,British Columbia,Plus,3.71,1,1,19.13,0,,161.57
U101244,2025-04-03,Display,British Columbia,Plus,10.17,1,1,9.1,0,,170.58
U101394,2025-03-11,Search,Quebec,Free,6.05,0,1,9.87,0,,0.0
U102204,2024-06-12,Native,Alberta,Free,7.23,1,0,18.93,1,2025-11-08,0.0
U102990,2025-05-01,Display,British Columbia,Plus,5.73,1,1,8.17,0,,122.72
U101878,2024-10-20,Video,Ontario,Plus,2.42,1,1,14.6,0,,221.87
U100969,2025-09-28,Video,Ontario,PLUS,4.88,1,1,3.17,0,,34.02
U102874,2025-06-22,Connected TV,Quebec,Free,13.05,0,1,6.43,0,,0.0
U100742,2024-08-12,Search,Atlantic,Free,8.22,0,0,16.9,0,,0.0
U100700,2025-09-07,Referral,Ontario,Free,6.28,0,0,3.87,0,,0.0
U101305,2025-02-28,Display,Ontario,Premium,21.62,1,1,10.23,0,,307.26
U100725,2024-08-31,Video,Quebec,Plus,3.56,0,1,16.27,0,,207.04
U100368,2024-06-29,Display,Ontario,Free,11.93,1,0,18.37,0,,0.0
U100466,2024-06-07,Native,British Columbia,Premium,7.61,1,0,19.1,1,2024-09-06,77.85
U102210,2024-06-08,Native,Quebec,Free,7.8,1,0,19.07,1,2025-09-19,0.0
U101328,2025-11-30,Organic,British Columbia,Free,3.25,1,0,1.07,1,2025-12-10,0.0
U102774,2024-07-01,Search,Alberta,Plus,13.11,1,1,18.3,1,2024-11-19,50.62
U102120,2024-10-04,Referral,Alberta,Plus,10.12,0,0,15.13,0,,165.24
U100267,2025-10-08,Native,Ontario,Free,2.13,1,1,2.83,0,,0.0
U101699,2025-01-30,Display,Alberta,Plus,1.34,1,0,11.2,1,2025-09-13,73.51
U102238,2025-05-15,Display,Ontario,Free,9.17,1,1,7.7,1,2025-07-24,0.0
U101639,2024-11-21,Referral,Ontario,Free,15.42,0,0,13.53,1,2025-06-28,0.0
U101703,2025-04-10,Organic,Ontario,Free,6.06,0,0,8.87,0,,0.0
U101841,2025-01-20,Video,Alberta,Premium,3.64,1,0,11.53,0,,352.88
U100623,2025-05-02,Video,Ontario,Plus,5.94,1,0,8.13,0,,116.0
U100244,2024-09-05,Organic,British Columbia,Free,7.93,0,0,16.1,0,,0.0
U102155,2024-12-15,Connected TV,Ontario,Plus,4.41,1,0,12.73,0,,114.26
U100617,2024-06-23,Native,Ontario,Free,3.43,1,1,18.57,1,2024-07-18,0.0
U100924,2025-10-09,Organic,Quebec,Plus,5.22,0,0,2.8,1,2025-12-05,20.43
U101948,2025-04-05,Search,Alberta,Free,1.32,1,1,9.03,0,,0.0
U101520,2025-04-19,Connected TV,Alberta,Free,6.4,0,0,8.57,1,2025-08-28,0.0
U102122,2024-11-16,Referral,British Columbia,Premium,12.62,1,1,13.7,0,,571.05
U102138,2024-09-21,Search,British Columbia,Free,4.1,1,1,15.57,0,,0.0
U100893,2025-05-08,Display,Quebec,Free,7.2,1,1,7.93,1,2025-09-02,0.0
U100977,2025-10-15,Video,Alberta,Plus,2.78,0,1,2.6,0,,22.1
U100766,2024-08-26,Search,Atlantic,Free,7.92,0,1,16.43,0,,0.0
U102599,2025-11-01,Display,Quebec,Plus,2.49,1,1,2.03,0,,25.07
U101284,2024-11-07,Native,Alberta,Free,0.63,1,1,14.0,0,,0.0
U102040,2024-07-24,Organic,Quebec,Plus,15.21,1,1,17.53,0,,196.24
U102310,2025-09-09,Search,Ontario,Free,6.31,1,0,3.8,1,2025-12-18,0.0
U102008,2025-05-13,Search,Ontario,Premium,2.93,1,1,7.77,0,,285.27
U102281,2025-03-03,Organic,British Columbia,Free,9.95,0,1,10.13,0,,0.0
U101258,2025-01-22,Referral,Atlantic,Free,12.62,1,0,11.47,1,2025-10-30,0.0
U100658,2024-06-21,Search,Ontario,Plus,3.03,1,0,18.63,1,2024-09-13,36.59
U101556,2025-01-08,Referral,British Columbia,Free,1.96,1,1,11.93,0,,0.0
U101725,2024-08-26,Native,Alberta,Plus,3.51,1,0,16.43,0,,170.39
U100269,2025-05-15,Referral,Ontario,Plus,6.59,1,0,7.7,0,,124.91
U101756,2025-08-25,Display,Quebec,Free,7.03,1,0,4.3,1,2025-09-16,0.0
U102095,2025-03-20,Native,Atlantic,Free,7.74,1,0,9.57,0,,0.0
U102021,2025-02-24,Display,Quebec,Free,1.63,1,0,10.37,0,,0.0
U100959,2024-06-21,Search,British Columbia,Plus,6.34,1,1,18.63,1,2024-10-14,35.77
U100564,2025-10-07,Display,Ontario,Free,4.23,0,1,2.87,1,2025-12-03,0.0
U101482,2025-03-04,Organic,Quebec,Free,7.16,0,0,10.1,1,2025-04-11,0.0
U102825,2024-10-25,Connected TV,Alberta,Free,3.47,1,0,14.43,0,,0.0
U101257,2024-08-28,Connected TV,Alberta,Premium,7.44,1,1,16.37,0,,520.26
U102646,2024-09-04,Native,Ontario,Free,4.5,1,0,16.13,1,2024-10-06,0.0
U101023,2024-07-03,Video,Alberta,Free,2.08,1,1,18.23,1,2025-05-16,0.0
U100430,2024-12-28,Video,Alberta,Free,2.97,0,1,12.3,1,2025-01-06,0.0
U100002,2025-08-11,Connected TV,British Columbia,Plus,12.22,1,1,4.77,0,,42.43
U101142,2024-10-16,Video,Quebec,Plus,3.69,1,1,14.73,0,,169.64
U102655,2024-06-03,Organic,Ontario,Free,11.73,0,1,19.23,0,,0.0
U100092,2025-07-01,Video,Ontario,Free,4.26,1,1,6.13,1,2025-08-16,0.0
U101240,2024-06-16,Referral,Quebec,Plus,23.44,0,0,18.8,0,,198.33
U100864,2025-06-20,Search,Ontario,Free,7.77,1,0,6.5,0,,0.0
U100331,2025-03-17,Native,Ontario,Free,7.74,1,1,9.67,0,,0.0
U102475,2025-03-12,Display,Alberta,Free,5.25,1,1,9.83,0,,0.0
U101547,2025-07-13,Organic,Ontario,Free,4.36,1,1,5.73,0,,0.0
U102707,2025-04-07,Video,British Columbia,PLUS,12.34,1,0,8.97,0,,103.83
U101826,2025-03-21,Connected TV,Alberta,Free,6.58,1,0,9.53,0,,0.0
U101349,2025-07-01,Display,British Columbia,Free,5.05,1,1,6.13,0,,0.0
U101832,2025-10-23,Search,Ontario,Premium,2.0,1,0,2.33,0,,88.17
U101998,2025-11-06,Organic,Atlantic,Free,10.07,1,1,1.87,0,,0.0
U100540,2024-09-16,Connected TV,British Columbia,Free,5.89,1,1,15.73,1,2025-06-05,0.0
U100422,2024-09-10,Native,British Columbia,Plus,8.37,0,1,15.93,1,2024-10-01,7.72
U100909,2024-08-20,Organic,British Columbia,Plus,7.21,1,0,16.63,0,,77.01
U101443,2024-11-13,Referral,Ontario,Premium,16.08,0,1,13.8,0,,411.2
U101165,2024-08-15,Referral,Quebec,Plus,5.69,1,1,16.8,1,2025-05-30,153.44
U100360,2025-06-18,Organic,Ontario,Plus,3.62,1,1,6.57,0,,67.61
U102831,2024-09-08,Organic,British Columbia,Plus,2.26,1,1,16.0,1,2024-11-04,26.53
U100322,2025-02-12,Referral,Quebec,Free,5.73,0,1,10.77,0,,0.0
U101833,2024-06-11,Search,Atlantic,Plus,11.53,1,1,18.97,0,,243.26
U101901,2025-09-09,Referral,Ontario,Free,5.1,0,0,3.8,0,,0.0
U100808,2025-11-27,Display,Quebec,Free,4.52,1,1,1.17,1,2025-12-05,0.0
U101610,2025-07-17,Native,Alberta,Plus,2.92,1,0,5.6,1,2025-10-31,26.99
U101070,2025-10-12,Display,Alberta,Premium,4.65,1,0,2.7,1,2025-11-28,86.36
U101714,2024-11-17,Search,Atlantic,Premium,2.28,1,0,13.67,0,,300.49
U100354,2024-08-22,Search,Alberta,Free,2.13,1,1,16.57,1,2024-12-18,0.0
U102993,2024-12-16,Search,Quebec,Plus,3.29,1,1,12.7,0,,153.01
U100346,2025-10-03,Organic,Ontario,Free,4.65,0,1,3.0,0,,0.0
U102697,2025-10-15,Connected TV,Ontario,Free,4.9,1,0,2.6,0,,0.0
U102261,2025-07-20,Search,Ontario,Free,11.2,0,1,5.5,0,,0.0
U102460,2024-06-19,Search,Ontario,Free,1.8,1,1,18.7,1,2025-08-27,0.0
U102059,2025-11-01,Organic,Quebec,Plus,3.47,0,1,2.03,0,,21.42
U100995,2025-11-02,Display,Alberta,Free,1.97,0,0,2.0,1,2025-11-26,0.0
U102801,2024-06-18,Video,Alberta,Plus,1.59,0,1,18.73,0,,143.3
U101999,2025-09-28,Search,British Columbia,Free,7.49,1,0,3.17,0,,0.0
U101206,2025-11-23,Connected TV,British Columbia,Plus,4.76,1,0,1.3,0,,15.6
U102528,2024-08-12,Organic,Alberta,Plus,8.2,1,0,16.9,0,,196.89
U101074,2025-10-07,Connected TV,Ontario,Plus,3.61,1,1,2.87,0,,32.65
U100867,2024-10-21,Native,Quebec,Free,2.77,1,0,14.57,0,,0.0
U100098,2025-05-21,Search,Atlantic,Free,6.05,1,0,7.5,0,,0.0
U101827,2025-01-27,Video,Quebec,Free,0.45,1,0,11.3,0,,0.0
U101256,2025-10-24,Search,Alberta,Free,2.84,1,1,2.3,1,2025-12-01,0.0
U100014,2024-06-29,Display,British Columbia,Free,3.08,1,0,18.37,0,,0.0
U101401,2024-12-10,Organic,British Columbia,Free,2.52,1,0,12.9,1,2025-11-13,0.0
U102094,2024-11-09,Search,Ontario,Plus,1.21,1,1,13.93,0,,150.51
U102332,2025-06-05,Referral,Ontario,Free,5.05,0,1,7.0,0,,0.0
U102685,2025-07-22,Native,Quebec,Free,12.57,0,1,5.43,0,,0.0
U102958,2025-08-09,Organic,Alberta,Plus,5.52,1,1,4.83,1,2025-09-04,6.07
U100447,2025-08-18,Video,Ontario,Free,2.03,1,1,4.53,0,,0.0
U101990,2025-11-08,Organic,Ontario,Free,5.23,1,1,1.8,1,2025-12-08,0.0
U101765,2024-06-05,Video,Ontario,Free,18.71,1,0,19.17,1,2025-06-25,0.0
U100801,2024-10-30,Display,Atlantic,Free,11.51,1,0,14.27,0,,0.0
U101568,2024-07-07,Organic,Alberta,Free,2.39,1,1,18.1,1,2025-09-04,0.0
U102222,2025-10-11,Display,Alberta,Plus,3.51,1,0,2.73,0,,28.07
U101889,2025-07-09,Search,British Columbia,Free,1.98,1,0,5.87,1,2025-10-09,0.0
U100549,2024-06-27,Search,Quebec,Free,9.41,1,1,18.43,0,,0.0
U101422,2025-06-15,Search,British Columbia,Free,9.34,1,0,6.67,0,,0.0
U102145,2024-12-19,Search,British Columbia,Free,4.19,1,0,12.6,1,2024-12-27,0.0
U101069,2024-08-14,Display,Ontario,Plus,10.07,1,1,16.83,0,,178.4
U101237,2025-11-14,Display,,Free,,1,0,1.6,1,2025-12-06,0.0
U101532,2024-12-25,Native,Atlantic,Free,1.95,0,0,12.4,1,2025-12-02,0.0
U102257,2024-08-18,Video,Quebec,Free,4.49,1,0,16.7,1,2025-06-26,0.0
U101015,2025-05-24,Referral,Quebec,Free,2.23,1,0,7.4,0,,0.0
U102356,2024-07-21,Search,Ontario,Free,1.9,1,0,17.63,0,,0.0
U100421,2024-11-06,Organic,Ontario,Plus,8.25,1,0,14.03,0,,205.69
U100940,2024-08-09,Referral,Alberta,Plus,2.22,1,1,17.0,0,,168.74
U102479,2025-07-07,Referral,Ontario,Premium,13.68,1,0,5.93,0,,115.32
U100004,2025-03-07,Referral,Quebec,Plus,4.79,0,1,10.0,0,,99.39
U101254,2025-08-28,Display,Atlantic,Premium,2.67,1,1,4.2,0,,102.22
U102091,2025-08-10,Referral,British Columbia,Free,6.21,1,1,4.8,0,,0.0
U100153,2025-08-18,Display,Ontario,Free,2.8,0,0,4.53,1,2025-08-27,0.0
U101410,2025-03-20,Search,Quebec,Free,8.51,0,1,9.57,0,,0.0
U102063,2024-10-15,Connected TV,Ontario,Free,4.24,0,0,14.77,1,2025-11-01,0.0
U101097,2025-09-21,Organic,Alberta,Free,10.33,1,1,3.4,0,,0.0
U102875,2024-10-04,Search,Quebec,Free,3.76,0,0,15.13,0,,0.0
U101201,2025-04-15,Native,Atlantic,Premium,6.37,0,1,8.7,0,,257.33
U100367,2025-06-21,Search,Ontario,Plus,10.23,1,1,6.47,0,,101.3
U102817,2025-06-07,Display,Ontario,Free,2.0,1,0,6.93,1,2025-07-15,0.0
U102453,2025-11-11,Organic,Ontario,Free,12.64,1,1,1.7,0,,0.0
U100203,2025-07-23,Display,Ontario,Free,5.43,1,0,5.4,0,,0.0
U102350,2025-04-13,Connected TV,Quebec,Free,2.78,1,1,8.77,0,,0.0
U100589,2024-10-12,Video,Ontario,Plus,5.26,1,1,14.87,1,2025-05-17,66.02
U102664,2025-07-15,Video,Quebec,Plus,4.92,0,1,5.67,0,,32.24
U101936,2024-06-17,Video,British Columbia,Free,7.93,0,1,18.77,0,,0.0
U102557,2025-01-03,Display,Ontario,Free,14.49,1,0,12.1,1,2025-02-09,0.0
U100956,2025-04-03,Connected TV,Alberta,Premium,9.82,1,0,9.1,1,2025-05-19,47.76
U100914,2025-08-12,Video,Quebec,Free,4.99,0,0,4.73,1,2025-12-04,0.0
U101666,2025-01-31,Organic,Ontario,Plus,19.19,0,1,11.17,1,2025-11-11,166.75
U101460,2025-10-06,Video,British Columbia,Premium,5.86,1,1,2.9,0,,118.14
U100533,2025-11-04,Search,Ontario,Plus,7.05,0,1,1.93,1,2025-12-08,16.16
U101575,2025-08-21,Search,Ontario,Free,6.11,1,0,4.43,0,,0.0
U101039,2024-08-09,Referral,Quebec,Plus,9.72,0,1,17.0,0,,172.41
U101089,2025-05-31,Referral,Quebec,Free,10.92,1,1,7.17,0,,0.0
U100271,2024-08-28,Search,Ontario,Free,2.63,1,0,16.37,0,,0.0
U102892,2025-10-12,Referral,Ontario,Plus,13.51,1,1,2.7,1,2025-12-09,19.96
U101016,2025-02-21,Organic,Quebec,Free,11.08,0,1,10.47,0,,0.0
U101707,2025-01-31,Display,Atlantic,Free,7.15,1,1,11.17,0,,0.0
U100925,2025-09-20,Referral,British Columbia,Free,9.16,1,1,3.43,0,,0.0
U102373,2025-05-16,Video,Quebec,Plus,19.83,1,1,7.67,0,,90.31
U100797,2024-07-07,Video,Ontario,Plus,3.74,1,0,18.1,0,,241.77
U101491,2025-06-14,Connected TV,Quebec,Plus,3.26,1,0,6.7,0,,78.54
U101407,2024-08-09,Display,Quebec,Plus,11.58,1,1,17.0,1,2024-08-28,12.2
U100592,2025-01-05,Search,Alberta,Free,10.63,0,1,12.03,1,2025-06-10,0.0
U102426,2024-10-27,Search,Quebec,Free,10.53,0,0,14.37,0,,0.0
U100650,2025-05-27,Search,Quebec,Plus,2.87,0,0,7.3,1,2025-10-12,43.41
U101017,2025-02-21,Organic,Quebec,Free,7.17,0,0,10.47,1,2025-04-02,0.0
U100497,2024-07-17,Connected TV,Ontario,Free,15.57,1,1,17.77,0,,0.0
U101559,2024-07-11,Video,Ontario,Free,2.45,0,1,17.97,0,,0.0
U100227,2025-11-13,Organic,British Columbia,Plus,1.27,1,0,1.63,1,2025-12-13,17.92
U101963,2025-06-19,Referral,Atlantic,Free,9.95,0,1,6.53,0,,0.0
U102893,2025-05-04,Display,Ontario,Free,7.66,1,1,8.07,0,,0.0
U100605,2025-09-23,Video,Ontario,Free,8.38,1,0,3.33,0,,0.0
U102890,2024-10-31,Display,Ontario,Premium,9.11,1,1,14.23,0,,394.55
U102306,2025-11-05,Search,Quebec,Free,5.1,1,1,1.9,1,2025-12-08,0.0
U101030,2025-08-19,Connected TV,Ontario,Premium,13.81,1,0,4.5,1,2025-10-04,69.61
U101151,2025-09-18,Search,Quebec,Free,6.27,1,0,3.5,0,,0.0
U101595,2025-10-25,Search,Atlantic,Premium,5.93,1,1,2.27,0,,60.98
U101477,2024-09-16,Connected TV,British Columbia,Free,23.73,1,0,15.73,0,,0.0
U101260,2024-06-06,Connected TV,Ontario,Free,4.35,1,1,19.13,0,,0.0
U102898,2025-10-19,Search,Atlantic,Plus,7.07,1,0,2.47,0,,38.24
U102285,2025-08-19,Organic,British Columbia,Free,5.77,0,1,4.5,0,,0.0
U101736,2025-05-25,Organic,Ontario,Free,23.79,0,1,7.37,0,,0.0
U102392,2025-06-09,Video,Ontario,Premium,7.8,1,0,6.87,0,,222.35
U100439,2025-07-31,Search,Ontario,Plus,1.72,1,0,5.13,0,,52.17
U102692,2025-06-03,Search,Alberta,Plus,6.04,1,0,7.07,0,,56.8
U102466,2025-04-06,Connected TV,British Columbia,Free,4.33,1,1,9.0,1,2025-08-12,0.0
U101855,2025-03-12,Search,Alberta,Free,14.05,1,0,9.83,0,,0.0
U102117,2024-08-07,Organic,Ontario,Plus,10.77,1,0,17.07,1,2025-06-05,117.22
U101413,2025-07-30,Search,British Columbia,Free,4.66,0,0,5.17,1,2025-12-06,0.0
U101438,2025-03-26,Search,Ontario,Free,3.3,0,0,9.37,0,,0.0
U101084,2025-06-06,Referral,Alberta,Free,5.89,0,1,6.97,0,,0.0
U101198,2025-03-01,Display,Ontario,Plus,5.38,1,0,10.2,0,,97.52
U102688,2025-09-19,Native,Ontario,Plus,1.62,1,1,3.47,0,,39.98
U100964,2025-03-13,Native,Ontario,Free,8.51,1,0,9.8,0,,0.0
U100897,2025-01-27,Organic,Ontario,Free,14.34,1,1,11.3,0,,0.0
U100366,2024-09-11,Search,Ontario,Plus,0.79,0,0,15.9,0,,288.55
U101371,2025-07-23,Display,British Columbia,Free,5.01,1,1,5.4,0,,0.0
U101205,2024-10-16,Organic,Ontario,Free,18.21,1,1,14.73,0,,0.0
U100863,2025-07-15,Display,Quebec,Free,9.86,1,0,5.67,0,,0.0
U101773,2025-04-29,Display,Ontario,Plus,15.78,0,0,8.23,0,,81.31
U101457,2024-08-10,Search,Atlantic,Free,0.36,1,0,16.97,0,,0.0
U100717,2025-05-06,Video,Quebec,Free,1.67,1,0,8.0,0,,0.0
U102017,2025-08-17,Referral,Alberta,Plus,4.36,1,1,4.57,0,,66.7
U102601,2025-06-23,Display,Quebec,Free,1.58,1,0,6.4,0,,0.0
U101436,2024-12-31,Connected TV,British Columbia,Free,1.57,1,1,12.2,1,2025-10-29,0.0
U102518,2025-09-20,Display,Quebec,Free,3.85,1,0,3.43,1,2025-12-26,0.0
U100476,2024-10-20,Native,Ontario,Plus,6.62,1,1,14.6,0,,182.04
U100730,2025-01-02,Video,Ontario,Free,6.16,1,1,12.13,0,,0.0
U102278,2025-06-06,Search,British Columbia,Free,7.12,0,0,6.97,1,2025-09-14,0.0
U102904,2025-05-07,Native,Atlantic,Free,6.4,0,1,7.97,0,,0.0
U100316,2024-08-27,Organic,Atlantic,Free,5.23,1,1,16.4,0,,0.0
U102289,2024-07-11,Organic,Quebec,Free,14.6,1,1,17.97,1,2025-08-18,0.0
U102191,2024-10-11,Search,British Columbia,Plus,5.52,1,0,14.9,0,,144.11
U100305,2025-02-14,Referral,Ontario,Free,0.33,1,1,10.7,0,,0.0
U100113,2024-09-12,Display,Ontario,Free,12.01,0,1,15.87,0,,0.0
U102130,2025-07-23,Display,Atlantic,Free,6.71,1,0,5.4,0,,0.0
U102966,2024-10-23,Search,Alberta,Plus,4.49,1,1,14.5,0,,222.51
U101966,2025-10-10,Connected TV,Alberta,Free,6.24,1,1,2.77,0,,0.0
U102560,2025-02-21,Display,Ontario,Free,2.19,0,1,10.47,0,,0.0
U101540,2024-07-21,Video,Atlantic,Free,3.24,1,1,17.63,1,2025-08-24,0.0
U101322,2025-05-05,Connected TV,Alberta,Free,9.4,1,1,8.03,1,2025-05-14,0.0
U101612,2025-01-16,Native,Alberta,Free,7.85,1,1,11.67,0,,0.0
U100733,2024-12-03,Display,Ontario,Plus,1.55,1,1,13.13,0,,204.13
U100603,2025-06-16,Connected TV,Ontario,Premium,8.72,0,1,6.63,0,,300.71
U100982,2025-06-13,Connected TV,Ontario,Free,3.73,0,1,6.73,0,,0.0
U102695,2025-04-28,Organic,Quebec,Plus,4.95,0,1,8.27,0,,73.57
U102844,2025-06-08,Organic,British Columbia,Free,10.37,0,1,6.9,0,,0.0
U100406,2025-08-24,Display,Alberta,Free,2.59,1,1,4.33,1,2025-11-06,0.0
U101571,2025-08-31,Display,Ontario,Free,3.1,1,1,4.1,0,,0.0
U102386,2025-02-25,Display,Alberta,Premium,31.84,1,1,10.33,0,,330.23
U101738,2025-05-19,Display,British Columbia,Free,1.43,1,1,7.57,0,,0.0
U102293,2024-07-06,Search,Alberta,Free,11.69,0,0,18.13,0,,0.0
U102002,2025-04-07,Referral,Ontario,Premium,6.77,1,1,8.97,0,,330.45
U101620,2024-06-24,Search,Ontario,Plus,1.14,1,0,18.53,0,,239.03
U102587,2025-04-10,Search,Atlantic,Free,0.96,1,1,8.87,1,2025-11-25,0.0
U100509,2025-09-12,Search,Quebec,Plus,2.97,0,0,3.7,1,2025-11-06,22.63
U102986,2024-10-09,Native,Ontario,Free,9.0,1,1,14.97,0,,0.0
U102071,2025-04-15,Video,Quebec,Plus,4.48,0,0,8.7,1,2025-11-17,76.33
U101871,2025-07-29,Display,Ontario,Plus,3.78,1,0,5.2,1,2025-09-13,14.52
U100591,2025-11-21,Search,British Columbia,Free,8.73,1,1,1.37,0,,0.0
U101169,2024-08-27,Video,Atlantic,Free,2.68,1,0,16.4,0,,0.0
U100613,2025-04-04,Organic,Quebec,Free,8.59,1,1,9.07,0,,0.0
U100887,2025-07-28,Video,Ontario,Premium,3.62,0,0,5.23,0,,98.94
U101851,2025-09-17,Organic,Quebec,Premium,2.91,0,1,3.53,0,,125.83
U102649,2025-02-07,Search,Ontario,Premium,5.09,1,0,10.93,0,,298.44
U100963,2025-04-20,Display,Quebec,Free,9.83,0,1,8.53,1,2025-05-04,0.0
U100849,2024-10-31,Display,British Columbia,Plus,5.24,0,1,14.23,0,,145.14
U102605,2024-09-03,Organic,Alberta,Free,9.86,1,1,16.17,0,,0.0
U102740,2025-07-28,Referral,Ontario,Free,6.01,1,1,5.23,1,2025-10-30,0.0
U100764,2025-05-14,Search,Ontario,Free,2.1,0,1,7.73,0,,0.0
U101286,2024-11-30,Search,Quebec,Plus,5.21,1,0,13.23,0,,138.85
U101781,2025-10-31,Organic,Ontario,Premium,9.02,1,0,2.07,0,,46.94
U102542,2025-05-27,Search,British Columbia,Free,13.38,1,1,7.3,0,,0.0
U100985,2024-07-08,Display,Alberta,Plus,4.86,1,1,18.07,0,,218.53
U100190,2024-07-13,Connected TV,Alberta,Premium,4.42,1,0,17.9,0,,498.26
U100215,2024-09-23,Referral,Ontario,Plus,18.57,1,0,15.5,0,,157.15
U102563,2025-07-11,Search,Quebec,Premium,11.98,1,1,5.8,0,,159.84
U102894,2025-08-29,Connected TV,Ontario,Free,1.86,1,1,4.17,0,,0.0
U100830,2025-08-13,Display,Ontario,Premium,8.2,0,1,4.7,0,,130.31
U101746,2025-07-15,Organic,Ontario,Plus,3.66,1,0,5.67,0,,95.85
U100528,2024-09-16,Connected TV,Quebec,Plus,4.32,0,1,15.73,0,,255.24
U102746,2025-06-23,Search,Alberta,Free,9.1,1,0,6.4,1,2025-08-13,0.0
U101274,2025-10-03,Video,Ontario,Premium,6.18,1,0,3.0,0,,102.38
U101751,2025-10-13,Organic,Ontario,Plus,8.13,1,1,2.67,0,,18.7
U102067,2025-08-29,Display,Quebec,Plus,6.87,1,1,4.17,0,,45.77
U100446,2024-06-20,Referral,Ontario,Plus,3.88,1,1,18.67,1,2025-06-26,102.46
U102125,2025-06-12,Video,Ontario,Free,7.6,1,0,6.77,0,,0.0
U102484,2025-07-28,Video,Atlantic,Free,3.81,1,1,5.23,1,2025-10-18,0.0
U100022,2025-09-04,Video,Alberta,Plus,7.41,1,0,3.97,0,,40.12
U100682,2025-10-03,Native,Atlantic,Free,9.22,1,1,3.0,0,,0.0
U102671,2024-09-22,Display,Ontario,Free,1.37,0,0,15.53,0,,0.0
U101730,2025-06-07,Organic,Atlantic,Plus,4.53,1,1,6.93,0,,77.33
U101309,2025-08-14,Search,British Columbia,Premium,8.0,1,0,4.67,0,,154.03
U101018,2024-10-14,Search,Quebec,Free,2.01,0,1,14.8,0,,0.0
U102645,2024-11-09,Search,Quebec,Plus,0.66,0,0,13.93,0,,128.24
U102928,2025-09-17,Video,Alberta,Premium,1.91,1,1,3.53,0,,113.43
U101917,2024-08-14,Search,Atlantic,Plus,11.3,1,1,16.83,0,,173.41
U102320,2025-04-17,Organic,British Columbia,Plus,5.5,0,0,8.63,0,,150.35
U102717,2025-10-01,Search,Alberta,Free,3.54,1,1,3.07,0,,0.0
U101085,2025-11-08,Referral,Ontario,Plus,8.96,1,0,1.8,0,,14.5
U100079,2024-10-21,Search,Ontario,Free,3.12,0,1,14.57,1,2025-04-20,0.0
U100543,2025-01-19,Native,Alberta,Plus,1.76,1,1,11.57,0,,134.25
U101283,2025-01-09,Organic,Ontario,Plus,2.3,1,0,11.9,0,,126.95
U102606,2025-04-21,Connected TV,Quebec,Premium,12.28,1,0,8.5,0,,220.68
U100040,2025-09-12,Referral,Atlantic,Free,18.87,1,0,3.7,1,2025-10-04,0.0
U101739,2025-01-12,Organic,Atlantic,Free,4.25,0,1,11.8,0,,0.0
U100923,2025-09-26,Organic,Atlantic,Free,0.99,1,1,3.23,0,,0.0
U101518,2025-05-10,Organic,Ontario,Premium,27.14,0,1,7.87,0,,221.71
U100131,2025-05-18,Connected TV,British Columbia,Plus,4.34,1,0,7.6,0,,120.53
U100369,2025-03-12,Native,Ontario,Free,10.0,1,0,9.83,0,,0.0
U100400,2024-12-31,Display,Ontario,Premium,2.75,1,0,12.2,0,,333.01
U102060,2024-07-24,Search,British Columbia,Free,0.52,0,0,17.53,1,2024-12-08,0.0
U101508,2024-08-15,Display,British Columbia,Free,2.51,1,1,16.8,0,,0.0
U102775,2025-08-07,Organic,Alberta,Plus,36.73,1,1,4.9,0,,60.45
U100154,2025-03-01,Organic,Quebec,Free,16.58,0,0,10.2,0,,0.0
U100702,2025-06-04,Display,Quebec,Premium,8.09,0,1,7.03,0,,286.53
U101968,2025-06-05,Connected TV,Quebec,Plus,5.09,1,1,7.0,0,,73.77
U102335,2025-02-23,Display,Ontario,Plus,7.32,1,0,10.4,1,2025-09-09,101.33
U102158,2025-05-30,Search,Atlantic,Plus,3.01,0,1,7.2,0,,103.64
U102139,2025-10-30,Organic,British Columbia,Free,7.7,1,1,2.1,1,2025-11-21,0.0
U102219,2024-09-30,Display,Ontario,Free,1.6,1,0,15.27,0,,0.0
U100310,2024-06-10,Display,Quebec,Free,4.53,1,0,19.0,0,,0.0
U101437,2025-01-01,Search,Ontario,Free,3.87,1,0,12.17,0,,0.0
U102172,2025-06-09,Search,Ontario,Free,3.08,0,1,6.87,0,,0.0
U101182,2024-07-28,Referral,Ontario,Free,9.12,1,0,17.4,0,,0.0
U102680,2025-02-17,Search,Ontario,Premium,3.0,1,1,10.6,0,,433.03
U102711,2025-09-07,Connected TV,British Columbia,Free,6.29,0,0,3.87,0,,0.0
U102472,2025-06-10,Organic,Quebec,Free,5.27,1,1,6.83,0,,0.0
U102962,2025-07-04,Search,Quebec,Free,13.3,1,1,6.03,0,,0.0
U101129,2025-05-27,Connected TV,Ontario,Plus,2.26,1,1,7.3,0,,69.41
U101589,2025-07-05,Display,British Columbia,Premium,10.58,1,0,6.0,0,,186.89
U102540,2025-11-13,Display,Quebec,Free,1.53,1,1,1.63,1,2025-12-14,0.0
U100504,2024-11-28,Organic,British Columbia,Free,28.96,1,1,13.3,0,,0.0
U100835,2025-01-29,Display,Ontario,Premium,3.6,1,0,11.23,0,,347.34
U102157,2024-08-13,Organic,Atlantic,Free,12.61,1,1,16.87,0,,0.0
U100291,2024-10-22,Organic,British Columbia,Free,6.57,0,1,14.53,1,2025-04-20,0.0
U101384,2024-08-12,Video,Ontario,Free,3.64,1,1,16.9,0,,0.0
U102861,2025-11-05,Referral,Ontario,Plus,7.03,1,0,1.9,0,,33.49
U102577,2024-11-28,Connected TV,Alberta,Free,12.8,1,0,13.3,0,,0.0
U100145,2025-05-01,Organic,Ontario,Free,5.54,1,0,8.17,0,,0.0
U101246,2025-04-22,Referral,Ontario,Free,10.72,0,0,8.47,1,2025-12-14,0.0
U100917,2025-03-16,Organic,Ontario,Free,3.71,0,1,9.7,1,2025-10-21,0.0
U100144,2025-10-08,Connected TV,British Columbia,Plus,4.14,1,0,2.83,0,,28.85
U101600,2025-08-25,Display,Ontario,PREMIUM,8.25,1,1,4.3,0,,157.58
U101374,2024-10-02,Organic,Ontario,Plus,15.93,1,1,15.2,0,,184.02
U101419,2025-06-19,Organic,Ontario,Plus,6.83,0,0,6.53,0,,54.79
U100631,2025-06-28,Video,Alberta,Free,4.48,0,1,6.23,1,2025-10-26,0.0
U100719,2024-06-22,Display,Quebec,Free,9.01,0,1,18.6,0,,0.0
U100285,2025-09-01,Organic,Ontario,Plus,2.17,1,1,4.07,0,,37.94
U102661,2024-09-21,Organic,Ontario,Free,7.95,1,1,15.57,0,,0.0
U102365,2025-01-19,Referral,Ontario,Plus,2.83,0,0,11.57,1,2025-05-11,41.27
U102545,2024-11-13,Native,Ontario,Premium,5.48,1,0,13.8,0,,437.33
U100819,2025-03-06,Search,British Columbia,Free,4.83,0,0,10.03,1,2025-09-24,0.0
U100854,2025-01-26,Display,Alberta,Plus,3.08,1,1,11.33,0,,113.65
U100440,2025-07-27,Connected TV,Quebec,Plus,3.4,1,1,5.27,0,,71.66
U101263,2025-02-13,Organic,Alberta,Plus,18.44,0,0,10.73,0,,137.43
U101351,2025-04-18,Search,Atlantic,Plus,2.55,1,0,8.6,0,,87.76
U100814,2024-07-25,Referral,Quebec,Plus,8.99,0,1,17.5,0,,144.59
U100822,2025-04-11,Organic,Quebec,Plus,2.36,1,1,8.83,0,,105.68
U102586,2024-08-29,Video,Ontario,Plus,0.66,0,0,16.33,0,,159.49
U100889,2024-11-24,Display,Quebec,Free,9.98,0,0,13.43,0,,0.0
U101780,2025-11-26,Organic,Ontario,Plus,0.2,1,0,1.2,1,2025-12-14,7.41
U100765,2024-08-16,Organic,Quebec,Free,15.29,0,0,16.77,0,,0.0
U100319,2024-09-29,Native,Ontario,Plus,5.83,1,1,15.3,0,,134.21
U101251,2024-07-01,Search,British Columbia,Premium,6.98,1,1,18.3,0,,355.73
U100502,2024-10-05,Referral,Ontario,Plus,11.67,0,1,15.1,0,,133.06
U100056,2024-08-08,Native,Atlantic,Free,5.26,1,0,17.03,0,,0.0
U102372,2025-05-12,Referral,Ontario,Free,6.36,1,0,7.8,0,,0.0
U102788,2025-07-27,Search,Quebec,Plus,6.74,1,0,5.27,0,,98.1
U101408,2025-01-23,Video,Quebec,Premium,2.16,0,0,11.43,1,2025-06-15,159.66
U102327,2025-11-12,Search,Ontario,Plus,19.61,0,0,1.67,0,,15.25
U101503,2025-02-02,Organic,Ontario,Plus,2.42,1,1,11.1,0,,137.7
U102470,2025-02-05,Display,Ontario,Free,4.86,1,1,11.0,0,,0.0
U100586,2025-07-08,Referral,Ontario,Free,11.22,0,1,5.9,0,,0.0
U100825,2025-11-03,Display,British Columbia,Plus,12.57,1,1,1.97,0,,26.62
U100488,2025-03-29,Organic,Ontario,Free,12.87,1,0,9.27,0,,0.0
U101962,2024-07-25,Connected TV,Ontario,Free,2.36,0,1,17.5,1,2025-08-30,0.0
U101880,2024-12-19,Organic,Quebec,Free,4.89,1,0,12.6,0,,0.0
U100704,2024-10-16,Display,Ontario,Free,1.68,0,1,14.73,0,,0.0
U101022,2024-08-11,Search,Ontario,Plus,9.94,0,0,16.93,0,,196.49
U102765,2024-08-13,Search,British Columbia,Free,2.01,1,1,16.87,0,,0.0
U101664,2024-07-04,Search,Ontario,Free,9.1,1,0,18.2,0,,0.0
U102056,2025-01-13,Search,Atlantic,Free,7.29,1,1,11.77,0,,0.0
U101623,2025-03-08,Organic,Alberta,Free,8.21,1,1,9.97,0,,0.0
U100832,2024-09-22,Search,Ontario,Premium,7.66,1,0,15.53,0,,609.3
U100937,2024-11-06,Referral,Ontario,Plus,12.27,1,0,14.03,0,,256.72
U101202,2024-11-22,Display,British Columbia,Plus,4.04,1,1,13.5,1,2025-04-28,88.39
U101858,2024-09-17,Video,Atlantic,Plus,10.4,0,0,15.7,1,2025-05-11,80.77
U101555,2025-11-04,Video,Ontario,Free,3.21,0,0,1.93,1,2025-12-26,0.0
U102474,2024-08-20,Referral,Alberta,Free,13.76,1,0,16.63,0,,0.0
U100139,2025-07-21,Connected TV,Ontario,Free,11.0,1,1,5.47,0,,0.0
U101779,2025-04-10,Search,Alberta,Free,24.67,1,1,8.87,0,,0.0
U101344,2025-01-26,Video,British Columbia,Plus,4.9,1,1,11.33,1,2025-05-08,40.93
U102283,2024-11-11,Video,Atlantic,Free,5.23,1,0,13.87,0,,0.0
U102209,2025-04-10,Video,Ontario,Free,4.11,1,1,8.87,0,,0.0
U102368,2025-06-13,Search,Quebec,Premium,4.87,1,0,6.73,0,,182.89
U100332,2024-08-06,Search,Alberta,Free,8.55,0,1,17.1,0,,0.0
U101525,2025-07-11,Referral,Ontario,Plus,2.3,1,0,5.8,0,,81.23
U101985,2025-10-20,Display,Quebec,Plus,6.25,1,0,2.43,1,2025-12-01,17.96
U100404,2025-08-25,Organic,Quebec,FREE,17.44,1,0,4.3,0,,0.0
U102315,2025-05-13,Connected TV,Ontario,Plus,9.55,0,1,7.77,0,,67.37
U100359,2024-11-08,Search,Ontario,Free,9.27,0,0,13.97,0,,0.0
U101319,2025-04-06,Referral,Ontario,PLUS,7.1,1,1,9.0,1,2025-10-02,101.04
U100809,2024-10-24,Organic,Atlantic,Free,22.41,1,1,14.47,0,,0.0
U102994,2024-08-03,Referral,Atlantic,Free,4.44,1,1,17.2,0,,0.0
U102504,2024-09-22,Organic,Ontario,Free,13.91,1,0,15.53,0,,0.0
U101191,2025-07-27,Search,Quebec,Premium,10.31,1,1,5.27,0,,73.47
U100716,2025-01-30,Organic,Ontario,Free,2.11,1,1,11.2,1,2025-06-01,0.0
U101415,2024-11-06,Display,Quebec,Free,7.71,0,1,14.03,0,,0.0
U102404,2025-03-19,Video,Ontario,Free,6.3,0,1,9.6,0,,0.0
U101760,2025-10-04,Search,Ontario,Plus,9.03,0,0,2.97,0,,37.14
U100251,2024-12-11,Search,Atlantic,Plus,4.97,1,1,12.87,0,,159.01
U102925,2024-11-25,Referral,Ontario,Premium,13.33,1,1,13.4,1,2024-12-26,30.98
U102932,2024-09-18,Referral,Ontario,Free,22.03,0,1,15.67,1,2025-04-08,0.0
U101704,2025-06-02,Organic,Ontario,Premium,20.15,1,0,7.1,0,,191.16
U101718,2025-10-18,Display,Ontario,Free,4.78,1,1,2.5,0,,0.0
U100669,2024-11-12,Search,Ontario,Free,3.77,1,1,13.83,0,,0.0
U102956,2024-07-29,Video,Atlantic,Premium,13.45,1,1,17.37,0,,600.58
U101722,2024-06-08,Search,Ontario,Free,4.46,1,0,19.07,0,,0.0
U101838,2025-06-15,Organic,Atlantic,Free,18.95,1,1,6.67,0,,0.0
U100679,2024-08-10,Search,Alberta,Free,3.37,1,0,16.97,1,2025-10-15,0.0
U100015,2024-12-24,Display,Ontario,Premium,1.06,1,1,12.43,0,,453.47
U101235,2025-11-04,Search,Alberta,Plus,2.59,1,0,1.93,0,,23.48
U101171,2025-08-03,Organic,Ontario,Plus,2.31,1,0,5.03,0,,58.36
U102200,2024-06-16,Display,Alberta,Plus,1.32,1,0,18.8,0,,187.31
U102287,2024-10-15,Video,Ontario,Free,3.64,0,0,14.77,1,2025-07-02,0.0
U102813,2025-08-09,Organic,British Columbia,Plus,1.66,1,1,4.83,0,,41.56
U102144,2025-05-27,Connected TV,British Columbia,Free,1.82,1,1,7.3,0,,0.0
U101789,2025-02-18,Display,Quebec,Free,2.39,1,1,10.57,1,2025-07-26,0.0
U100738,2025-11-18,Search,Ontario,Premium,11.42,1,1,1.47,1,2025-12-08,24.57
U101186,2024-06-16,Video,Ontario,Free,4.65,1,1,18.8,0,,0.0
U100986,2025-04-23,Organic,British Columbia,Plus,3.02,1,1,8.43,0,,91.84
U102212,2025-03-26,Display,Ontario,Premium,8.28,1,1,9.37,0,,237.88
U102066,2024-07-31,Display,Atlantic,Plus,9.25,1,0,17.3,1,2025-05-12,103.67
U100882,2025-10-25,Referral,British Columbia,Free,8.76,0,0,2.27,0,,0.0
U102503,2025-09-04,Search,Alberta,Free,1.95,1,1,3.97,1,2025-10-07,0.0
U102376,2025-03-20,Video,Ontario,Free,4.45,1,1,9.57,0,,0.0
U101887,2024-11-17,Native,Ontario,Free,2.79,1,1,13.67,0,,0.0
U100646,2024-07-30,Connected TV,Atlantic,Free,2.35,1,0,17.33,0,,0.0
U101345,2024-11-04,Display,Ontario,Free,0.16,1,1,14.1,0,,0.0
U100204,2025-10-07,Search,Atlantic,Free,3.7,1,1,2.87,0,,0.0
U101310,2024-09-27,Search,Ontario,Free,5.93,1,0,15.37,1,2025-01-20,0.0
U100559,2025-06-24,Native,Quebec,Premium,6.84,1,1,6.37,0,,238.33
U101050,2025-02-03,Referral,Ontario,Free,2.48,1,0,11.07,0,,0.0
U100342,2025-04-06,Search,British Columbia,Plus,4.81,1,1,9.0,1,2025-08-24,72.5
U100745,2025-01-24,Display,Alberta,Free,2.78,1,1,11.4,1,2025-12-08,0.0
U100519,2024-08-23,Display,Quebec,Free,3.04,0,1,16.53,0,,0.0
U101183,2024-12-08,Connected TV,Ontario,Premium,4.45,1,1,12.97,0,,663.07
U100283,2025-09-28,Referral,Ontario,Free,1.31,0,1,3.17,0,,0.0
U102314,2024-08-18,Referral,Quebec,Free,2.19,1,0,16.7,0,,0.0
U102931,2024-12-13,Organic,Ontario,Plus,8.68,0,0,12.8,0,,151.37
U100177,2025-09-18,Referral,British Columbia,Free,5.83,1,1,3.5,0,,0.0
U102411,2025-03-25,Display,Ontario,Plus,6.98,0,1,9.4,0,,100.56
U100313,2025-05-06,Organic,Ontario,Free,3.88,1,0,8.0,0,,0.0
U102269,2025-02-04,Native,Quebec,Free,4.69,0,0,11.03,1,2025-08-20,0.0
U102174,2025-07-21,Search,Ontario,Free,1.57,1,0,5.47,1,2025-11-23,0.0
U100850,2024-10-05,Connected TV,Atlantic,Plus,3.31,1,0,15.1,1,2025-01-26,34.44
U100566,2025-01-12,Search,Quebec,Free,2.88,0,0,11.8,0,,0.0
U102345,2024-09-25,Organic,Atlantic,Free,7.33,1,1,15.43,1,2025-02-06,0.0
U101326,2024-06-16,Organic,Atlantic,Plus,7.74,0,0,18.8,0,,186.4
U100607,2024-07-29,Display,Ontario,Free,1.72,1,0,17.37,0,,0.0
U102719,2025-05-23,Organic,Atlantic,Plus,4.23,1,1,7.43,0,,83.56
U101379,2024-12-04,Display,Alberta,Free,3.07,1,0,13.1,0,,0.0
U102286,2025-11-20,Search,Ontario,Plus,7.38,1,1,1.4,0,,11.92
U101822,2025-03-20,Native,Alberta,Plus,1.39,1,0,9.57,0,,145.92
U102295,2024-09-20,Organic,Alberta,Free,5.45,1,1,15.6,0,,0.0
U100721,2024-08-14,Referral,Ontario,Free,4.28,1,0,16.83,0,,0.0
U101771,2025-07-28,Display,Alberta,Free,0.66,1,1,5.23,0,,0.0
U102126,2025-06-09,Search,British Columbia,Free,0.88,0,1,6.87,0,,0.0
U102820,2024-09-13,Search,Alberta,Free,10.58,1,1,15.83,0,,0.0
U102132,2024-12-03,Video,Ontario,Free,7.39,1,1,13.13,1,2025-05-18,0.0
U102352,2024-08-27,Video,Alberta,Plus,7.42,1,0,16.4,0,,182.39
U102357,2025-10-06,Organic,British Columbia,Plus,20.55,0,1,2.9,0,,49.93
U102362,2025-01-15,Video,,Premium,,1,0,11.7,1,2025-11-05,
U100128,2024-10-04,Connected TV,Alberta,Free,12.23,1,0,15.13,1,2025-12-16,0.0
U100775,2025-02-02,Connected TV,Atlantic,Plus,9.09,1,1,11.1,0,,121.26
U100831,2024-09-13,Organic,Atlantic,Plus,8.34,1,0,15.83,0,,239.43
U100093,2025-03-24,Video,Quebec,Free,2.03,1,1,9.43,0,,0.0
U101454,2024-08-07,Display,Quebec,Free,1.45,0,0,17.07,1,2024-09-21,0.0
U101586,2024-10-07,Referral,Ontario,Free,0.98,1,1,15.03,0,,0.0
U101573,2025-07-06,Native,Atlantic,Premium,9.22,1,0,5.97,0,,279.25
U100634,2025-08-21,Display,Alberta,PLUS,9.77,1,1,4.43,1,2025-12-03,37.57
U102418,2025-11-17,Organic,Ontario,Free,14.5,0,0,1.5,0,,0.0
U101113,2025-05-18,Search,Quebec,Plus,1.14,0,1,7.6,0,,94.6
U100241,2024-10-31,Display,Quebec,Free,6.29,0,0,14.23,0,,0.0
U102019,2025-05-18,Display,Quebec,Free,11.59,0,0,7.6,0,,0.0
U101731,2025-10-15,Organic,Alberta,Free,4.66,1,0,2.6,1,2025-12-12,0.0
U101860,2024-10-22,Display,Ontario,Free,6.56,1,0,14.53,0,,0.0
U102076,2025-03-01,Connected TV,Quebec,Free,5.12,1,0,10.2,0,,0.0
U101545,2024-08-03,Search,Ontario,Plus,6.04,1,0,17.2,0,,247.24
U102471,2024-09-19,Connected TV,Quebec,Free,7.02,1,0,15.63,0,,0.0
U101717,2025-03-06,Video,Ontario,Free,4.6,1,0,10.03,0,,0.0
U101776,2025-03-19,Search,Ontario,Plus,1.5,1,0,9.6,1,2025-09-08,34.44
U100676,2025-09-28,Native,Ontario,Premium,4.16,1,0,3.17,1,2025-11-22,59.45
U100595,2025-08-28,Display,Quebec,Premium,4.66,1,1,4.2,0,,164.06
U102044,2025-07-06,Organic,Ontario,Free,24.59,1,0,5.97,0,,0.0
U101001,2024-12-15,Search,British Columbia,Free,4.53,1,0,12.73,0,,0.0
U102050,2025-05-23,Display,Alberta,Free,0.35,1,0,7.43,0,,0.0
U100149,2024-09-05,Organic,Ontario,Free,7.38,0,1,16.1,0,,0.0
U100968,2024-08-20,Display,Quebec,Plus,20.96,0,1,16.63,0,,217.66
U102933,2025-07-03,Video,Quebec,Free,7.05,1,1,6.07,0,,0.0
U102413,2025-08-28,Referral,British Columbia,Free,1.09,1,1,4.2,0,,0.0
U102965,2025-02-13,Search,Quebec,Plus,9.65,1,0,10.73,0,,134.62
U100073,2025-03-28,Video,Alberta,Free,3.06,1,0,9.3,1,2025-06-08,0.0
U102070,2025-10-19,Display,Quebec,Free,0.81,1,1,2.47,0,,0.0
U100935,2025-04-29,Video,Quebec,Free,5.15,0,1,8.23,0,,0.0
U100036,2024-10-21,Organic,Ontario,Free,1.78,0,0,14.57,1,2025-03-14,0.0
U102722,2024-08-12,Search,Ontario,Free,1.33,1,1,16.9,1,2025-11-21,0.0
U100298,2025-08-17,Display,Ontario,Plus,9.49,1,0,4.57,1,2025-10-23,28.81
U102205,2025-08-10,Display,Alberta,Plus,23.57,1,0,4.8,0,,60.19
U100255,2024-11-21,Connected TV,Quebec,Premium,4.93,0,0,13.53,0,,698.24
U102280,2025-01-01,Display,Alberta,Free,10.05,1,1,12.17,1,2025-07-14,0.0
U102042,2025-06-17,Connected TV,Ontario,Premium,11.59,1,1,6.6,0,,197.55
U101102,2025-02-18,Search,Alberta,Plus,6.79,0,0,10.57,0,,117.95
U102762,2025-03-21,Display,Quebec,Premium,8.94,1,1,9.53,0,,218.9
U100206,2025-11-06,Search,Ontario,Premium,2.56,0,0,1.87,0,,52.94
U100731,2025-04-26,Video,Quebec,Plus,7.21,0,1,8.33,0,,67.07
U102579,2025-04-13,Organic,Alberta,Premium,9.32,0,0,8.77,0,,360.16
U100763,2025-08-03,Search,Alberta,Free,2.17,1,1,5.03,0,,0.0
U101043,2025-09-18,Organic,Ontario,Free,11.14,0,1,3.5,0,,0.0
U102985,2024-08-17,Display,Alberta,Free,12.68,1,1,16.73,0,,0.0
U101323,2025-11-25,Organic,Atlantic,Premium,3.47,0,1,1.23,0,,40.77
U100155,2024-07-24,Native,Quebec,Plus,5.32,1,1,17.53,1,2025-04-30,107.06
U102010,2025-11-06,Search,Alberta,Premium,25.36,0,1,1.87,0,,44.18
U102816,2024-07-01,Native,Atlantic,Premium,3.93,1,0,18.3,0,,600.55
U101570,2025-11-22,Native,Ontario,Free,8.95,1,1,1.33,1,2025-11-28,0.0
U100577,2024-08-27,Video,Alberta,Free,7.14,1,1,16.4,0,,0.0
U101692,2024-12-01,Organic,Alberta,Plus,50.76,0,0,13.2,0,,172.85
U101403,2025-10-19,Connected TV,Quebec,Free,10.93,0,1,2.47,1,2025-10-27,0.0
U100866,2025-06-25,Connected TV,Quebec,Free,12.55,1,1,6.33,0,,0.0
U101416,2024-09-21,Display,Ontario,Free,2.46,1,0,15.57,0,,0.0
U100796,2025-05-06,Display,Ontario,Premium,12.13,1,1,8.0,0,,251.01
U101434,2025-06-18,Native,Alberta,Free,3.99,0,0,6.57,0,,0.0
U100123,2024-12-21,Organic,Quebec,Plus,1.75,1,0,12.53,0,,105.29
U102744,2024-12-01,Display,,Free,,1,0,13.2,0,,0.0
U100351,2025-02-09,Display,Ontario,Premium,1.86,1,1,10.87,0,,379.75
U101867,2024-11-27,Display,British Columbia,Plus,12.3,1,0,13.33,0,,121.31
U100516,2025-05-09,Display,British Columbia,Plus,13.07,0,0,7.9,1,2025-08-01,24.7
U101488,2025-09-01,Display,Ontario,Free,1.98,1,0,4.07,0,,0.0
U101825,2024-06-15,Video,Quebec,Free,4.19,0,1,18.83,0,,0.0
U101847,2024-09-06,Video,Ontario,Premium,3.37,1,0,16.07,0,,632.24
U101100,2025-04-08,Display,Alberta,Plus,1.32,0,1,8.93,1,2025-10-18,82.43
U101785,2024-12-28,Display,Ontario,Free,3.6,1,0,12.3,1,2025-06-07,0.0
U101083,2024-06-10,Video,British Columbia,Free,10.74,1,1,19.0,0,,0.0
U100952,2025-03-07,Display,Ontario,Free,12.17,1,0,10.0,0,,0.0
U101494,2024-11-19,Search,Alberta,Plus,2.78,1,1,13.6,0,,214.44
U100611,2025-03-06,Search,Ontario,Free,6.4,1,1,10.03,1,2025-08-26,0.0
U101716,2025-11-02,Display,Ontario,Free,4.04,1,0,2.0,1,2025-12-10,0.0
U101352,2025-11-13,Connected TV,Quebec,Premium,5.47,0,0,1.63,0,,73.92
U101072,2025-05-10,Search,Ontario,Free,5.57,1,1,7.87,0,,0.0
U102041,2025-10-21,Search,Ontario,Premium,7.86,1,1,2.4,0,,64.37
U100998,2025-02-13,Display,Atlantic,Plus,4.85,0,1,10.73,0,,107.08
U102952,2024-12-15,Search,Alberta,Free,8.54,1,0,12.73,1,2025-03-05,0.0
U101588,2025-02-04,Connected TV,British Columbia,Free,7.51,0,1,11.03,0,,0.0
U100820,2025-03-18,Referral,Quebec,Plus,5.93,0,1,9.63,0,,143.31
U100394,2024-10-18,Native,British Columbia,Free,2.26,1,1,14.67,1,2025-10-14,0.0
U101824,2024-12-03,Organic,Ontario,Free,11.73,1,1,13.13,0,,0.0
U101955,2025-01-14,Native,British Columbia,Free,10.57,1,0,11.73,0,,0.0
U102608,2025-03-24,Display,Ontario,Premium,3.48,1,1,9.43,0,,415.37
U100375,2025-04-29,Organic,Ontario,Plus,3.33,1,1,8.23,0,,125.44
U101363,2025-05-23,Display,Atlantic,Plus,8.93,1,1,7.43,0,,101.59
U102536,2024-07-29,Connected TV,Alberta,Plus,2.59,0,0,17.37,0,,363.65
U100012,2025-04-27,Connected TV,Ontario,Premium,16.92,0,0,8.3,0,,357.65
U100865,2025-03-24,Native,Alberta,Free,10.07,0,1,9.43,0,,0.0
U100387,2024-10-21,Connected TV,Quebec,Free,1.32,0,0,14.57,1,2025-05-10,0.0
U102020,2025-06-08,Video,Alberta,Free,4.19,0,0,6.9,1,2025-08-17,0.0
U102187,2024-12-01,Search,Quebec,Premium,5.37,1,1,13.2,0,,470.81
U102971,2024-11-21,Connected TV,Ontario,Premium,4.1,0,0,13.53,0,,293.68
U102612,2025-07-12,Search,Ontario,Plus,11.32,0,1,5.77,0,,81.49
U100485,2025-02-20,Organic,Atlantic,Free,7.5,1,1,10.5,0,,0.0
U101680,2024-10-23,Organic,British Columbia,Free,16.93,1,1,14.5,0,,0.0
U102226,2025-02-20,Organic,Ontario,Free,7.28,1,0,10.5,0,,0.0
U102436,2024-10-05,Display,Quebec,Plus,4.14,0,1,15.1,0,,194.28
U100334,2024-09-20,Search,Ontario,Free,5.2,0,1,15.6,0,,0.0
U100604,2025-02-04,Search,Alberta,Premium,1.22,1,1,11.03,0,,371.35
U102510,2025-01-12,Native,Quebec,Plus,20.23,1,1,11.8,0,,143.17
U101465,2025-11-03,Native,Atlantic,Plus,2.51,1,0,1.97,0,,28.78
U100330,2025-02-10,Organic,Alberta,Plus,19.26,0,1,10.83,0,,130.13
U102109,2025-09-16,Search,Alberta,Free,2.0,0,1,3.57,0,,0.0
U100323,2025-09-25,Display,Atlantic,Plus,12.73,1,1,3.27,0,,30.36
U102573,2024-12-13,Organic,Ontario,Plus,5.1,1,0,12.8,0,,156.24
U101301,2024-08-25,Organic,British Columbia,Plus,8.95,0,0,16.47,0,,195.91
U100639,2025-03-30,Video,Quebec,Premium,8.38,1,0,9.23,1,2025-07-31,143.12
U101705,2025-01-20,Organic,Alberta,Free,1.48,1,0,11.53,1,2025-04-20,0.0
U101359,2025-09-22,Connected TV,Ontario,Premium,9.54,1,0,3.37,0,,99.22
U102829,2025-10-08,Referral,Atlantic,Free,9.68,0,1,2.83,1,2025-12-19,0.0
U102405,2025-02-21,Native,Ontario,Free,6.2,0,1,10.47,0,,0.0
U102385,2024-10-20,Organic,Quebec,Premium,43.58,1,0,14.6,0,,535.53
U102253,2025-11-10,Organic,Quebec,Free,21.83,0,1,1.73,0,,0.0
U100587,2025-09-01,Video,Ontario,Premium,14.24,0,1,4.07,0,,157.6
U101601,2024-11-02,Referral,Quebec,Free,16.71,0,1,14.17,0,,0.0
U100915,2024-11-10,Referral,British Columbia,Free,3.54,0,1,13.9,0,,0.0
U102078,2025-08-30,Search,British Columbia,Premium,5.95,1,1,4.13,0,,125.28
U102093,2024-09-22,Search,Ontario,Free,2.86,0,0,15.53,0,,0.0
U101930,2024-09-04,Display,British Columbia,Free,5.85,0,1,16.13,0,,0.0
U102751,2025-01-13,Video,Ontario,Plus,4.6,1,1,11.77,0,,161.52
U102152,2025-09-08,Display,Ontario,Free,2.66,0,1,3.83,1,2025-10-10,0.0
U100327,2025-02-18,Display,Quebec,Premium,6.33,1,1,10.57,0,,329.65
U100257,2025-03-10,Organic,Ontario,Plus,15.02,1,0,9.9,1,2025-05-23,38.67
U102034,2025-05-31,Search,Quebec,Free,4.91,0,1,7.17,0,,0.0
U101835,2025-02-22,Display,Quebec,Free,1.83,1,1,10.43,0,,0.0
U100218,2025-07-22,Search,British Columbia,Plus,4.65,1,0,5.43,1,2025-12-11,60.07
U101013,2024-08-09,Display,Quebec,Plus,2.01,1,0,17.0,1,2025-01-16,54.98
U100027,2025-01-05,Organic,British Columbia,Free,11.04,1,0,12.03,1,2025-11-12,0.0
U101211,2025-08-22,Connected TV,Ontario,Free,9.04,1,1,4.4,0,,0.0
U100777,2024-11-28,Display,Alberta,Plus,5.25,1,0,13.3,0,,216.2
U101920,2025-10-31,Organic,Alberta,Free,3.34,1,1,2.07,0,,0.0
U101014,2025-04-22,Native,Atlantic,Premium,0.83,1,1,8.47,0,,178.55
U101272,2025-06-15,Organic,Ontario,Premium,9.16,0,1,6.67,0,,230.36
U100973,2025-01-01,Display,Atlantic,Free,6.91,1,0,12.17,0,,0.0
U101348,2025-09-20,Display,Ontario,Free,7.28,1,1,3.43,0,,0.0
U101743,2025-01-20,Organic,Ontario,Free,9.66,1,1,11.53,0,,0.0
U100579,2025-10-02,Video,Ontario,Free,1.79,0,1,3.03,0,,0.0
U100231,2025-10-01,Display,Ontario,Free,0.99,0,0,3.07,0,,0.0
U101768,2024-08-10,Search,Ontario,Free,2.37,0,0,16.97,0,,0.0
U102089,2024-09-28,Organic,Atlantic,Premium,5.5,1,0,15.33,0,,543.12
U102149,2025-11-24,Search,Atlantic,Plus,12.63,0,1,1.27,0,,11.98
U101656,2025-02-16,Display,Ontario,Premium,5.17,0,1,10.63,0,,451.43
U102181,2025-08-09,Video,Quebec,Plus,3.37,1,1,4.83,0,,53.23
U100470,2024-08-09,Search,British Columbia,Free,5.24,1,0,17.0,0,,0.0
U101536,2024-09-03,Search,British Columbia,Free,3.2,1,1,16.17,0,,0.0
U100260,2024-09-03,Search,Ontario,Premium,5.46,0,1,16.17,0,,276.82
U102592,2024-07-04,Search,Atlantic,Plus,1.48,0,0,18.2,1,2025-02-04,74.43
U102539,2025-01-17,Video,Ontario,Free,23.3,1,1,11.63,0,,0.0
U100471,2025-03-28,Search,British Columbia,Free,20.49,1,1,9.3,1,2025-06-03,0.0
U101049,2024-11-19,Referral,Ontario,Free,12.09,0,1,13.6,0,,0.0
U101690,2024-11-07,Referral,British Columbia,Plus,5.45,1,1,14.0,0,,171.12
U102621,2024-10-19,Connected TV,Ontario,Plus,9.87,1,0,14.63,0,,163.44
U101232,2025-09-06,Referral,Atlantic,Free,6.47,0,1,3.9,0,,0.0
U101674,2024-07-16,Organic,Alberta,Premium,2.71,0,1,17.8,0,,723.86
U102716,2025-04-12,Native,Quebec,Free,4.66,1,1,8.8,0,,0.0
U100746,2025-03-07,Search,Alberta,Free,10.96,0,1,10.0,0,,0.0
U102375,2024-07-20,Display,Ontario,Free,4.27,1,1,17.67,0,,0.0
U102454,2024-11-11,Connected TV,Quebec,Free,8.42,0,1,13.87,0,,0.0
U101292,2024-09-30,Referral,Ontario,Plus,3.16,1,1,15.27,0,,143.59
U101368,2025-01-08,Search,Alberta,Free,0.77,1,0,11.93,0,,0.0
U102667,2024-07-17,Search,Ontario,Premium,9.31,1,1,17.77,0,,478.77
